/**
 * generated by fontconvert.py
 * name: notosans_10_bold
 * size: 10
 * mode: 2-bit  compressed: true
 * Command used: fontconvert.py notosans_10_bold 10 ../builtinFonts/source/NotoSans/NotoSans-Bold.ttf --2bit --compress --pnum
 */
#pragma once
#include "EpdFontData.h"

static const uint8_t notosans_10_boldBitmaps[21647] = {
    0x9D, 0x57, 0x3F, 0x90, 0xD5, 0xC6, 0x19, 0xFF, 0x24, 0xD9, 0x28, 0x89, 0x26, 0xB3, 0x14, 0x77,
    0x31, 0x73, 0x93, 0x89, 0x5C, 0x50, 0x30, 0x78, 0x82, 0x9A, 0x14, 0x61, 0x86, 0xF7, 0x56, 0x81,
    0xC2, 0x45, 0x0A, 0x53, 0x1C, 0x29, 0x42, 0x41, 0xE3, 0x22, 0x76, 0x43, 0x4B, 0x66, 0xDE, 0x49,
    0x02, 0x8A, 0x14, 0x29, 0xEC, 0x26, 0x15, 0x45, 0x28, 0x52, 0x04, 0xC8, 0xF8, 0x5C, 0xA4, 0x70,
    0x71, 0xEF, 0x69, 0xC3, 0x15, 0x14, 0x14, 0x51, 0xC8, 0xD8, 0x29, 0x52, 0xA0, 0xE0, 0x9C, 0x99,
    0xE1, 0x66, 0xC2, 0x06, 0x84, 0xD1, 0xC1, 0x4A, 0x9B, 0xDF, 0xB7, 0x7A, 0xC7, 0x1D, 0x70, 0xC0,
    0x4C, 0xDE, 0x7E, 0xBB, 0x4F, 0xDA, 0xFD, 0xA4, 0xFD, 0xF6, 0xFB, 0x7E, 0xDF, 0x1F, 0xCD, 0xFA,
    0xD9, 0x6C, 0x3A, 0x9D, 0xAE, 0xAC, 0x4C, 0x88, 0xA6, 0xFD, 0x94, 0xD6, 0xC6, 0xDC, 0x26, 0xA3,
    0xC9, 0xE8, 0xE0, 0x01, 0x3A, 0x76, 0x8C, 0x68, 0x82, 0xFE, 0x05, 0x16, 0xBF, 0x38, 0x47, 0x87,
    0xFB, 0xBE, 0x90, 0xD6, 0xAA, 0x1F, 0x3C, 0x7A, 0x94, 0x7A, 0xFF, 0xD2, 0xE4, 0xDF, 0xD1, 0x54,
    0x5A, 0x9B, 0xE6, 0xE8, 0xC1, 0xBA, 0xA2, 0xF0, 0x86, 0xA2, 0xE8, 0x37, 0x8A, 0xC4, 0xCF, 0x0B,
    0xA2, 0x43, 0x44, 0xC7, 0x28, 0xB4, 0x4D, 0x6C, 0x5B, 0x39, 0xFD, 0x5C, 0x1E, 0x22, 0xD9, 0x52,
    0xDC, 0x61, 0xA6, 0xA2, 0xBC, 0xA5, 0x23, 0x86, 0x0E, 0x99, 0x71, 0x66, 0xA4, 0x6D, 0x12, 0xFB,
    0x29, 0xFD, 0xD4, 0xF1, 0xCF, 0x7F, 0x91, 0xA6, 0x86, 0x12, 0xE3, 0x6B, 0x1A, 0x8D, 0x82, 0x8A,
    0x26, 0xE3, 0x48, 0x61, 0x10, 0x29, 0x86, 0x23, 0x84, 0xB9, 0x49, 0x5E, 0x24, 0x66, 0xCB, 0x56,
    0xE2, 0xD1, 0x83, 0x07, 0x9A, 0x82, 0xAF, 0x21, 0x49, 0xB4, 0x8E, 0x41, 0x9C, 0xC0, 0x90, 0xF8,
    0x98, 0x1B, 0x91, 0xAD, 0x69, 0x8D, 0xF2, 0xE2, 0xD9, 0x3B, 0x3D, 0x5B, 0x60, 0x6B, 0xF0, 0xDC,
    0x6D, 0x49, 0xFC, 0xA5, 0xA5, 0xE8, 0x7A, 0xE3, 0xEE, 0x7D, 0xCC, 0x47, 0xD6, 0x33, 0xB1, 0xBD,
    0xDE, 0xCA, 0xDF, 0x3E, 0xD6, 0xD2, 0xB7, 0xB5, 0x4C, 0x4B, 0x25, 0xBF, 0xB1, 0x2A, 0xB6, 0x56,
    0xFB, 0xF6, 0x96, 0xE1, 0xE7, 0xD7, 0xD6, 0xD6, 0x26, 0x93, 0x83, 0x9E, 0x0E, 0xEA, 0x48, 0x89,
    0x22, 0x4E, 0x13, 0x92, 0x34, 0x7E, 0xD6, 0x24, 0x25, 0x14, 0xA7, 0x42, 0x85, 0x15, 0x84, 0x3E,
    0x39, 0xA2, 0x98, 0x44, 0x11, 0xA9, 0xA0, 0x0E, 0xB4, 0xEF, 0x9A, 0xE7, 0xC6, 0x00, 0x4F, 0x87,
    0x95, 0x50, 0x71, 0x2A, 0x69, 0x01, 0xAF, 0x74, 0x74, 0x8E, 0x8E, 0xFE, 0xFA, 0xCF, 0xB9, 0x6D,
    0x97, 0xEC, 0x1F, 0x7C, 0x4B, 0xE1, 0xED, 0x42, 0xDC, 0x54, 0xFE, 0x71, 0x62, 0x86, 0x63, 0x73,
    0x5A, 0x9C, 0x2E, 0x4B, 0x0B, 0x4D, 0x99, 0x67, 0x33, 0x50, 0xD6, 0xDB, 0xE9, 0x20, 0xC4, 0x08,
    0xD7, 0xB9, 0xCE, 0xF5, 0xC7, 0x97, 0x9D, 0xF9, 0x28, 0x49, 0x31, 0x09, 0x91, 0x08, 0xD7, 0x86,
    0xBC, 0x96, 0x20, 0x51, 0xA0, 0x29, 0xAC, 0x48, 0xC0, 0x30, 0xC5, 0x7C, 0x3D, 0x73, 0x7B, 0x0F,
    0xBF, 0xB0, 0xA7, 0xD8, 0x2A, 0xB9, 0x5A, 0xE7, 0xA1, 0x9E, 0x06, 0xBA, 0x0B, 0x9A, 0xCE, 0x6F,
    0x8C, 0xCF, 0x23, 0xAE, 0xA7, 0x41, 0x93, 0x05, 0x5A, 0xFE, 0xBE, 0x06, 0x4F, 0x68, 0xDD, 0x03,
    0x99, 0xDF, 0x8B, 0x3E, 0xEF, 0x57, 0xB2, 0x85, 0x19, 0xBD, 0xDC, 0x88, 0x75, 0x9A, 0x58, 0x2D,
    0x37, 0x9B, 0xEF, 0xFB, 0xAD, 0x93, 0x00, 0xAA, 0x86, 0xE6, 0x2B, 0x92, 0x05, 0xF5, 0x14, 0x34,
    0xEE, 0xF2, 0xDE, 0x1F, 0x73, 0x6B, 0x40, 0x6C, 0x6F, 0x0B, 0x54, 0xE9, 0xF8, 0x52, 0xF3, 0x16,
    0xF3, 0x37, 0x10, 0x37, 0xB0, 0x2A, 0xB0, 0x85, 0xBF, 0xDA, 0x90, 0x6F, 0xDC, 0x31, 0xCC, 0xD1,
    0xD3, 0x2D, 0x78, 0x12, 0xEB, 0x2C, 0x1A, 0xD6, 0x24, 0x60, 0x69, 0x8D, 0x83, 0xD3, 0x53, 0x1D,
    0xDC, 0xD5, 0xE1, 0x0D, 0x2D, 0xDE, 0xD7, 0x32, 0xD4, 0xD9, 0xB5, 0xAD, 0xD2, 0xF6, 0x20, 0xDE,
    0xD1, 0x91, 0xC4, 0xD1, 0x1C, 0xE1, 0xC8, 0x2B, 0x90, 0x7D, 0x19, 0x88, 0x05, 0x60, 0x2B, 0x8A,
    0x1D, 0x03, 0xAB, 0x46, 0x6F, 0x9C, 0xAD, 0x81, 0xEA, 0xB2, 0xDF, 0xD6, 0x48, 0x59, 0x87, 0xB6,
    0x8E, 0xB7, 0x4E, 0xCA, 0xD4, 0x29, 0xEA, 0x30, 0x4D, 0x6D, 0x05, 0x2C, 0x58, 0xD6, 0x4C, 0x3B,
    0xF5, 0xDA, 0xCC, 0x6F, 0xE4, 0x25, 0x1D, 0x5B, 0xB0, 0xA5, 0xCC, 0x6E, 0x8D, 0xB5, 0xA6, 0xB4,
    0x2D, 0x9F, 0x0D, 0x2F, 0x8C, 0x9C, 0xAE, 0x93, 0x82, 0x15, 0x3D, 0x1B, 0xC4, 0xE7, 0x95, 0x41,
    0x07, 0x83, 0x7E, 0x04, 0xFC, 0xE2, 0x2B, 0x93, 0xA4, 0x26, 0x2E, 0x8C, 0xB8, 0xDB, 0x04, 0xB6,
    0xF2, 0xAD, 0xC2, 0x64, 0x72, 0xDE, 0x48, 0x9A, 0x32, 0x9D, 0x07, 0x24, 0x5B, 0x76, 0x16, 0x1A,
    0x1E, 0x49, 0x05, 0x8E, 0xBF, 0xD9, 0xCA, 0x14, 0x0C, 0x1D, 0x33, 0xA4, 0x5D, 0xB2, 0xD9, 0x09,
    0x3B, 0xF5, 0xDB, 0x35, 0xDE, 0xC3, 0x6F, 0xDF, 0x3E, 0xA3, 0x05, 0x5E, 0xE2, 0x4E, 0x71, 0xB0,
    0xEF, 0x27, 0xEE, 0x41, 0xC6, 0xC4, 0x77, 0x21, 0x8B, 0x2C, 0x62, 0xDA, 0xF9, 0xED, 0x06, 0x8F,
    0xFB, 0xFD, 0x90, 0x65, 0x8C, 0x5B, 0x78, 0x49, 0xDC, 0xB2, 0x99, 0x64, 0xE3, 0x3C, 0x23, 0x69,
    0x79, 0x9E, 0x0E, 0x2C, 0x9E, 0xDA, 0x46, 0x20, 0xD1, 0xEE, 0xEB, 0x77, 0x1D, 0xD2, 0x92, 0x9A,
    0xFC, 0x7E, 0xF8, 0xE3, 0x97, 0xE0, 0x41, 0x3C, 0x0E, 0xDD, 0xBD, 0xEB, 0x5E, 0x1D, 0xF7, 0x50,
    0x90, 0xCA, 0xCE, 0x56, 0xFB, 0xA1, 0x17, 0x50, 0xAC, 0xA8, 0x4C, 0xC1, 0x08, 0x45, 0x05, 0xF3,
    0xD3, 0x0D, 0x56, 0xE0, 0x91, 0x7F, 0xFB, 0x10, 0x0F, 0x88, 0x91, 0xE1, 0x6D, 0x51, 0xEE, 0x80,
    0x5B, 0x88, 0x0B, 0x76, 0x5D, 0xC5, 0xC2, 0xDE, 0xAA, 0x8F, 0x24, 0xC1, 0xAD, 0x7A, 0x34, 0xE6,
    0x61, 0x14, 0x5C, 0xC7, 0x55, 0xB8, 0x5E, 0x8D, 0x92, 0x33, 0x77, 0xD5, 0x11, 0xD1, 0xD9, 0x34,
    0xF6, 0x2F, 0x1F, 0x62, 0xDD, 0xE3, 0x8D, 0x5B, 0xBF, 0xD0, 0x6C, 0x19, 0x0C, 0xFB, 0xAE, 0xC0,
    0x48, 0x12, 0x5B, 0xE5, 0x35, 0x66, 0x30, 0xD1, 0x37, 0x40, 0x25, 0xC3, 0x92, 0x85, 0x98, 0x62,
    0xE7, 0x9C, 0xA2, 0x5A, 0x92, 0x40, 0x14, 0x83, 0xCB, 0x2B, 0x79, 0x75, 0x55, 0xC9, 0x54, 0xD4,
    0x98, 0xD5, 0x80, 0x2B, 0x10, 0x04, 0x78, 0xB6, 0xF2, 0xDA, 0xA0, 0xF8, 0x4E, 0x7A, 0x1C, 0xB4,
    0x24, 0xC2, 0xC4, 0x69, 0xCC, 0xF4, 0x92, 0x4A, 0x1E, 0xAF, 0x75, 0xCC, 0xC3, 0x92, 0x63, 0x0F,
    0xD8, 0xAD, 0x8B, 0x9F, 0xAC, 0x49, 0x05, 0xF9, 0x19, 0x01, 0x50, 0x4E, 0xE7, 0x08, 0xD7, 0x98,
    0x81, 0x7E, 0x93, 0xAD, 0x3F, 0x45, 0xD6, 0x78, 0x80, 0x0C, 0x6E, 0x7B, 0xB8, 0x24, 0xAE, 0xE4,
    0x6A, 0x0F, 0x93, 0x94, 0x08, 0x0E, 0xB2, 0x90, 0x50, 0xD3, 0xD0, 0x85, 0xDA, 0xB9, 0xE6, 0xF9,
    0x92, 0xE4, 0x35, 0xF0, 0x59, 0x68, 0x18, 0x06, 0x92, 0xB6, 0x62, 0xBA, 0xFA, 0x29, 0xA0, 0x36,
    0xA7, 0x01, 0xEF, 0x57, 0x8B, 0x9D, 0x19, 0xAC, 0x0E, 0x6C, 0x2F, 0x33, 0x9F, 0x4A, 0xE7, 0xFC,
    0xCF, 0x66, 0xB6, 0xC9, 0xFD, 0x72, 0x8E, 0xD7, 0x96, 0x44, 0xFF, 0x19, 0xE1, 0x30, 0x94, 0x43,
    0x91, 0x25, 0xA6, 0x67, 0xDE, 0x29, 0xEA, 0x80, 0xFD, 0x1E, 0x7D, 0xE6, 0xE5, 0x69, 0x8E, 0xA8,
    0x22, 0x8B, 0x24, 0x4D, 0xB6, 0xF2, 0x34, 0x82, 0x16, 0x3D, 0x3B, 0xB8, 0xD2, 0x20, 0xFD, 0x1E,
    0x9D, 0xB5, 0xBC, 0xAD, 0xE9, 0x57, 0xF0, 0xE4, 0x5D, 0xDE, 0xC5, 0x4D, 0x54, 0xBF, 0xD8, 0x84,
    0xE6, 0x15, 0x00, 0xFE, 0x35, 0xCD, 0x33, 0xEF, 0xB4, 0xA5, 0x2E, 0xAB, 0x45, 0x48, 0x20, 0xA1,
    0x4F, 0xE8, 0x0B, 0x80, 0x43, 0x78, 0x20, 0xC9, 0xA1, 0x87, 0xF1, 0x5D, 0xB2, 0xA6, 0x68, 0xD0,
    0xE1, 0x07, 0x98, 0x43, 0xCE, 0x91, 0x01, 0x6C, 0xE0, 0x75, 0xE4, 0x74, 0xEC, 0x74, 0x4D, 0x6F,
    0xA6, 0xAB, 0x97, 0x11, 0x96, 0x98, 0x2A, 0x2A, 0x0B, 0x59, 0x13, 0x0E, 0xA5, 0x3D, 0x1E, 0xE0,
    0xCF, 0xE3, 0x36, 0xB8, 0xAF, 0xC6, 0x26, 0xBC, 0xAD, 0xC6, 0x93, 0xE8, 0xAF, 0x6A, 0x3C, 0x12,
    0x9F, 0xA8, 0xB1, 0x8C, 0x85, 0x1A, 0x27, 0x09, 0x06, 0x91, 0xF1, 0x60, 0x30, 0x44, 0x3C, 0x84,
    0x2D, 0x86, 0x40, 0xE3, 0xF4, 0xCA, 0xD7, 0x12, 0xA9, 0x43, 0x22, 0x61, 0x48, 0x13, 0xE8, 0x71,
    0x87, 0x9E, 0xA3, 0xCB, 0x8B, 0x7A, 0x1C, 0xAF, 0xEB, 0x71, 0x74, 0x47, 0x8F, 0x83, 0x6F, 0xF5,
    0xD8, 0xEF, 0xF5, 0x98, 0x2C, 0x7A, 0x8E, 0x2E, 0xD1, 0x85, 0x73, 0x20, 0xAF, 0x6C, 0x10, 0x52,
    0x2D, 0x25, 0x4F, 0x90, 0xC6, 0x8A, 0xD8, 0xE1, 0x78, 0x06, 0x94, 0x73, 0xE8, 0xDD, 0xEE, 0x33,
    0xE0, 0x9A, 0xE7, 0x65, 0x21, 0x6A, 0xE6, 0x63, 0xFE, 0x01, 0x8D, 0x0E, 0x8F, 0x7C, 0xA0, 0xD5,
    0x16, 0x4A, 0x93, 0xE4, 0x28, 0x18, 0x20, 0x5F, 0xC9, 0x2B, 0x7B, 0xC1, 0xE4, 0xFF, 0xDC, 0x10,
    0x30, 0x41, 0x0C, 0xF1, 0x18, 0x2A, 0x0C, 0xAC, 0x04, 0x1E, 0xFA, 0xBD, 0xCB, 0x83, 0x33, 0xC0,
    0x18, 0xAB, 0x6C, 0x0C, 0x18, 0x8D, 0xE6, 0x3D, 0x6C, 0x87, 0x79, 0x36, 0xD8, 0x19, 0x35, 0x37,
    0x58, 0x33, 0xE7, 0xE9, 0x9D, 0xA1, 0x5D, 0x9C, 0xAC, 0x38, 0x8A, 0xDE, 0xD3, 0xB8, 0x03, 0xE1,
    0x9D, 0xA2, 0x23, 0x64, 0x13, 0xF6, 0xFB, 0x08, 0x31, 0xAD, 0xDD, 0xEF, 0xB7, 0xE3, 0xD3, 0xEC,
    0xBD, 0xC9, 0x3C, 0x74, 0x73, 0xB2, 0xC8, 0x6D, 0xC7, 0xAE, 0xF9, 0x26, 0x7A, 0x25, 0x9C, 0x5F,
    0xEA, 0x70, 0xD6, 0x34, 0x29, 0x92, 0x0D, 0x8E, 0xDA, 0x3D, 0x84, 0x6A, 0x86, 0x58, 0x8C, 0xF0,
    0x37, 0x1B, 0xD6, 0x0B, 0xAC, 0x83, 0x83, 0xB9, 0x33, 0x74, 0xAC, 0xD4, 0x08, 0x46, 0xFF, 0x45,
    0x06, 0x79, 0x80, 0xE0, 0xF4, 0x18, 0x76, 0x7C, 0x8A, 0x60, 0xC5, 0xD1, 0x3F, 0x57, 0x2E, 0x60,
    0x18, 0x64, 0x22, 0x44, 0x7D, 0xB2, 0x08, 0x20, 0x19, 0x46, 0x48, 0xE3, 0xD9, 0x14, 0x60, 0x45,
    0xB4, 0x35, 0x94, 0x9C, 0xD8, 0x54, 0x08, 0xBD, 0x17, 0xEF, 0xA2, 0xB2, 0x11, 0x37, 0xFE, 0x7E,
    0x0B, 0x29, 0xF6, 0xE6, 0xFA, 0xD7, 0x38, 0xF2, 0xED, 0xEB, 0x0F, 0x11, 0x5A, 0x6F, 0x9F, 0x7F,
    0x5C, 0x41, 0x0B, 0x29, 0xF4, 0x10, 0x58, 0x40, 0x14, 0x12, 0x01, 0xAD, 0xAC, 0x7A, 0x28, 0x3E,
    0x67, 0x69, 0x91, 0x1F, 0x44, 0x85, 0x60, 0xAB, 0xA1, 0xAD, 0x27, 0xB0, 0x0A, 0xC7, 0xCD, 0x12,
    0x12, 0xB0, 0xD7, 0xA3, 0x94, 0xF2, 0x70, 0x1F, 0x7C, 0x6B, 0x5C, 0x40, 0x8C, 0x55, 0x0E, 0x81,
    0x12, 0x55, 0x92, 0xA8, 0x67, 0xC8, 0x2C, 0xB8, 0xC3, 0x49, 0x70, 0x07, 0x09, 0xA2, 0x3B, 0x38,
    0xC1, 0x43, 0xAE, 0xAA, 0x58, 0x7A, 0x3C, 0x8B, 0x5D, 0x1C, 0x4A, 0xF6, 0xE8, 0x50, 0x3A, 0xE8,
    0xF0, 0x35, 0x97, 0x1B, 0xA3, 0x9A, 0xF3, 0x02, 0x2C, 0x36, 0x9B, 0x27, 0x4B, 0x31, 0x4C, 0xDC,
    0xBB, 0x32, 0xB7, 0x50, 0x55, 0x56, 0xD3, 0x74, 0x8D, 0x5E, 0xD5, 0x4A, 0xAC, 0x2F, 0x62, 0x9D,
    0xF3, 0x35, 0xDE, 0x9D, 0x10, 0x97, 0x3A, 0x48, 0x04, 0xC8, 0x1E, 0x41, 0xCD, 0x89, 0x05, 0x65,
    0x05, 0x74, 0x48, 0x3B, 0x1C, 0x6C, 0xFD, 0xBC, 0xCA, 0xAB, 0x77, 0xAA, 0xE0, 0x95, 0x8D, 0xD7,
    0x17, 0x53, 0x94, 0x68, 0xFC, 0x1C, 0xEC, 0x78, 0x9F, 0x82, 0x9B, 0x45, 0x74, 0x51, 0x89, 0xE3,
    0x3A, 0xA1, 0x66, 0x44, 0x6B, 0x87, 0x5C, 0xFE, 0x04, 0x9A, 0x16, 0x11, 0x48, 0x8B, 0xA8, 0x42,
    0xA5, 0xB3, 0x40, 0x1F, 0x23, 0x06, 0xEA, 0xC8, 0xB6, 0x1E, 0xA7, 0x4E, 0xB3, 0xCF, 0x22, 0x91,
    0x1B, 0x4E, 0xDB, 0xC8, 0x1B, 0xEF, 0x73, 0xDE, 0x14, 0x86, 0x53, 0x73, 0xB6, 0x9B, 0x96, 0x28,
    0xB3, 0x75, 0x6E, 0x9B, 0xFC, 0xB8, 0xC9, 0xC9, 0x64, 0x8E, 0x70, 0x91, 0x7B, 0x26, 0xFF, 0x47,
    0x9B, 0x5B, 0x3D, 0x29, 0x39, 0xA7, 0xD1, 0x52, 0x1A, 0x58, 0xE4, 0xF8, 0x3A, 0xA9, 0x52, 0x99,
    0x6E, 0xFB, 0x60, 0xCA, 0xF0, 0x88, 0x37, 0x3E, 0x8F, 0xB8, 0x58, 0x1D, 0x12, 0x6A, 0xB6, 0x83,
    0xD9, 0x0F, 0xB3, 0xD0, 0xCE, 0x00, 0xC2, 0x44, 0xF5, 0x32, 0x9D, 0x49, 0xCA, 0x98, 0xD2, 0x4C,
    0x16, 0xB3, 0xE4, 0x9B, 0x1E, 0xF3, 0x41, 0x3F, 0xE6, 0x27, 0x3E, 0x02, 0x30, 0x6A, 0xF1, 0xB4,
    0x4D, 0x14, 0x44, 0x9D, 0x4A, 0xDB, 0x31, 0xA5, 0x5C, 0xC3, 0xC4, 0xF5, 0x01, 0x97, 0xA9, 0x1A,
    0xE7, 0xE8, 0x45, 0x68, 0x8B, 0xE8, 0x49, 0x8A, 0x28, 0x2A, 0x36, 0x60, 0x41, 0xF8, 0x8F, 0x2B,
    0x2B, 0x5F, 0x41, 0xF4, 0xE1, 0x42, 0x68, 0xB3, 0x3D, 0x77, 0x8F, 0xBF, 0x1A, 0x76, 0x1F, 0x44,
    0xED, 0x7E, 0x74, 0x09, 0x5A, 0x6A, 0x50, 0x08, 0x3E, 0xAF, 0x96, 0x34, 0xB3, 0x1A, 0xB5, 0x71,
    0x7E, 0x61, 0x47, 0x2D, 0x2F, 0xD0, 0x8F, 0xCB, 0x8C, 0x16, 0xB3, 0x9D, 0x1F, 0x35, 0xBE, 0xF1,
    0x38, 0x8E, 0x2D, 0x7B, 0xED, 0xDE, 0xCD, 0x6F, 0xDF, 0x6B, 0x24, 0xE2, 0xD0, 0x73, 0x3B, 0xD1,
    0x72, 0xE6, 0x9B, 0x2C, 0xD2, 0x59, 0xA2, 0xB2, 0x9C, 0xD3, 0x1E, 0xCE, 0x96, 0xDB, 0x22, 0x17,
    0x55, 0x86, 0xA2, 0x12, 0x4B, 0xD4, 0x67, 0x2F, 0xFC, 0x16, 0x96, 0xD2, 0x8F, 0x68, 0xC5, 0x3E,
    0xB4, 0x0A, 0x9F, 0x3F, 0xB0, 0xDE, 0x89, 0x1E, 0x25, 0x83, 0x67, 0xC0, 0xFE, 0xE6, 0x01, 0xCF,
    0xAE, 0xEC, 0x3A, 0xD9, 0x9E, 0x87, 0xA3, 0x5F, 0xA6, 0x30, 0x0A, 0x6A, 0x46, 0x44, 0xC9, 0x44,
    0xC1, 0xD3, 0x91, 0x66, 0xE5, 0x76, 0xE3, 0x94, 0x5B, 0xCC, 0x28, 0xFE, 0x5B, 0x87, 0xC8, 0x8B,
    0x22, 0x6D, 0x6E, 0x78, 0xF7, 0xDE, 0xD7, 0x01, 0x29, 0x2B, 0xD5, 0xF3, 0xE7, 0x7E, 0x9D, 0x8D,
    0x92, 0x2F, 0x77, 0xDB, 0x68, 0x87, 0x16, 0x96, 0x68, 0x52, 0x3A, 0x0D, 0x6D, 0x70, 0x39, 0x93,
    0xBF, 0x00, 0x66, 0x47, 0xDE, 0x15, 0x08, 0x5E, 0xC9, 0xFB, 0xAE, 0xB2, 0xA8, 0x86, 0x0F, 0x3F,
    0x45, 0x67, 0x51, 0x01, 0xD6, 0x47, 0x23, 0x94, 0x21, 0x2A, 0x71, 0xDF, 0x12, 0x01, 0x5C, 0x14,
    0x50, 0xF9, 0x12, 0x6F, 0x43, 0x51, 0xBE, 0x17, 0x8A, 0x36, 0x70, 0x40, 0xC0, 0x9E, 0xDD, 0x75,
    0x81, 0x96, 0x67, 0x64, 0x5E, 0x24, 0xCF, 0x94, 0xBE, 0xC9, 0x2F, 0x0D, 0x9E, 0xC5, 0x1F, 0x35,
    0xCB, 0xB4, 0x88, 0xEF, 0x10, 0x9C, 0x1A, 0x1E, 0x97, 0x5C, 0x68, 0xC4, 0xBA, 0x16, 0x37, 0xEA,
    0xF0, 0x9F, 0x15, 0x92, 0x31, 0xD7, 0xB4, 0xD8, 0xD7, 0x02, 0x1D, 0xCB, 0x5E, 0x3A, 0x0B, 0x4C,
    0x54, 0xE5, 0x21, 0x92, 0xAF, 0x8C, 0x3A, 0xA1, 0x92, 0x0F, 0x3E, 0x8B, 0x8B, 0xF8, 0x93, 0x33,
    0x09, 0x89, 0xDB, 0x42, 0xF2, 0x90, 0x51, 0xF4, 0x1F, 0x81, 0x02, 0xB1, 0x8B, 0x10, 0x93, 0x4C,
    0x88, 0x22, 0xDB, 0x20, 0x34, 0x2D, 0xD2, 0xB2, 0xFC, 0x99, 0x89, 0xD7, 0x5B, 0xB1, 0xC9, 0x1F,
    0x2A, 0x78, 0xA7, 0xC7, 0x12, 0xAA, 0xE8, 0x69, 0x2D, 0xD6, 0x1B, 0x79, 0xC1, 0x94, 0xD4, 0xEF,
    0xC8, 0x00, 0x4E, 0x27, 0x43, 0x04, 0x19, 0x36, 0x2B, 0xB0, 0x79, 0x83, 0x0C, 0x25, 0xE7, 0x03,
    0x44, 0x88, 0xF7, 0x5A, 0xFE, 0x8A, 0x81, 0x0B, 0x73, 0x08, 0x71, 0x05, 0x9A, 0x0B, 0x7C, 0x5C,
    0x2E, 0xE2, 0x6B, 0x88, 0xBF, 0x19, 0x70, 0xF7, 0xBB, 0x93, 0x39, 0x9B, 0xB5, 0xA6, 0x69, 0xD0,
    0x05, 0x2D, 0xBE, 0x2B, 0x5D, 0x8B, 0xEA, 0xB2, 0x28, 0xD3, 0xB3, 0x55, 0x38, 0xBF, 0xC7, 0x77,
    0x53, 0x87, 0xFA, 0xE5, 0xAD, 0x73, 0x93, 0x97, 0x7F, 0xBF, 0x42, 0x85, 0xA0, 0x92, 0x2A, 0xDC,
    0x6E, 0x9A, 0x53, 0x40, 0xB0, 0xB5, 0x7D, 0x0F, 0x93, 0x20, 0x65, 0xED, 0x77, 0xF5, 0xFA, 0xBF,
    0xBF, 0x03, 0x55, 0xFE, 0xE4, 0x2C, 0x50, 0x95, 0xFE, 0x0F, 0xAD, 0x58, 0x3D, 0x6C, 0xDC, 0xC8,
    0x15, 0x7E, 0x24, 0xB3, 0xE2, 0x45, 0x84, 0x3C, 0x29, 0x64, 0xC0, 0x71, 0x7C, 0x66, 0x80, 0xA8,
    0x50, 0x90, 0x9C, 0xD9, 0x5C, 0x21, 0x04, 0xAB, 0x1D, 0xDA, 0x29, 0x54, 0xA4, 0xB0, 0x03, 0x28,
    0x4D, 0x9A, 0xA4, 0xB8, 0x00, 0xE7, 0x03, 0x82, 0x55, 0xA1, 0x42, 0x07, 0xEC, 0x72, 0xE8, 0x73,
    0x91, 0x76, 0xFB, 0x14, 0xA7, 0xC2, 0x08, 0xE2, 0x4B, 0x00, 0xA9, 0x48, 0xA1, 0x62, 0x7F, 0x88,
    0xA8, 0xB8, 0x22, 0x0D, 0xCF, 0xC6, 0xE1, 0x8A, 0x14, 0x61, 0x0C, 0xB8, 0x91, 0x02, 0x78, 0x82,
    0xA3, 0x2F, 0xB4, 0x4D, 0x72, 0xF2, 0xCD, 0xEC, 0x4A, 0xB2, 0x74, 0xBA, 0x78, 0xED, 0xCD, 0xF2,
    0x0D, 0x97, 0x9C, 0x79, 0xEF, 0xCD, 0x7B, 0xF3, 0x7E, 0xE6, 0x0D, 0x17, 0x87, 0x75, 0x97, 0xA8,
    0xD3, 0xED, 0x76, 0x07, 0x83, 0x21, 0x7E, 0x84, 0xDF, 0x16, 0x51, 0x97, 0x3C, 0x95, 0x06, 0x2A,
    0xE1, 0x77, 0x42, 0x41, 0x34, 0x34, 0x10, 0x11, 0xE1, 0x99, 0x7F, 0x1E, 0xFB, 0x2A, 0x71, 0x55,
    0xA2, 0xD1, 0xB6, 0x68, 0xF2, 0x13, 0xB9, 0xAD, 0x4A, 0xE7, 0xD9, 0x5F, 0x5C, 0x49, 0x6E, 0xA6,
    0x81, 0xAB, 0x94, 0xAB, 0xEC, 0x7B, 0x4F, 0xC3, 0xF1, 0x2B, 0x4B, 0x88, 0x1F, 0xDC, 0xE7, 0xAA,
    0x06, 0x00, 0xFD, 0xDD, 0x9F, 0x27, 0x23, 0x8D, 0x10, 0xAF, 0x7A, 0x71, 0xD3, 0x49, 0x9A, 0x6E,
    0xC2, 0x77, 0x62, 0xA1, 0xD2, 0x0F, 0xFF, 0x90, 0x60, 0x74, 0x40, 0x91, 0xA0, 0x32, 0xB8, 0x5E,
    0xB0, 0xBB, 0xD2, 0xFB, 0x34, 0x73, 0x0E, 0x13, 0x5B, 0xC5, 0x0D, 0x15, 0x32, 0x25, 0xE7, 0xEB,
    0x1E, 0x86, 0xF1, 0xC0, 0x54, 0x86, 0x07, 0xC0, 0x56, 0x67, 0xFC, 0x5B, 0x02, 0xE1, 0xD2, 0xE4,
    0xF9, 0x7D, 0xEF, 0x19, 0x09, 0x45, 0xFD, 0x6F, 0x53, 0x1F, 0xA2, 0xC5, 0x14, 0x14, 0xD4, 0x1D,
    0xD2, 0x5E, 0x40, 0x7D, 0x46, 0xA2, 0x4D, 0x7E, 0x49, 0x16, 0xA4, 0x08, 0x28, 0x0C, 0xA8, 0xAE,
    0x69, 0x54, 0x68, 0x0D, 0x96, 0xBF, 0xDB, 0xE5, 0xCD, 0x6B, 0x47, 0xEA, 0x14, 0xE4, 0x3C, 0x6E,
    0x87, 0x17, 0xC8, 0x4E, 0x9B, 0x7E, 0xBE, 0xBB, 0xD1, 0xFD, 0xF5, 0xCA, 0xAE, 0xA4, 0x2B, 0x59,
    0x46, 0x57, 0xD2, 0x8C, 0x16, 0x32, 0xDD, 0xF0, 0xBE, 0xB1, 0xF7, 0x9D, 0xE6, 0x4A, 0x20, 0x37,
    0xAF, 0x5A, 0xD7, 0x33, 0x37, 0xF5, 0x63, 0x1A, 0x3D, 0x9B, 0x30, 0x08, 0xE4, 0xB5, 0x92, 0x3A,
    0x41, 0xD9, 0x69, 0x76, 0xFA, 0xFC, 0x5F, 0x0D, 0xD3, 0x97, 0xAF, 0x3A, 0xB2, 0x62, 0x0F, 0x8A,
    0xE0, 0x77, 0x92, 0xB3, 0xD4, 0xDF, 0x97, 0xDE, 0x3F, 0x4B, 0xBB, 0x18, 0x52, 0xB6, 0x8C, 0xC1,
    0x8B, 0xBF, 0x58, 0xE7, 0xAA, 0x04, 0x10, 0x35, 0x8F, 0x60, 0x51, 0x48, 0x21, 0x3F, 0xD8, 0xFE,
    0x9A, 0x44, 0x22, 0xDB, 0xDD, 0xF8, 0x70, 0x6F, 0x65, 0x77, 0x73, 0xE5, 0x4A, 0x86, 0x96, 0x0A,
    0xB9, 0x90, 0x45, 0xE9, 0x42, 0xB6, 0x29, 0xAF, 0x6C, 0x6C, 0x6E, 0x35, 0x57, 0x36, 0x7F, 0xBC,
    0x79, 0x95, 0xEC, 0x53, 0x12, 0x71, 0x55, 0x01, 0xCC, 0xA3, 0x97, 0x07, 0x55, 0xD3, 0x6F, 0xB2,
    0x55, 0x3F, 0xA8, 0xDC, 0x5C, 0xF7, 0x34, 0x4F, 0x60, 0x22, 0x43, 0xE7, 0x65, 0x29, 0x26, 0x9D,
    0x5E, 0x4F, 0x14, 0xCB, 0x25, 0xF5, 0xAD, 0x1C, 0x8C, 0x43, 0xF1, 0x47, 0x51, 0x5E, 0x5C, 0x9F,
    0xEF, 0xF1, 0x62, 0xB1, 0x43, 0x7B, 0x4C, 0xCE, 0x17, 0xB4, 0xFA, 0x9B, 0xBE, 0x28, 0x1A, 0xA1,
    0x93, 0xB3, 0x34, 0x00, 0xD5, 0x45, 0x5A, 0x8F, 0xA8, 0xFC, 0x3A, 0x08, 0xBB, 0x14, 0xBF, 0x2F,
    0x85, 0x2A, 0x45, 0xD5, 0x89, 0x8C, 0x57, 0x1D, 0xC3, 0x9C, 0x2A, 0xB8, 0xEE, 0x6F, 0x8E, 0xAA,
    0xA6, 0x3A, 0x02, 0x3C, 0xA3, 0x07, 0x32, 0x5B, 0xBF, 0x6D, 0xD2, 0xDB, 0xE7, 0xC1, 0x5B, 0xCB,
    0x34, 0xA8, 0x07, 0xF4, 0x36, 0xF9, 0xB1, 0x9B, 0xEC, 0x24, 0x23, 0xB2, 0x7A, 0x9E, 0xE4, 0xB2,
    0x25, 0xED, 0xE3, 0x8B, 0x6E, 0x41, 0xF1, 0x8C, 0xF7, 0x3B, 0xAB, 0x5B, 0xEF, 0x6C, 0xBD, 0xB3,
    0xDA, 0xF1, 0x73, 0x2B, 0xD4, 0x66, 0xF2, 0x12, 0x58, 0x03, 0x36, 0x71, 0xF2, 0xCA, 0x2E, 0x84,
    0x2B, 0x4B, 0xB6, 0x9F, 0xF3, 0x9F, 0xA5, 0x0B, 0x76, 0x8C, 0x51, 0x27, 0xB5, 0x33, 0xF2, 0x53,
    0x37, 0x21, 0x91, 0xB2, 0x98, 0x7E, 0x90, 0xFA, 0xBA, 0xAF, 0xA5, 0x6F, 0x1D, 0x7D, 0xCB, 0x39,
    0x39, 0x0F, 0xE4, 0x88, 0x9C, 0x87, 0xA9, 0x02, 0xFB, 0xBB, 0x4F, 0x88, 0x7C, 0x2F, 0x20, 0x6A,
    0x5D, 0x68, 0x87, 0xD4, 0x41, 0x94, 0x50, 0xD1, 0x10, 0xA1, 0x25, 0xE1, 0x69, 0xAF, 0x62, 0xF5,
    0x54, 0x85, 0xCE, 0x83, 0x2F, 0x55, 0x02, 0x56, 0x6B, 0x09, 0x79, 0xB1, 0x97, 0x90, 0x4F, 0x7E,
    0x48, 0x2D, 0xD2, 0xD1, 0x69, 0xC1, 0x4C, 0x85, 0xA3, 0x52, 0x4B, 0xE2, 0x66, 0x8C, 0xE8, 0x4B,
    0xCA, 0xE9, 0x5A, 0x09, 0xC5, 0xA8, 0xE9, 0xA4, 0x64, 0xED, 0x81, 0xC0, 0x93, 0x8C, 0xC8, 0xEA,
    0x83, 0x29, 0xAD, 0x76, 0x02, 0xFA, 0x49, 0xBF, 0xE0, 0xC4, 0x9F, 0x4A, 0x88, 0xE6, 0x3C, 0xF8,
    0x07, 0xE4, 0xDB, 0xFF, 0x98, 0x88, 0xDD, 0xFC, 0x55, 0x48, 0x01, 0x03, 0x97, 0xD5, 0x46, 0x3B,
    0xA6, 0x3D, 0xCC, 0x42, 0xEF, 0x11, 0x55, 0x06, 0xF6, 0x0C, 0xEB, 0x75, 0x42, 0xD4, 0x58, 0x25,
    0xD8, 0x51, 0x90, 0xE8, 0x88, 0x47, 0x98, 0x0D, 0x2D, 0x1D, 0x9D, 0x81, 0xCA, 0xE6, 0xEE, 0x13,
    0x8D, 0xF4, 0xC2, 0x61, 0x7D, 0x5C, 0x2D, 0xCA, 0xAD, 0xB1, 0xBF, 0x73, 0x3C, 0x8B, 0x0C, 0x63,
    0x10, 0xA8, 0xCE, 0xC9, 0x2A, 0x0A, 0xB2, 0xF3, 0x92, 0x1C, 0x39, 0x20, 0x57, 0x0A, 0xBD, 0xF4,
    0x08, 0x5A, 0x15, 0xFA, 0x0A, 0x29, 0xE5, 0x93, 0x9D, 0x84, 0x87, 0x2C, 0x43, 0xAF, 0xAC, 0x81,
    0xA1, 0xE7, 0xD2, 0x7F, 0x84, 0x75, 0xA1, 0x06, 0xCD, 0xCE, 0x0F, 0x52, 0x6B, 0x3A, 0x0B, 0xF8,
    0x56, 0xB8, 0x38, 0x3B, 0xBF, 0xF7, 0x17, 0xC8, 0x42, 0xEC, 0xD8, 0x7F, 0x2F, 0xC0, 0x2F, 0x9C,
    0x9D, 0xDF, 0xF6, 0x7B, 0x46, 0x36, 0x92, 0x7B, 0x74, 0xFC, 0x9B, 0x85, 0x5F, 0x63, 0x42, 0xBF,
    0x99, 0x8D, 0xDB, 0x2C, 0xBC, 0x5C, 0xA5, 0x0A, 0x3D, 0x5A, 0x90, 0xAF, 0x0E, 0xEE, 0x11, 0xF7,
    0xB1, 0x96, 0x91, 0xBE, 0x0D, 0xF4, 0xAD, 0xF4, 0x95, 0xB4, 0x73, 0xDC, 0x1C, 0xE9, 0x1F, 0x6C,
    0x7B, 0x60, 0xA0, 0x71, 0xE1, 0xAA, 0x9F, 0xB7, 0x91, 0xDF, 0x43, 0xFF, 0xE0, 0x9E, 0x00, 0x5D,
    0x51, 0xE9, 0x9B, 0xD6, 0x6A, 0x54, 0xB8, 0xAA, 0xF2, 0x9F, 0xF7, 0xB9, 0xF1, 0x23, 0x6C, 0x21,
    0xF5, 0x91, 0xAB, 0x0D, 0xC7, 0x7B, 0x09, 0x52, 0xF3, 0xB3, 0x3F, 0x7B, 0xAA, 0xB4, 0x80, 0x7F,
    0x15, 0x5E, 0x1D, 0x13, 0x22, 0xA4, 0xAD, 0xB1, 0xFD, 0xD4, 0xF8, 0x44, 0xA9, 0xF3, 0x8F, 0xC9,
    0x5F, 0xA9, 0x86, 0x4F, 0x7A, 0x1C, 0xCF, 0x63, 0x80, 0xF4, 0x5A, 0x81, 0xF8, 0xA4, 0x07, 0xA3,
    0x06, 0x4D, 0xF3, 0x1D, 0x62, 0x8D, 0xC9, 0xC4, 0xF8, 0xEB, 0xD1, 0xDA, 0x70, 0x7C, 0x45, 0xFE,
    0xCD, 0x78, 0xD1, 0x10, 0xBF, 0x16, 0xED, 0xFC, 0x5C, 0xE8, 0xDF, 0x4C, 0x98, 0x17, 0x4F, 0x6C,
    0xFA, 0x3A, 0xB4, 0xD0, 0x38, 0x71, 0x32, 0x1D, 0x4E, 0xA2, 0x12, 0x95, 0x9F, 0x7B, 0xD9, 0xD9,
    0x8B, 0x49, 0x3D, 0x42, 0x95, 0x93, 0x7B, 0x89, 0x36, 0xF9, 0xFF, 0xC6, 0x73, 0xA0, 0x47, 0x8D,
    0x48, 0x9F, 0xE8, 0xE1, 0x6B, 0x7B, 0x87, 0x2E, 0xBC, 0xB8, 0xF8, 0x46, 0x00, 0xC9, 0x18, 0x6D,
    0xE9, 0x52, 0xBF, 0xD5, 0x59, 0xA5, 0x57, 0xCE, 0xC1, 0x54, 0x0F, 0xF6, 0xAF, 0x89, 0x1D, 0xAA,
    0x98, 0x25, 0x41, 0xCA, 0x12, 0x96, 0xB1, 0xC4, 0x95, 0xED, 0x03, 0x57, 0x8E, 0x94, 0x23, 0x47,
    0xB5, 0x2B, 0xF5, 0xFB, 0xB8, 0x3F, 0x48, 0xD8, 0x01, 0xF0, 0x10, 0x49, 0x7A, 0xEF, 0xA6, 0x1F,
    0xCE, 0x13, 0xE9, 0xA8, 0xFA, 0x42, 0x47, 0xE9, 0x38, 0x8B, 0xF0, 0xC4, 0x96, 0x3C, 0x73, 0x90,
    0xBA, 0xD1, 0x4A, 0x47, 0xB6, 0x2A, 0x34, 0x81, 0xC6, 0xEF, 0xCA, 0x16, 0xF6, 0xCB, 0x96, 0xF7,
    0x48, 0xB6, 0x9C, 0xAF, 0x64, 0xCB, 0xAE, 0x65, 0x8B, 0x14, 0x9A, 0x40, 0x43, 0xA2, 0x27, 0x26,
    0xCF, 0xCB, 0x4A, 0xD6, 0x28, 0x87, 0x31, 0x15, 0x05, 0xCF, 0x47, 0x09, 0x8F, 0x7D, 0xE3, 0xE5,
    0x43, 0xC4, 0x00, 0x3C, 0x3D, 0x3F, 0x6A, 0x43, 0xB8, 0x99, 0xEE, 0xE7, 0x31, 0xCB, 0x34, 0x9E,
    0xC6, 0xB7, 0xC6, 0xDE, 0x4B, 0x27, 0x99, 0x29, 0x39, 0xCE, 0x4C, 0x33, 0xF3, 0xD4, 0xD9, 0x49,
    0x9C, 0xCE, 0x4E, 0x33, 0xF3, 0x3C, 0x95, 0xA1, 0xFE, 0x4F, 0xBA, 0x9F, 0x93, 0xA5, 0x66, 0xE5,
    0xB9, 0x64, 0xC5, 0x5D, 0x37, 0x0D, 0xDA, 0x31, 0x3C, 0xD3, 0x29, 0x08, 0xDE, 0xE8, 0xEF, 0x84,
    0x91, 0x97, 0xAC, 0xD8, 0xE3, 0x88, 0xB1, 0x30, 0xC3, 0x0B, 0x4D, 0x11, 0x07, 0xCF, 0x11, 0x26,
    0x31, 0xC7, 0x0C, 0x4A, 0x0E, 0xED, 0xFF, 0xC8, 0xDA, 0xD9, 0xCF, 0x6B, 0xF6, 0xD3, 0xBC, 0x0E,
    0x30, 0x43, 0x13, 0x33, 0xE4, 0x7A, 0x83, 0x1F, 0xCF, 0xC0, 0xB4, 0x44, 0x98, 0xE1, 0x2D, 0x70,
    0x40, 0xF4, 0x9A, 0xDC, 0xA2, 0xB7, 0xCE, 0x49, 0xF4, 0x23, 0xCA, 0x58, 0x32, 0x5D, 0xF3, 0x91,
    0x0B, 0x83, 0x38, 0x78, 0xAC, 0x2B, 0xCD, 0x9A, 0x6C, 0x95, 0x8F, 0xD5, 0xD6, 0x45, 0x12, 0x4B,
    0x4D, 0xB8, 0xD2, 0xD1, 0x76, 0x32, 0x2B, 0x4F, 0x64, 0x28, 0x42, 0xA2, 0x72, 0xFE, 0x9D, 0x1F,
    0x7B, 0xC1, 0xAC, 0x3C, 0xAD, 0xDE, 0xB6, 0xE1, 0x67, 0x67, 0xF9, 0xC9, 0xB6, 0x32, 0xAB, 0x9C,
    0xCE, 0x44, 0xF7, 0xE0, 0x44, 0xF7, 0x21, 0xC2, 0x4C, 0x90, 0xC6, 0x1E, 0x81, 0x12, 0x69, 0xE6,
    0x11, 0x52, 0xC7, 0x97, 0x12, 0x34, 0x88, 0x6A, 0xA5, 0xF7, 0xDE, 0x78, 0xBC, 0x56, 0xE7, 0xB4,
    0x09, 0xDC, 0x47, 0x26, 0xCC, 0xB8, 0xCA, 0xB9, 0x5D, 0x72, 0x32, 0x60, 0x95, 0xFC, 0x4F, 0xA8,
    0xFD, 0x24, 0x8E, 0x04, 0xC7, 0x68, 0x36, 0xD2, 0x8B, 0xDE, 0x48, 0xF8, 0x61, 0x85, 0x0D, 0xA1,
    0x46, 0x81, 0x58, 0x51, 0x04, 0x0B, 0x47, 0x2C, 0x33, 0x7B, 0x52, 0x84, 0x3D, 0x22, 0x62, 0x78,
    0xB7, 0x15, 0xC6, 0x78, 0x1C, 0x41, 0x89, 0x68, 0x29, 0x48, 0x22, 0xAE, 0xC2, 0x28, 0xA8, 0x8D,
    0xB0, 0xDA, 0x21, 0x86, 0xC6, 0x1D, 0xE0, 0x0D, 0x1F, 0x84, 0x9E, 0x92, 0x9E, 0x2A, 0x2C, 0x1D,
    0xD7, 0xE5, 0x9C, 0xC2, 0x76, 0x56, 0xF2, 0xD0, 0x4C, 0xBE, 0xA6, 0x2B, 0x5C, 0x56, 0x76, 0x8C,
    0xBD, 0xA5, 0x39, 0xAE, 0x18, 0x85, 0xA7, 0x24, 0x41, 0xC9, 0x89, 0x33, 0xD1, 0x43, 0xD9, 0x40,
    0xE6, 0x99, 0x8E, 0xC4, 0xDA, 0x7E, 0xD7, 0x55, 0xB9, 0xD7, 0xCE, 0x1A, 0x53, 0x0B, 0x66, 0xDF,
    0xE9, 0x61, 0x0A, 0xE7, 0xAF, 0x99, 0x9E, 0x71, 0x4A, 0xC1, 0xA0, 0x82, 0x0A, 0xAD, 0x87, 0x31,
    0x01, 0x54, 0xF8, 0x1A, 0x1A, 0xDD, 0xB6, 0xEE, 0x21, 0x4F, 0x3F, 0x51, 0xB1, 0x77, 0xA8, 0x9E,
    0xA4, 0x96, 0x55, 0x99, 0x42, 0xCD, 0x91, 0x73, 0x4A, 0x29, 0xE9, 0xEB, 0x1B, 0xBF, 0x03, 0x06,
    0x5C, 0x73, 0xE1, 0x6B, 0xEA, 0x7A, 0x2F, 0x50, 0x3B, 0x2A, 0xF3, 0x6A, 0x77, 0x52, 0xA0, 0xD2,
    0xE5, 0xD0, 0x31, 0xA7, 0xB4, 0x20, 0x0D, 0x79, 0x78, 0x64, 0xF8, 0x50, 0x3B, 0xBE, 0xFF, 0x78,
    0x17, 0x22, 0xD8, 0x40, 0x6C, 0x9A, 0x5E, 0x66, 0x44, 0xAB, 0x4F, 0xDB, 0xEA, 0x36, 0x39, 0x2A,
    0x63, 0x2F, 0x8A, 0x20, 0x81, 0x74, 0x83, 0xF1, 0xF1, 0x05, 0xE4, 0xC8, 0xF0, 0x7E, 0x76, 0xC9,
    0x54, 0x0C, 0xF9, 0x59, 0x5B, 0x4D, 0x49, 0xF2, 0xB2, 0xAD, 0xA6, 0x23, 0x39, 0xB5, 0xF0, 0xD3,
    0x91, 0x04, 0xB1, 0x97, 0xA1, 0x00, 0x59, 0xB4, 0x6E, 0xB9, 0xD9, 0xB9, 0x97, 0xF4, 0x93, 0x96,
    0x39, 0x24, 0x45, 0xE7, 0x5E, 0xA7, 0xCA, 0x90, 0x75, 0xD4, 0x70, 0xAF, 0x80, 0xE5, 0x4B, 0x03,
    0xDE, 0x41, 0xE5, 0xFF, 0x4D, 0xF3, 0xD9, 0x71, 0xEC, 0xBC, 0x48, 0xB1, 0xCE, 0x8E, 0x8A, 0x9D,
    0xBF, 0xE9, 0xDA, 0xCA, 0xAB, 0x73, 0xAE, 0x0A, 0xB1, 0x56, 0x56, 0x56, 0x59, 0x92, 0x86, 0xCA,
    0xC2, 0x2B, 0x3A, 0x33, 0x4F, 0xE9, 0xCC, 0x69, 0xF7, 0x36, 0x58, 0x2D, 0x2F, 0xB4, 0xD3, 0x6F,
    0x59, 0xB4, 0x78, 0x39, 0xEC, 0x2A, 0x29, 0x80, 0xFF, 0x51, 0x89, 0xA3, 0xB9, 0x38, 0xEF, 0x5C,
    0xA7, 0x3D, 0x41, 0x17, 0x75, 0xA6, 0x8E, 0xD7, 0xB9, 0xF7, 0x97, 0x21, 0x96, 0x0A, 0xF6, 0xC1,
    0x79, 0x32, 0x48, 0x2A, 0x18, 0x1F, 0x59, 0xE3, 0xE8, 0xC2, 0x73, 0x10, 0x0F, 0xC9, 0xFF, 0xAC,
    0x82, 0x9E, 0xD0, 0xE0, 0xC8, 0x6B, 0xCE, 0xE6, 0x9B, 0x37, 0xE1, 0x21, 0x42, 0x93, 0x87, 0x9C,
    0x47, 0xF0, 0xD8, 0x70, 0xFD, 0xCD, 0x78, 0xDC, 0x5B, 0x06, 0x0D, 0xB6, 0xA8, 0x8F, 0xC1, 0xE3,
    0x0D, 0x75, 0xB1, 0xE2, 0x9E, 0x91, 0xC1, 0xF9, 0x4C, 0x8E, 0x79, 0xBE, 0x89, 0x1C, 0x8B, 0xFA,
    0x53, 0x8C, 0x86, 0xA5, 0x97, 0xBF, 0x10, 0x90, 0x3E, 0xA0, 0xA3, 0x13, 0x1F, 0x0E, 0x6E, 0x7F,
    0xDF, 0x41, 0xCC, 0xAA, 0x32, 0xD8, 0xAF, 0xF8, 0x5A, 0xCD, 0x99, 0xE0, 0xD7, 0x38, 0xEF, 0x0B,
    0x2E, 0x87, 0xFE, 0x57, 0x15, 0x58, 0xE1, 0xA8, 0x67, 0x8D, 0x97, 0xB5, 0x34, 0xAB, 0xDA, 0x00,
    0xCB, 0xF5, 0x21, 0x95, 0x67, 0xC1, 0x2A, 0x47, 0xE6, 0x5C, 0x6E, 0x32, 0x40, 0x5F, 0x4F, 0x81,
    0x2C, 0x0B, 0xA7, 0xEE, 0xEA, 0x62, 0x6A, 0x5A, 0x12, 0x6C, 0xEB, 0xD8, 0x3F, 0x3E, 0x4D, 0x11,
    0x5A, 0x53, 0x92, 0xCC, 0xDD, 0x88, 0x81, 0xEF, 0xDD, 0x4D, 0x8C, 0xAE, 0xD3, 0xCD, 0x82, 0x83,
    0x29, 0x0E, 0x0A, 0x91, 0x16, 0x6C, 0x9D, 0x2E, 0x0E, 0x69, 0x08, 0x77, 0xE4, 0xD7, 0x4B, 0xFF,
    0xA3, 0x9C, 0xED, 0xEB, 0xEF, 0x45, 0xEE, 0x61, 0xEA, 0xA8, 0xC4, 0x52, 0x48, 0x2B, 0xE6, 0xB0,
    0x3A, 0xD0, 0x75, 0xDC, 0x8F, 0x0A, 0x5D, 0x75, 0xF1, 0xF8, 0xD4, 0xF7, 0x86, 0xE8, 0x32, 0x45,
    0x2A, 0x13, 0x2A, 0x17, 0x37, 0x4E, 0x7C, 0x5A, 0xFB, 0xB7, 0x55, 0x8A, 0x2F, 0x0A, 0xA1, 0x64,
    0x34, 0x4A, 0xCE, 0x7C, 0xA2, 0xB0, 0x6F, 0xC4, 0xDE, 0x7E, 0xE6, 0xEE, 0xA7, 0xE6, 0xA4, 0xFC,
    0xDA, 0xB3, 0xFF, 0x17, 0xAD, 0x59, 0x31, 0x8C, 0xDC, 0xC6, 0x15, 0xFD, 0x43, 0xE6, 0x44, 0x44,
    0x04, 0x32, 0x2E, 0xEE, 0x90, 0x44, 0x41, 0xCC, 0xC6, 0x95, 0x0C, 0x89, 0x4D, 0x8A, 0x04, 0xD0,
    0xED, 0x8C, 0x92, 0x22, 0x45, 0x0A, 0x5D, 0x71, 0xD7, 0x24, 0x85, 0x55, 0xA8, 0xB0, 0xDD, 0x5C,
    0x4A, 0x15, 0x32, 0xC9, 0xD8, 0xA5, 0x8B, 0x5C, 0x93, 0xCA, 0xCD, 0x15, 0x29, 0xA4, 0x53, 0x60,
    0xB9, 0x50, 0x00, 0x17, 0xBA, 0x25, 0x13, 0x05, 0x50, 0xE1, 0x22, 0x94, 0x85, 0xB8, 0x15, 0x23,
    0x43, 0x31, 0x70, 0x02, 0x92, 0x89, 0xBC, 0xB1, 0x56, 0x12, 0x97, 0x93, 0xF7, 0x87, 0xDC, 0xDB,
    0xD3, 0xE9, 0xCE, 0xB7, 0x7B, 0x2B, 0xEE, 0x7C, 0x82, 0x3B, 0x9C, 0x99, 0xFF, 0xE7, 0xCF, 0xCC,
    0xFF, 0xEF, 0x7F, 0xD2, 0xD6, 0x1F, 0x49, 0xD8, 0x21, 0xD1, 0xDA, 0x0A, 0xB9, 0x4B, 0x95, 0x44,
    0x69, 0x45, 0x94, 0x1B, 0xA2, 0x66, 0x40, 0x62, 0x38, 0x24, 0x6F, 0x50, 0x93, 0x6F, 0xB6, 0x29,
    0x30, 0x29, 0x85, 0x95, 0x22, 0x69, 0xAD, 0x8E, 0xAC, 0x2D, 0xD4, 0xD6, 0x8D, 0x42, 0x69, 0x59,
    0xA1, 0xD6, 0x34, 0x68, 0xE1, 0x6D, 0x6D, 0xF8, 0xB6, 0x12, 0x18, 0xE9, 0x5D, 0x1D, 0x5A, 0x13,
    0xDA, 0xA1, 0x10, 0x35, 0x51, 0x7D, 0xC2, 0xD6, 0x91, 0xAD, 0x95, 0xAE, 0x95, 0xA8, 0xD5, 0x2F,
    0x6B, 0x65, 0x6B, 0x59, 0x5F, 0x69, 0xB9, 0x91, 0x57, 0x9E, 0x21, 0xB2, 0x68, 0x95, 0x82, 0xDF,
    0x02, 0xCD, 0x2D, 0x03, 0x7A, 0x07, 0xFA, 0xA6, 0x6F, 0x8D, 0xB0, 0x05, 0x2D, 0xD1, 0xB4, 0x92,
    0xCC, 0xC5, 0xD1, 0x2F, 0x88, 0x42, 0x4D, 0x24, 0x41, 0x21, 0xFE, 0x7B, 0x66, 0x3A, 0xB6, 0x06,
    0xB3, 0x27, 0xBF, 0x24, 0x6F, 0x44, 0x74, 0x8B, 0xFC, 0x21, 0xD8, 0x50, 0xA4, 0x69, 0xD1, 0xE9,
    0x20, 0x1F, 0x06, 0x76, 0x14, 0x3D, 0xBB, 0xA5, 0x0A, 0x4A, 0x89, 0xFA, 0x10, 0x8B, 0x68, 0xE4,
    0x0A, 0x9E, 0x51, 0xA3, 0x32, 0x8A, 0x9F, 0xFE, 0x29, 0xB4, 0xB5, 0x5B, 0x3D, 0xC7, 0x38, 0x2A,
    0xA8, 0x47, 0xB4, 0x4A, 0x74, 0x4A, 0x43, 0x01, 0xD2, 0x56, 0x71, 0xA9, 0x95, 0x26, 0x45, 0xAE,
    0x68, 0xEE, 0x12, 0x3D, 0xFC, 0x04, 0x82, 0x79, 0xB6, 0x74, 0x93, 0xCE, 0xC8, 0x96, 0xFE, 0x3F,
    0x07, 0x42, 0x2F, 0x1E, 0x87, 0xA3, 0x25, 0xCF, 0x66, 0xE1, 0xED, 0x6A, 0x81, 0x56, 0xA6, 0xE5,
    0xF8, 0x7A, 0x5B, 0xDB, 0x2D, 0xF3, 0xCC, 0x1C, 0x97, 0xDD, 0x8B, 0xC4, 0xF5, 0x9D, 0x8E, 0xA3,
    0x5F, 0x5E, 0x11, 0xCF, 0x06, 0x94, 0x97, 0xB4, 0xA4, 0x8F, 0xC1, 0x51, 0x66, 0x03, 0xFF, 0x49,
    0x45, 0x36, 0xA3, 0xB5, 0x69, 0x39, 0x06, 0xE5, 0x2D, 0x12, 0x4F, 0xB0, 0x0B, 0xC0, 0xB3, 0x63,
    0x4A, 0xAA, 0x41, 0x33, 0x0C, 0xA8, 0x6E, 0x34, 0xE8, 0x94, 0x6B, 0x85, 0x4E, 0x0A, 0xCB, 0xD5,
    0x92, 0x2C, 0x26, 0xCF, 0x5C, 0x9F, 0x93, 0xBA, 0x8E, 0x76, 0x76, 0x00, 0xCA, 0xD0, 0x3B, 0x89,
    0x71, 0xEB, 0xF7, 0xF8, 0x76, 0x8E, 0x6F, 0x6F, 0x10, 0x5D, 0x82, 0x0E, 0x02, 0x0B, 0x91, 0xA5,
    0xC5, 0x04, 0xE2, 0xA2, 0x61, 0x49, 0xFA, 0x2C, 0x51, 0x32, 0xBE, 0x69, 0xBE, 0x65, 0xA8, 0x8B,
    0xFF, 0xD5, 0x74, 0xED, 0xFC, 0xA6, 0xD7, 0x29, 0x5E, 0xDA, 0x0D, 0x57, 0x25, 0x1F, 0xD9, 0x4C,
    0x16, 0x71, 0x29, 0x0B, 0x59, 0xC9, 0x22, 0x30, 0xEB, 0x3B, 0x81, 0xC9, 0xAD, 0x6F, 0xF2, 0x26,
    0x30, 0xFC, 0xBF, 0xAD, 0x8F, 0x0B, 0xB9, 0x83, 0x76, 0x76, 0x84, 0x3E, 0x15, 0xB5, 0x0B, 0xC0,
    0x03, 0xE3, 0x84, 0x31, 0xE1, 0xD9, 0x1B, 0x25, 0x6E, 0xBC, 0xE8, 0x39, 0x04, 0x87, 0x34, 0x2A,
    0x4B, 0x9C, 0x04, 0x8E, 0x8A, 0xBE, 0x93, 0x81, 0xDF, 0xFB, 0xA3, 0x56, 0x82, 0x93, 0x5B, 0x5A,
    0xDA, 0x6C, 0x61, 0x8D, 0xD5, 0xA3, 0x6C, 0xC9, 0x65, 0x6B, 0xA3, 0xD3, 0x28, 0xD7, 0x14, 0x5C,
    0xB6, 0xB2, 0x49, 0x0D, 0xDE, 0xBA, 0x66, 0x13, 0x13, 0xF3, 0x0E, 0xE1, 0x41, 0x3E, 0x1F, 0xC6,
    0x05, 0x0E, 0xD6, 0xB6, 0xB2, 0x23, 0x2E, 0x9A, 0x62, 0xAC, 0x46, 0xF5, 0x03, 0xB7, 0x80, 0x83,
    0x76, 0xAE, 0x3F, 0xF6, 0x4A, 0x69, 0x8B, 0xC0, 0xBA, 0x93, 0x31, 0x23, 0xBB, 0xFD, 0xD6, 0x64,
    0x4A, 0xA6, 0x37, 0xC9, 0x1D, 0xFB, 0xB1, 0x35, 0x9B, 0x89, 0xE3, 0x19, 0xB7, 0x0F, 0xDB, 0x3D,
    0x3E, 0x1D, 0xBB, 0xD9, 0xC6, 0x87, 0xA1, 0xC2, 0x29, 0x3C, 0x4B, 0x14, 0xE1, 0xB9, 0x9C, 0xB0,
    0xC8, 0x0E, 0x63, 0x01, 0x4B, 0x58, 0xB1, 0x89, 0x0B, 0x33, 0x0A, 0xD8, 0x2A, 0x9E, 0xF5, 0x2B,
    0x79, 0x3F, 0xF3, 0x8F, 0xA5, 0xCF, 0x30, 0xFB, 0xD4, 0xC7, 0xD9, 0x98, 0x49, 0x99, 0x71, 0xE1,
    0x9C, 0x83, 0x80, 0x39, 0xEE, 0x0C, 0x15, 0xFE, 0x8F, 0xB0, 0xFD, 0x2D, 0xC9, 0xE6, 0x63, 0x6C,
    0x2F, 0xFC, 0xC5, 0x3E, 0xCA, 0x79, 0x53, 0x8A, 0x35, 0x1A, 0x05, 0x56, 0x37, 0xA0, 0xBE, 0x48,
    0x75, 0x4A, 0xB1, 0x56, 0x59, 0xAC, 0xE3, 0xA7, 0x29, 0xEC, 0xB1, 0xD5, 0x82, 0x4F, 0x81, 0xEB,
    0x8F, 0xC7, 0xC2, 0xFF, 0xDC, 0xB0, 0xE9, 0xBA, 0xB4, 0x18, 0xD8, 0x04, 0x9B, 0x13, 0xA7, 0x08,
    0x67, 0x08, 0x87, 0x87, 0x8B, 0x4E, 0x70, 0x76, 0xA2, 0x2F, 0x1A, 0xD4, 0xFB, 0x4D, 0xE2, 0xB6,
    0xFB, 0xE8, 0xF5, 0x8F, 0x60, 0xC5, 0x07, 0xA1, 0x3B, 0x93, 0x24, 0x5E, 0xF0, 0x5B, 0xFA, 0xD5,
    0x88, 0x85, 0xDD, 0x96, 0x5D, 0xC6, 0x6E, 0x83, 0x59, 0x66, 0x05, 0x1D, 0x43, 0x32, 0x76, 0x43,
    0x70, 0x03, 0xB0, 0x29, 0xB4, 0x7B, 0xCD, 0x2B, 0xD5, 0xD9, 0xD6, 0x32, 0xBA, 0xE7, 0xE3, 0x29,
    0x6B, 0x6E, 0x11, 0x4E, 0x66, 0x6C, 0x8B, 0x31, 0x35, 0x3C, 0xFF, 0x90, 0x9C, 0xB7, 0x8D, 0x9C,
    0x48, 0xC7, 0xD3, 0x12, 0xCB, 0x00, 0x4B, 0xE6, 0xFD, 0x77, 0xB0, 0xBB, 0xA5, 0x5A, 0x33, 0x7C,
    0x00, 0xB1, 0xC7, 0x1F, 0x7B, 0xFD, 0x43, 0xDA, 0x78, 0xD8, 0x06, 0x21, 0xCE, 0x43, 0x74, 0x21,
    0xA3, 0x45, 0xA1, 0x81, 0x1E, 0x68, 0x1F, 0xBD, 0x43, 0xE2, 0xB9, 0x2D, 0x84, 0x85, 0xE9, 0x6A,
    0x42, 0x23, 0x6A, 0xDF, 0x88, 0xE1, 0xE1, 0x24, 0x8B, 0x96, 0x6C, 0x77, 0x8D, 0xFF, 0x03, 0x81,
    0xB4, 0xB4, 0x73, 0x7D, 0xB7, 0xCD, 0x7E, 0x8A, 0xB2, 0x76, 0x03, 0x40, 0xDB, 0x8E, 0xDC, 0xFF,
    0x0F, 0x07, 0x14, 0xC1, 0x7A, 0x47, 0xCF, 0x2C, 0x4E, 0x7D, 0xBA, 0xEB, 0x6C, 0xA2, 0xEC, 0x65,
    0x3A, 0xF9, 0xF3, 0x4C, 0x59, 0xFD, 0x67, 0x4B, 0x2B, 0x4E, 0x2F, 0x11, 0x63, 0x1E, 0x1D, 0x8C,
    0xC8, 0x1B, 0x1E, 0x5A, 0xFC, 0xBA, 0x6B, 0x76, 0xCA, 0xD7, 0xA9, 0xA5, 0x6F, 0x1A, 0xD2, 0xAF,
    0x91, 0x58, 0xA1, 0xA0, 0x3A, 0xA2, 0xBC, 0x7B, 0x2D, 0x6D, 0x96, 0x56, 0x79, 0x77, 0xA4, 0xA3,
    0x68, 0x10, 0x56, 0xFB, 0x7F, 0xD2, 0xF0, 0x9B, 0xD3, 0xAE, 0x95, 0x58, 0x09, 0xAA, 0x83, 0x7E,
    0x90, 0xF1, 0x13, 0x49, 0x69, 0x43, 0x31, 0x9B, 0x87, 0x6E, 0xAF, 0xA1, 0x44, 0x03, 0x46, 0x53,
    0x87, 0x15, 0x69, 0xBA, 0x66, 0x6C, 0xAC, 0x43, 0x58, 0x2C, 0x8A, 0x5C, 0xF7, 0x69, 0xA4, 0xFE,
    0x76, 0x69, 0xE9, 0xA6, 0xA8, 0xFC, 0x0A, 0x88, 0xEE, 0x56, 0xA8, 0xE3, 0x82, 0xB5, 0xBF, 0xA0,
    0xA3, 0xEC, 0xA0, 0x9F, 0xA4, 0x73, 0xF8, 0xA9, 0x22, 0xCC, 0xFC, 0x32, 0x34, 0x6E, 0x26, 0x47,
    0x8C, 0xBD, 0x94, 0x4C, 0xAE, 0x74, 0x14, 0x96, 0xE9, 0x48, 0x96, 0xD1, 0x40, 0x96, 0x78, 0x7F,
    0x24, 0x49, 0x23, 0x5D, 0x7B, 0x26, 0x9C, 0xA5, 0x92, 0xC4, 0x7A, 0x01, 0xFB, 0x9B, 0x01, 0x14,
    0x10, 0x4F, 0xFB, 0x8C, 0x57, 0xE5, 0xBE, 0x49, 0x1C, 0x80, 0x5E, 0x12, 0x2B, 0x89, 0x7B, 0xFE,
    0x96, 0x42, 0x6D, 0x59, 0x77, 0xB6, 0x2A, 0xD7, 0x1E, 0x1F, 0x70, 0x8A, 0x7E, 0x55, 0x2C, 0xB6,
    0x8B, 0x50, 0xCF, 0x50, 0xE0, 0x2B, 0xBF, 0x3F, 0x64, 0xE4, 0x9D, 0x3B, 0xAB, 0x87, 0xED, 0x84,
    0xC3, 0x14, 0x5F, 0xC8, 0x78, 0xA8, 0x55, 0x3E, 0x40, 0x47, 0x16, 0x6C, 0xC2, 0x37, 0x81, 0x96,
    0x0C, 0x63, 0x31, 0x60, 0x28, 0xE0, 0x2B, 0x40, 0x10, 0x9C, 0x4A, 0x15, 0xA0, 0x0A, 0x73, 0x55,
    0x5C, 0x9F, 0xB3, 0x67, 0x22, 0x87, 0xA9, 0xD4, 0x05, 0xD4, 0x01, 0x30, 0x2B, 0x60, 0x6E, 0x25,
    0x46, 0xE4, 0x30, 0x17, 0x77, 0xE6, 0xEB, 0x34, 0x88, 0x51, 0x0A, 0xC7, 0x05, 0x97, 0x9C, 0x27,
    0xDE, 0x53, 0x56, 0x13, 0xAF, 0x4E, 0x42, 0x93, 0xC4, 0x45, 0x92, 0xBA, 0x2D, 0x64, 0x51, 0xB2,
    0x54, 0x96, 0x49, 0x60, 0xF8, 0x15, 0x39, 0x83, 0xF5, 0xB6, 0x9B, 0x19, 0xBC, 0xD7, 0x06, 0x26,
    0xB4, 0x9A, 0x88, 0x9A, 0xDF, 0xCA, 0x82, 0xCD, 0xD2, 0x88, 0xF7, 0x6A, 0x6A, 0x75, 0x8A, 0xBF,
    0xDC, 0x65, 0x88, 0x2E, 0x90, 0x12, 0xF6, 0x1A, 0xD6, 0x6C, 0x6C, 0x8A, 0xA6, 0x28, 0x5B, 0x9B,
    0xCA, 0x1A, 0x94, 0xC0, 0x44, 0x45, 0x0F, 0x1D, 0x93, 0x23, 0x7E, 0x33, 0x0D, 0xCA, 0x52, 0x5C,
    0x25, 0x1A, 0x72, 0x88, 0x82, 0x39, 0x24, 0xFB, 0x2E, 0x3A, 0xBD, 0x7C, 0xE5, 0xA2, 0x12, 0x03,
    0xE5, 0x19, 0xE5, 0x97, 0x4A, 0xE8, 0x23, 0x07, 0x04, 0x84, 0x4D, 0x7A, 0x94, 0x9C, 0xA3, 0xE4,
    0x8D, 0x7D, 0x0A, 0x3D, 0xB8, 0xEC, 0x1F, 0x27, 0xC8, 0xB0, 0x8C, 0x2A, 0x2C, 0x0F, 0x1E, 0x7C,
    0xEF, 0x44, 0xAF, 0x24, 0x4D, 0xB2, 0xFD, 0xE2, 0xD4, 0xA1, 0xDB, 0x49, 0xF9, 0x1B, 0xC9, 0x9A,
    0xE4, 0x88, 0x62, 0x6C, 0x37, 0xC4, 0x00, 0x05, 0x1B, 0x4B, 0xAE, 0xDF, 0xB9, 0x2A, 0x11, 0x95,
    0xD9, 0xFA, 0x05, 0xEB, 0x32, 0x0C, 0x46, 0x61, 0xAD, 0x4C, 0x8C, 0x13, 0x38, 0xB1, 0x37, 0x30,
    0x1A, 0xFE, 0xA0, 0xF5, 0xB0, 0x5D, 0xBC, 0xAA, 0x0A, 0x28, 0xA2, 0xF2, 0x8D, 0x32, 0x20, 0xD8,
    0xF6, 0xDE, 0x08, 0x94, 0x82, 0xD4, 0x07, 0xA6, 0x17, 0xDD, 0x36, 0xBD, 0xF0, 0x81, 0xE9, 0xF9,
    0xDF, 0x98, 0x9E, 0xD7, 0x98, 0x1E, 0x59, 0x50, 0x0A, 0x52, 0x20, 0xD8, 0x21, 0x59, 0x31, 0xE2,
    0x79, 0x8F, 0x80, 0x44, 0x16, 0x4F, 0xE9, 0xF7, 0xAC, 0x49, 0xED, 0x30, 0x7D, 0xBF, 0x4E, 0x89,
    0x4B, 0xF2, 0x52, 0x99, 0x8B, 0xD7, 0x5E, 0x57, 0x2A, 0xF1, 0xFC, 0x5D, 0x9A, 0x8A, 0x67, 0x0B,
    0x45, 0x11, 0xA2, 0xF2, 0x8E, 0xD8, 0x44, 0x78, 0x8B, 0x80, 0x64, 0x1B, 0xB5, 0x6A, 0x02, 0x7D,
    0xE6, 0x11, 0x4B, 0x9E, 0x37, 0xC1, 0xA3, 0x52, 0x58, 0x8D, 0x20, 0x6B, 0x1A, 0x71, 0x58, 0xF3,
    0xCE, 0xAD, 0x81, 0x75, 0xBC, 0x78, 0x22, 0x5B, 0x56, 0x29, 0x8E, 0x31, 0xFC, 0x5B, 0x1B, 0x79,
    0xF4, 0x27, 0x91, 0xC7, 0xCB, 0xE4, 0xE4, 0x64, 0x19, 0x87, 0x9D, 0x9C, 0xB6, 0x93, 0x31, 0xBE,
    0x67, 0x7A, 0xF2, 0x31, 0x64, 0x7C, 0x66, 0x7A, 0xC2, 0x76, 0x32, 0xB2, 0x7C, 0x11, 0x28, 0x04,
    0xB9, 0x40, 0x1F, 0x84, 0xC3, 0xCA, 0x81, 0x9E, 0x07, 0x71, 0x61, 0x9D, 0xF6, 0xC9, 0x9B, 0x1C,
    0xAC, 0x3E, 0x57, 0x7E, 0x54, 0x53, 0x3C, 0x60, 0xD4, 0x8D, 0x8C, 0x0B, 0xB9, 0x8C, 0x8B, 0xC3,
    0xCF, 0x24, 0x72, 0xB8, 0x2A, 0xB8, 0xEA, 0xF8, 0x59, 0x5E, 0xA8, 0x2C, 0x72, 0x79, 0x85, 0x3E,
    0xD8, 0x20, 0x5A, 0x1A, 0x8C, 0xA9, 0x0F, 0xD6, 0x5C, 0xAF, 0x32, 0x59, 0x71, 0x3B, 0x6E, 0xDF,
    0xC5, 0xC4, 0xE4, 0x6D, 0x6D, 0x12, 0x63, 0x46, 0x0E, 0x8A, 0xE8, 0xD7, 0xDA, 0x3D, 0x63, 0x23,
    0x03, 0x37, 0x43, 0x23, 0x80, 0x54, 0x6A, 0xFC, 0x63, 0x78, 0x05, 0xED, 0x44, 0x77, 0x47, 0xE0,
    0x07, 0xBB, 0xD9, 0x86, 0xE4, 0x74, 0x18, 0x9A, 0x9D, 0x57, 0x2E, 0xBE, 0xFC, 0xEC, 0xB2, 0x93,
    0x87, 0x9D, 0x84, 0x3B, 0x2D, 0xC7, 0x91, 0x6F, 0x7B, 0x9B, 0xC4, 0xFF, 0x06, 0xE4, 0xDF, 0x83,
    0xD3, 0x12, 0xF4, 0x4A, 0x64, 0x13, 0x4F, 0x01, 0x5B, 0xBE, 0x04, 0x14, 0xF8, 0x30, 0xA3, 0x85,
    0xE3, 0xCA, 0xE5, 0x06, 0x02, 0x3C, 0x43, 0x9E, 0x07, 0x37, 0xB0, 0xD8, 0xD9, 0x44, 0xF8, 0xAE,
    0x01, 0x96, 0x71, 0xE3, 0x5D, 0xC8, 0x5E, 0xC8, 0x56, 0x23, 0xBE, 0x35, 0x1C, 0x03, 0xB9, 0xBA,
    0xB4, 0xCD, 0x19, 0x70, 0xA0, 0xF3, 0x30, 0xDF, 0xDA, 0x74, 0x7D, 0xDD, 0x28, 0xD4, 0x85, 0x7C,
    0x1C, 0x16, 0x7D, 0x85, 0xC0, 0xC8, 0x5A, 0x0E, 0x8D, 0x2C, 0xC7, 0x65, 0x29, 0x6D, 0x2B, 0xDE,
    0xE1, 0xDD, 0x8D, 0xD1, 0xB8, 0xCE, 0x01, 0x81, 0xBF, 0xB0, 0xE5, 0xDB, 0x3C, 0x00, 0x42, 0xA5,
    0xBB, 0xE3, 0x70, 0x17, 0xE8, 0x86, 0x0D, 0x0A, 0x5B, 0x14, 0x1A, 0xA7, 0xF4, 0x5C, 0xFA, 0x01,
    0xEE, 0xEE, 0x06, 0xBB, 0x3B, 0xB8, 0x45, 0xEA, 0x28, 0x18, 0xB6, 0xF5, 0xEC, 0x12, 0xDF, 0x2A,
    0x3A, 0x97, 0x38, 0xE8, 0xDA, 0x34, 0x6E, 0xEE, 0xCC, 0x0C, 0x79, 0xB0, 0x8A, 0xD1, 0xD1, 0xE2,
    0x29, 0xBA, 0x92, 0x3B, 0x97, 0xF7, 0x90, 0xAB, 0xD3, 0x03, 0x2D, 0xF7, 0x3C, 0xBC, 0xC6, 0xEE,
    0x77, 0x79, 0xE2, 0x7E, 0xA7, 0xE1, 0xD9, 0xF6, 0x5A, 0x76, 0x7D, 0x2E, 0xC2, 0xB2, 0x9D, 0x37,
    0x04, 0x83, 0x82, 0xB5, 0x81, 0x1A, 0xD6, 0xE6, 0x57, 0xC1, 0xDE, 0x80, 0x77, 0xE1, 0x44, 0x16,
    0x01, 0xD6, 0xD9, 0x22, 0x7A, 0xAA, 0x23, 0xE7, 0x3C, 0x60, 0x89, 0xF6, 0x15, 0x46, 0x57, 0x98,
    0x4C, 0xDD, 0xE9, 0x1F, 0xD6, 0x42, 0xDA, 0x41, 0xBC, 0x63, 0x78, 0xDD, 0xB1, 0xEA, 0x25, 0xBB,
    0x1F, 0x1F, 0x21, 0x30, 0x10, 0x4F, 0x38, 0x00, 0x76, 0x79, 0xCD, 0x1B, 0xF6, 0x7E, 0x33, 0xC0,
    0x26, 0x89, 0xAD, 0x53, 0x41, 0xE4, 0xB0, 0xC0, 0x90, 0xBB, 0x8B, 0x6B, 0xD8, 0x92, 0xA5, 0xFA,
    0x4F, 0xA1, 0x5C, 0x8A, 0x32, 0x62, 0x94, 0x55, 0xD0, 0x3A, 0x22, 0xF7, 0xEA, 0x67, 0xF0, 0x86,
    0xB6, 0x88, 0xAD, 0x9B, 0x5E, 0xC3, 0x50, 0x2E, 0xBC, 0x53, 0x2E, 0x38, 0x96, 0xB3, 0x72, 0xF4,
    0x1C, 0xE2, 0x8A, 0x1C, 0xE2, 0x9A, 0x96, 0xE3, 0xAC, 0x5C, 0x6E, 0xE2, 0x1C, 0x73, 0xFC, 0xE6,
    0xE5, 0x8C, 0xD6, 0xA6, 0xE2, 0x62, 0x9C, 0xE1, 0x5C, 0x46, 0xD2, 0x88, 0x1D, 0xEE, 0xD8, 0x4B,
    0x64, 0xED, 0x92, 0xCE, 0x3A, 0xC7, 0xBD, 0x8B, 0x38, 0xE5, 0x1C, 0x73, 0xDB, 0xA0, 0xA4, 0x70,
    0x2C, 0x7D, 0x3A, 0xBA, 0xFC, 0xD4, 0x6D, 0x45, 0xA9, 0x45, 0x4E, 0x40, 0x94, 0xC8, 0x97, 0x04,
    0x40, 0x15, 0xFF, 0x70, 0x50, 0xCF, 0xBE, 0x08, 0x41, 0xDA, 0xF2, 0x10, 0x3A, 0x47, 0x42, 0x51,
    0xD3, 0xE5, 0xB6, 0x23, 0xB5, 0x1D, 0x5F, 0xC8, 0x38, 0xCE, 0x2A, 0x03, 0xE3, 0xD6, 0x65, 0xBF,
    0xB8, 0x12, 0x14, 0x17, 0xA7, 0x62, 0x3D, 0x19, 0xBF, 0xD9, 0x1D, 0xE4, 0xA4, 0xDD, 0x94, 0x1C,
    0x66, 0x9A, 0x97, 0xC7, 0x3F, 0x70, 0x52, 0x0E, 0x01, 0x1F, 0x30, 0xB2, 0xD8, 0xFC, 0x09, 0xD4,
    0x0A, 0x33, 0xBD, 0x5E, 0xD1, 0x42, 0x67, 0xB6, 0x0F, 0x0D, 0xB2, 0x5F, 0x22, 0x84, 0xA7, 0x3A,
    0xCE, 0xE2, 0x87, 0x56, 0x73, 0xDA, 0xD0, 0xEB, 0x8C, 0x9B, 0xB7, 0xF1, 0x5B, 0xD9, 0x98, 0xEF,
    0xAD, 0x97, 0xDF, 0x11, 0x80, 0xBC, 0xAB, 0x7D, 0xAA, 0xF7, 0x17, 0x51, 0xE7, 0x5E, 0x9D, 0x7E,
    0xD4, 0xA6, 0xD8, 0x6F, 0xB1, 0x18, 0xF0, 0x8E, 0xAE, 0x7B, 0xF7, 0x7D, 0x63, 0x5E, 0x11, 0x4E,
    0x6C, 0x65, 0xA1, 0x2D, 0x90, 0xB9, 0x9C, 0x92, 0xBF, 0xF3, 0x82, 0xC5, 0x39, 0xF4, 0xC7, 0x81,
    0xCE, 0xAB, 0x09, 0x66, 0x9C, 0x53, 0x0E, 0x4E, 0xE2, 0x12, 0x3C, 0x4F, 0x89, 0x1C, 0x3C, 0x74,
    0x31, 0xAD, 0x34, 0xCC, 0x3D, 0x85, 0x89, 0x7A, 0x5C, 0xB4, 0xC4, 0xCF, 0xAF, 0x4A, 0xA2, 0x45,
    0x58, 0x5C, 0xF2, 0xEE, 0x68, 0xEF, 0x33, 0x24, 0x6E, 0x68, 0x06, 0xA1, 0x6A, 0x38, 0x98, 0xC7,
    0xB0, 0xD9, 0x77, 0x8A, 0xD6, 0x19, 0xBF, 0x02, 0x61, 0xFC, 0xAF, 0x8D, 0xFC, 0x7B, 0x11, 0x47,
    0xB4, 0x38, 0xB5, 0x18, 0xC7, 0x67, 0xC9, 0x29, 0x9E, 0xAA, 0xFD, 0x0C, 0xE4, 0xA8, 0x76, 0x01,
    0xF0, 0x74, 0x6C, 0x0D, 0x77, 0xE1, 0x82, 0x4E, 0x9F, 0xF2, 0x37, 0x15, 0x67, 0xDB, 0x38, 0x12,
    0xC5, 0x97, 0x15, 0xB7, 0x60, 0x2B, 0xE3, 0xF5, 0xAE, 0x5D, 0x18, 0xB7, 0x8D, 0x36, 0x29, 0x9E,
    0x2C, 0x43, 0x0C, 0x80, 0x66, 0xC0, 0x0B, 0xB4, 0x07, 0x6C, 0xF9, 0xC5, 0xA3, 0x02, 0x89, 0x98,
    0x0F, 0xBE, 0xFA, 0xCB, 0x90, 0xE4, 0x9D, 0x7B, 0x9F, 0xC3, 0x62, 0x7E, 0x76, 0xFB, 0x4B, 0x18,
    0xC3, 0xFB, 0x7F, 0xFD, 0x1A, 0xBA, 0xBD, 0xFF, 0xBB, 0x27, 0xF8, 0xD6, 0x64, 0xB5, 0xE5, 0xA8,
    0x9F, 0x13, 0xB0, 0x9E, 0xA5, 0x3C, 0x23, 0xD1, 0xB8, 0x64, 0x9C, 0x13, 0x39, 0xE4, 0xD8, 0x35,
    0xE6, 0xD8, 0xC0, 0x45, 0xDE, 0x62, 0x55, 0xE8, 0xBE, 0x5F, 0x23, 0xCD, 0x10, 0x00, 0x72, 0xAB,
    0x70, 0x84, 0x0F, 0x01, 0x17, 0x3E, 0x46, 0xE6, 0xE2, 0xF7, 0x6F, 0xC5, 0x24, 0xEF, 0x4B, 0xC5,
    0xB7, 0x84, 0xC2, 0x7F, 0x4B, 0x7C, 0x23, 0x43, 0x9C, 0x84, 0x41, 0x82, 0x1A, 0xBE, 0x84, 0x83,
    0x23, 0x1E, 0x93, 0x39, 0x3D, 0x00, 0x2C, 0xD5, 0x2D, 0xCC, 0xC5, 0x47, 0x80, 0x8C, 0xB1, 0x4F,
    0x9C, 0xE5, 0x50, 0x22, 0x3C, 0xCE, 0x83, 0x21, 0xAF, 0x12, 0xE4, 0xA8, 0x5C, 0x5B, 0x96, 0xC6,
    0x25, 0x19, 0x0F, 0xA2, 0x3D, 0x9F, 0x9A, 0x56, 0x69, 0xA9, 0x4F, 0x7D, 0x60, 0x6D, 0x75, 0xBE,
    0x8E, 0xDE, 0x1F, 0xC8, 0xDB, 0x26, 0xBC, 0x53, 0xC1, 0x33, 0xF8, 0x9C, 0x5F, 0xCB, 0x58, 0x81,
    0x39, 0xBB, 0x1A, 0xF8, 0xEF, 0x37, 0x87, 0x0C, 0x67, 0x11, 0xD5, 0x8B, 0x6C, 0xC3, 0x89, 0xE2,
    0xDF, 0x35, 0xBB, 0xC0, 0x6D, 0x2E, 0x71, 0x38, 0x66, 0xD3, 0xEC, 0xCF, 0xDC, 0xDA, 0xC0, 0x3A,
    0xA3, 0x9C, 0xBE, 0x5E, 0xB3, 0x9B, 0xE2, 0x4F, 0x78, 0x45, 0x0B, 0x00, 0x85, 0xAB, 0x90, 0x6D,
    0xC5, 0xCE, 0xB5, 0xD6, 0xD4, 0xEE, 0xF5, 0xEE, 0x4B, 0x6B, 0xBA, 0x4B, 0xCA, 0xB7, 0x95, 0x2E,
    0xCB, 0xD6, 0x25, 0x03, 0xFE, 0xB0, 0x92, 0xDA, 0x0A, 0x85, 0xBF, 0x07, 0xE4, 0x63, 0x94, 0x33,
    0x2B, 0xAF, 0x9B, 0xEC, 0xDA, 0x85, 0x83, 0xBC, 0xD3, 0xF0, 0xDA, 0xE7, 0x7B, 0x66, 0xE2, 0xB5,
    0xD7, 0xBF, 0x4E, 0xC3, 0x2B, 0x1C, 0xAA, 0x5A, 0x5D, 0x4D, 0x0F, 0xCD, 0x57, 0xFC, 0x1F, 0xBD,
    0x59, 0x3D, 0x6C, 0xDD, 0xD6, 0x15, 0x3E, 0x97, 0x8C, 0xC4, 0xA2, 0x1C, 0xA8, 0x41, 0x02, 0xDA,
    0x14, 0x0D, 0x3B, 0x74, 0x4A, 0x51, 0x71, 0x2E, 0x10, 0xEB, 0x52, 0xE9, 0xE0, 0x31, 0x1A, 0xA4,
    0x16, 0x48, 0x07, 0x77, 0xF0, 0x10, 0xB7, 0x83, 0x97, 0x0C, 0x09, 0x60, 0x3F, 0xB2, 0xF5, 0xD8,
    0xA1, 0x9E, 0xBA, 0x64, 0xA8, 0x06, 0x0D, 0xAD, 0x0A, 0x54, 0x4B, 0x07, 0x17, 0xB0, 0x1E, 0x59,
    0x78, 0xC8, 0x90, 0x21, 0x4C, 0x82, 0x34, 0x63, 0x88, 0xB4, 0xCE, 0xA0, 0x0C, 0x66, 0x01, 0x36,
    0xA1, 0x6D, 0x92, 0xB7, 0xDF, 0x77, 0xC9, 0xA7, 0xBF, 0x44, 0xB6, 0x6C, 0x3D, 0x54, 0xBE, 0xF7,
    0xF0, 0x3D, 0xBE, 0xFB, 0x73, 0xEE, 0xB9, 0xE7, 0x7E, 0xE7, 0x3B, 0xD7, 0x22, 0x12, 0xA6, 0x2A,
    0x6B, 0xA2, 0xD8, 0x37, 0x26, 0x91, 0xF0, 0x51, 0xD6, 0x89, 0x4E, 0xC3, 0x5A, 0x12, 0xF1, 0x2B,
    0x99, 0x8A, 0x57, 0x49, 0x2F, 0x6E, 0x7D, 0x4C, 0x4C, 0xC5, 0xAD, 0x86, 0x5F, 0x75, 0x1A, 0x94,
    0x12, 0x3D, 0xCA, 0x72, 0x41, 0x5F, 0x11, 0x65, 0x1A, 0x39, 0xFE, 0xA7, 0x5A, 0x79, 0xFD, 0xD5,
    0xC6, 0x35, 0x5F, 0x55, 0x81, 0x31, 0x45, 0x94, 0x1B, 0xD1, 0x71, 0x82, 0xAA, 0xC5, 0xFE, 0xC3,
    0xE7, 0x28, 0x9D, 0x4A, 0xF8, 0x79, 0x87, 0xEE, 0x0D, 0x7A, 0x17, 0xB3, 0x8E, 0x5E, 0xA1, 0x25,
    0x78, 0x9F, 0xE2, 0xD3, 0x1C, 0x02, 0xFD, 0x24, 0x68, 0x28, 0xF2, 0x27, 0x89, 0x10, 0x22, 0x8E,
    0x52, 0x89, 0xEE, 0x9B, 0x18, 0x9D, 0x7A, 0x11, 0xC7, 0xD4, 0x27, 0x14, 0x92, 0x6E, 0x59, 0x36,
    0xDB, 0xA9, 0x74, 0xCD, 0x54, 0x4C, 0x35, 0x95, 0x3E, 0x9E, 0x4A, 0x2B, 0x87, 0x15, 0xFA, 0x66,
    0x4E, 0x2B, 0xC9, 0x3B, 0xAD, 0x68, 0xD3, 0x4A, 0xD0, 0xDE, 0x3D, 0xEC, 0x78, 0x27, 0x48, 0xF9,
    0xD0, 0x13, 0xFB, 0x2D, 0x68, 0x87, 0xF5, 0x6D, 0xCC, 0x7E, 0xD6, 0x7D, 0xEC, 0x1A, 0x53, 0x6A,
    0xD3, 0xD8, 0xC7, 0x5E, 0xEF, 0xEC, 0x66, 0x50, 0x3F, 0x8B, 0xB1, 0x42, 0xAC, 0x34, 0x85, 0xB9,
    0xAC, 0x7E, 0x9D, 0x7D, 0xB8, 0xC3, 0x5A, 0x60, 0x59, 0x7E, 0x1B, 0x75, 0xD7, 0x31, 0x6D, 0x92,
    0x66, 0x18, 0x4C, 0x32, 0x68, 0x22, 0xFA, 0x2F, 0xBD, 0xDB, 0xEF, 0xDE, 0xD6, 0xA6, 0xF6, 0x8C,
    0xA9, 0xB4, 0x49, 0xF9, 0xC0, 0x5C, 0x4E, 0x15, 0x71, 0x3E, 0xD9, 0xA7, 0x96, 0x18, 0x09, 0xA3,
    0xEC, 0xF5, 0xB2, 0xC0, 0xEE, 0xD9, 0xFA, 0xD6, 0x16, 0x47, 0xB9, 0x85, 0xC5, 0x63, 0xCC, 0x7B,
    0xC3, 0x23, 0xC7, 0x68, 0x9C, 0x0F, 0x5B, 0xC7, 0x6F, 0x7E, 0x69, 0x1F, 0xB4, 0x16, 0xE6, 0xD3,
    0x76, 0x3E, 0x28, 0xC6, 0xF9, 0x9C, 0x0E, 0xDD, 0x4D, 0x8D, 0x35, 0xE0, 0x91, 0xF2, 0x21, 0x32,
    0xF1, 0xF3, 0x3B, 0x22, 0x53, 0xE7, 0x2B, 0xCC, 0x0D, 0xAB, 0xE5, 0x94, 0x2B, 0x22, 0x57, 0x27,
    0x0B, 0x5B, 0x1B, 0x9E, 0x99, 0x06, 0xA6, 0x81, 0xA9, 0x21, 0xA3, 0xBC, 0x87, 0xAF, 0x68, 0x58,
    0x34, 0xC0, 0x9E, 0x4D, 0xEC, 0x36, 0x4F, 0xD0, 0x56, 0xC7, 0x13, 0xCE, 0x9F, 0x4E, 0x31, 0x7D,
    0xF4, 0x79, 0xEF, 0xFF, 0x77, 0xD3, 0xB6, 0x6F, 0xDD, 0x7E, 0x0D, 0x72, 0x34, 0x1F, 0xA6, 0x41,
    0x4D, 0xCE, 0x5D, 0x77, 0xB7, 0x13, 0x6D, 0x2A, 0x5B, 0x85, 0x0A, 0xC9, 0x0A, 0x17, 0x40, 0xA3,
    0x41, 0xCB, 0x05, 0x0E, 0xF9, 0x16, 0xDA, 0xF5, 0xA8, 0xFB, 0x7A, 0x18, 0x7F, 0x73, 0xFC, 0x7C,
    0x76, 0xDD, 0xDD, 0xDE, 0xC7, 0x78, 0xB6, 0xA2, 0x0B, 0x2B, 0xC6, 0xFC, 0x36, 0x6A, 0x88, 0x71,
    0xC3, 0x72, 0xE2, 0x94, 0x13, 0xB7, 0x62, 0x81, 0xB2, 0x6A, 0x63, 0xFC, 0x7C, 0x76, 0x91, 0xA1,
    0x5C, 0xAF, 0x04, 0x7E, 0x9D, 0xC5, 0x3A, 0x77, 0x2A, 0x18, 0xA6, 0x74, 0x29, 0x2B, 0x2B, 0x5B,
    0xCA, 0xB5, 0xCE, 0xCA, 0xC4, 0x4A, 0x7D, 0x8B, 0x32, 0xBC, 0x47, 0xE9, 0x7F, 0x46, 0xE9, 0x7E,
    0x49, 0xE9, 0xF4, 0x94, 0x70, 0x59, 0xCA, 0xC4, 0x4A, 0x6D, 0x65, 0x00, 0xC9, 0xD5, 0x86, 0x94,
    0x0B, 0x09, 0x7D, 0xD4, 0xE7, 0xA6, 0x89, 0xDF, 0x59, 0x07, 0x8D, 0x07, 0x77, 0xB5, 0xB3, 0xC3,
    0x13, 0x31, 0x7B, 0x98, 0x72, 0x76, 0x1A, 0xCB, 0xAD, 0x16, 0x84, 0xB3, 0x47, 0x29, 0x67, 0x87,
    0xC4, 0xEC, 0x90, 0x98, 0x1D, 0x12, 0xB3, 0x43, 0x62, 0x76, 0x48, 0xCC, 0x0E, 0x89, 0xD9, 0x29,
    0x13, 0x2B, 0xB5, 0x95, 0x01, 0x24, 0xC7, 0x3F, 0x26, 0x9D, 0x8C, 0x53, 0xBA, 0x56, 0x07, 0xD7,
    0xA2, 0x81, 0xC7, 0xD7, 0x01, 0x8F, 0xB6, 0x3F, 0x9C, 0xEF, 0xE5, 0x17, 0xE3, 0x85, 0xF8, 0x26,
    0xD6, 0x52, 0x24, 0xF0, 0x9D, 0x22, 0xF9, 0x6D, 0x0B, 0x21, 0x33, 0x31, 0x79, 0xA2, 0x98, 0x0D,
    0x45, 0xA1, 0xF6, 0x72, 0x42, 0x0E, 0x45, 0x2F, 0x4E, 0xB9, 0x86, 0xFD, 0x6A, 0x46, 0x07, 0x88,
    0x47, 0xB7, 0x42, 0xAB, 0xA4, 0x14, 0xC9, 0xF0, 0xAE, 0xAF, 0x45, 0x35, 0x8D, 0x38, 0x75, 0x8B,
    0x5D, 0xD9, 0x87, 0xA7, 0x02, 0xC0, 0x4A, 0x62, 0x8B, 0x89, 0x43, 0x63, 0x72, 0xBD, 0xBB, 0x87,
    0x13, 0x18, 0x94, 0x84, 0x35, 0x80, 0x5C, 0xE5, 0xA7, 0x77, 0x5C, 0x78, 0x3C, 0x46, 0x87, 0xAF,
    0xFF, 0x0A, 0xD0, 0x58, 0x01, 0xA2, 0x14, 0x8F, 0x65, 0xBB, 0x68, 0xDA, 0xD0, 0xB4, 0x3A, 0x6E,
    0xB5, 0x6A, 0xF5, 0xE5, 0x16, 0x48, 0x11, 0xB4, 0x37, 0x30, 0xDB, 0x25, 0xAF, 0x08, 0xF6, 0x62,
    0xAF, 0x17, 0xB5, 0x69, 0xB7, 0x84, 0x03, 0xC7, 0x5E, 0x27, 0x4E, 0x73, 0x66, 0x71, 0xDB, 0xB1,
    0xD9, 0xAA, 0x5B, 0x06, 0x9F, 0xA6, 0x34, 0xDB, 0x26, 0x8B, 0x6A, 0x9E, 0x52, 0x9C, 0x72, 0x15,
    0xCB, 0x6D, 0x4F, 0x2C, 0x57, 0x65, 0xB5, 0x85, 0x61, 0xE2, 0x31, 0x00, 0xDC, 0x2E, 0x85, 0xF0,
    0x4D, 0xCC, 0x9E, 0x55, 0x42, 0x37, 0xDF, 0x13, 0xB8, 0xD9, 0x8E, 0xED, 0x67, 0xA8, 0xED, 0xE5,
    0x77, 0xC5, 0x9E, 0x72, 0xC0, 0xB9, 0xAC, 0x60, 0xCC, 0xD7, 0x63, 0x6C, 0x64, 0x25, 0x3C, 0xA5,
    0x51, 0xDE, 0x0D, 0xD8, 0x2D, 0xA7, 0xB0, 0xFB, 0x83, 0x93, 0xD8, 0xED, 0x15, 0x37, 0x44, 0x3D,
    0x02, 0xE8, 0x66, 0xC5, 0x30, 0x86, 0x3D, 0x7C, 0x04, 0x84, 0xF3, 0x54, 0x82, 0x60, 0x94, 0x12,
    0xBE, 0x89, 0xDE, 0x33, 0xF0, 0x0E, 0xD6, 0x2B, 0xEF, 0x8B, 0x42, 0x01, 0xD3, 0xB7, 0x04, 0xF0,
    0x0D, 0xA4, 0x3E, 0x5D, 0x54, 0x0B, 0xD8, 0x06, 0x6A, 0xDB, 0xAD, 0xB0, 0x98, 0xBD, 0xB5, 0x61,
    0xBB, 0xAB, 0xDD, 0x6D, 0x91, 0x8D, 0x0D, 0x51, 0xFF, 0xA9, 0x44, 0x55, 0xD5, 0x5C, 0xD4, 0xF1,
    0x0D, 0xAC, 0xC6, 0xE3, 0xE6, 0xDD, 0xCA, 0xFD, 0x77, 0x73, 0xB5, 0x1E, 0x9F, 0x57, 0x29, 0x07,
    0x03, 0x78, 0x25, 0x8F, 0xE3, 0xDC, 0x95, 0xA2, 0x0F, 0xD8, 0x38, 0x22, 0x6F, 0x3C, 0xB3, 0x5E,
    0x4E, 0xF1, 0xA6, 0xC8, 0x63, 0xE8, 0x85, 0x30, 0x35, 0x6F, 0xBD, 0x16, 0x24, 0xF6, 0xA0, 0x8B,
    0x79, 0x2E, 0xBD, 0x38, 0x04, 0x03, 0x44, 0x24, 0xF3, 0xD7, 0x2B, 0xC6, 0xE9, 0x17, 0x55, 0x3F,
    0x8F, 0x5E, 0xEA, 0xCF, 0x38, 0xB4, 0x45, 0x88, 0x91, 0xC0, 0x15, 0xA4, 0x5B, 0xD9, 0xEA, 0xB4,
    0xE9, 0xF4, 0x6E, 0xA7, 0xA5, 0x8D, 0x80, 0x65, 0xA6, 0x72, 0x4C, 0x3A, 0xFA, 0xA0, 0xF0, 0x68,
    0xED, 0xEE, 0x58, 0xF5, 0xA5, 0xC6, 0xE7, 0xAA, 0xBE, 0x30, 0x32, 0xB9, 0xA6, 0x44, 0x21, 0xBC,
    0x7E, 0x58, 0xB8, 0x1F, 0x95, 0xD0, 0xFB, 0x9C, 0xF8, 0x44, 0x85, 0xD4, 0x4C, 0xA1, 0x45, 0x1E,
    0xAC, 0x74, 0xF0, 0xC5, 0x79, 0x29, 0x24, 0x97, 0x44, 0x80, 0xC2, 0x2F, 0x9C, 0x17, 0x30, 0xC5,
    0xE1, 0xF1, 0x24, 0xC4, 0x88, 0xDA, 0x9A, 0x51, 0x29, 0x90, 0x9C, 0x86, 0x53, 0x35, 0x30, 0xF2,
    0xC1, 0x8E, 0x68, 0x46, 0xB6, 0x09, 0xC5, 0x3E, 0x05, 0x06, 0xAA, 0x9C, 0x1A, 0x02, 0x81, 0xEC,
    0x60, 0x1B, 0xE8, 0x95, 0xB3, 0x6D, 0x2E, 0xE1, 0xC7, 0xD7, 0x49, 0xFE, 0xC2, 0x83, 0x1D, 0x30,
    0x58, 0xD3, 0x74, 0x14, 0xB2, 0xB8, 0x9B, 0xDA, 0xE3, 0x8A, 0xED, 0xDE, 0xC2, 0x32, 0xAF, 0xA9,
    0x1D, 0x34, 0x7E, 0x60, 0x52, 0xFF, 0x0B, 0xF3, 0xA0, 0x50, 0x0A, 0xA1, 0x0F, 0x0C, 0xD5, 0xAD,
    0x16, 0x0D, 0x78, 0x55, 0x48, 0xA1, 0x7F, 0x43, 0x44, 0xB5, 0xDC, 0xEB, 0xB2, 0x59, 0xBF, 0x1D,
    0x99, 0x3D, 0x53, 0xFA, 0xBD, 0x77, 0xC4, 0x4B, 0x61, 0xA3, 0x8E, 0x1A, 0x4A, 0xD0, 0xFF, 0x55,
    0x34, 0x06, 0x4E, 0x30, 0x6E, 0x46, 0x06, 0xE2, 0x99, 0xB8, 0x63, 0x5D, 0xCC, 0xE2, 0xA9, 0x4A,
    0x6E, 0x27, 0x1E, 0x46, 0x7B, 0x35, 0x2B, 0xA3, 0x7F, 0x27, 0xA4, 0xD5, 0xB1, 0x22, 0x1B, 0xE5,
    0xDF, 0xD5, 0x65, 0xF4, 0x9F, 0x40, 0xBD, 0x5E, 0xA2, 0x7F, 0x80, 0x9D, 0x81, 0x2E, 0x59, 0xB2,
    0x64, 0x09, 0xD3, 0x54, 0xA2, 0x0F, 0x7A, 0xCB, 0x5C, 0xBD, 0x1E, 0x9C, 0x66, 0x09, 0x15, 0x34,
    0x8C, 0xF5, 0xFB, 0x3F, 0x63, 0xA4, 0x20, 0xBE, 0xDF, 0xFE, 0xE6, 0x50, 0x77, 0x96, 0x5E, 0x6A,
    0x4B, 0xA8, 0x17, 0x16, 0x41, 0xBD, 0x88, 0xDA, 0xB1, 0x4E, 0xA3, 0x38, 0x7A, 0x78, 0x52, 0x2F,
    0x3F, 0xBF, 0xEB, 0x1C, 0x86, 0xBB, 0xAB, 0xCB, 0x50, 0x11, 0x5A, 0x80, 0xD1, 0x41, 0x27, 0x4D,
    0x6A, 0x36, 0x01, 0x8B, 0x03, 0x85, 0x0B, 0xFF, 0x09, 0xE6, 0x06, 0x56, 0x3A, 0xB1, 0x9C, 0xAB,
    0x7B, 0xE9, 0x1D, 0xEC, 0x47, 0xED, 0xC3, 0xA2, 0xB3, 0xD0, 0x41, 0x63, 0xAF, 0xCC, 0x38, 0x1D,
    0x19, 0x20, 0x96, 0x88, 0x53, 0xA2, 0x49, 0x75, 0x11, 0xB3, 0x35, 0x20, 0x46, 0x93, 0xE1, 0x9A,
    0x71, 0x65, 0xAF, 0xE1, 0x1D, 0xF3, 0x08, 0x32, 0x62, 0xD5, 0x59, 0x26, 0x4A, 0x52, 0xBA, 0xE6,
    0x96, 0xA0, 0xFE, 0xE9, 0xC0, 0x23, 0x10, 0x11, 0x11, 0xF1, 0x4E, 0x55, 0xB5, 0xA1, 0x1A, 0xBF,
    0x52, 0x60, 0x9D, 0xAA, 0xC9, 0x44, 0x3D, 0x6C, 0xE1, 0xDA, 0x70, 0x5B, 0xC3, 0x27, 0x22, 0x30,
    0xBC, 0x4D, 0x35, 0x20, 0xBE, 0xB6, 0xCD, 0xC0, 0x43, 0x2E, 0x14, 0x1E, 0x79, 0x4C, 0x5E, 0x12,
    0xEB, 0xDE, 0x12, 0x15, 0xB4, 0xD7, 0xB3, 0x87, 0xC7, 0x1F, 0x93, 0x95, 0x32, 0x95, 0xE0, 0x76,
    0xC1, 0x33, 0xC3, 0x78, 0x38, 0x8A, 0x24, 0xC1, 0x5B, 0x9B, 0x32, 0x37, 0x1D, 0x57, 0x67, 0x3A,
    0x16, 0xF6, 0x80, 0x51, 0x47, 0x7B, 0xBC, 0x9E, 0x47, 0xDF, 0x1B, 0x27, 0xF5, 0x9D, 0x85, 0xE2,
    0x14, 0xA1, 0x98, 0x5B, 0x6C, 0x1A, 0x1C, 0xE6, 0x97, 0xF7, 0x6A, 0x09, 0x0B, 0xB8, 0x1C, 0x36,
    0xD0, 0x65, 0x1E, 0x54, 0xA9, 0x5F, 0xB7, 0x96, 0x3C, 0x83, 0x43, 0x77, 0x6F, 0xFF, 0xBC, 0x4D,
    0x4C, 0x1D, 0x59, 0x48, 0x3C, 0x1E, 0xC9, 0x57, 0xB6, 0x36, 0xD1, 0x97, 0x69, 0x16, 0xF6, 0x3F,
    0xCA, 0xE1, 0x4F, 0xF0, 0x13, 0x97, 0x49, 0x47, 0x25, 0x5E, 0x63, 0x81, 0xBF, 0xA3, 0x54, 0xED,
    0x64, 0xAF, 0x49, 0x4C, 0xF5, 0xBD, 0x3E, 0x5E, 0x7B, 0x46, 0x92, 0xA4, 0x2C, 0xC7, 0xFA, 0x51,
    0x6D, 0x53, 0xA4, 0xF4, 0xFF, 0x97, 0xA3, 0x31, 0x39, 0xB3, 0xC6, 0xA1, 0xDC, 0xEB, 0xED, 0x59,
    0x60, 0x66, 0x36, 0x24, 0x66, 0x43, 0x5E, 0x36, 0xA4, 0x65, 0x43, 0x56, 0x36, 0x24, 0x65, 0x43,
    0x4E, 0x36, 0xA4, 0x64, 0x43, 0x46, 0x36, 0x24, 0x64, 0x43, 0x3E, 0x36, 0x4B, 0xC7, 0x86, 0xFC,
    0x73, 0x7A, 0x5A, 0xCE, 0x35, 0x1B, 0xA3, 0xD5, 0x18, 0x1E, 0xAD, 0x87, 0x2E, 0xCB, 0x5C, 0x00,
    0x86, 0xF7, 0x06, 0x04, 0x00, 0x3B, 0xE0, 0xB3, 0x03, 0x0C, 0x4D, 0x22, 0x27, 0xC5, 0x26, 0x45,
    0x3B, 0x08, 0x28, 0x36, 0x8A, 0xDD, 0x6C, 0xF6, 0x6E, 0x14, 0x34, 0xB2, 0xFE, 0xA4, 0x81, 0x75,
    0xB1, 0x31, 0x58, 0x42, 0x7A, 0x08, 0xE5, 0x97, 0xC2, 0x52, 0xD6, 0x32, 0x18, 0xE3, 0x11, 0x40,
    0x2A, 0xCF, 0x8E, 0xEE, 0x25, 0xAC, 0x23, 0x10, 0x88, 0xBA, 0x01, 0xBC, 0x7C, 0x78, 0x10, 0x62,
    0xA3, 0x05, 0xAC, 0x6E, 0x08, 0x95, 0x63, 0x52, 0x79, 0xA2, 0x4A, 0x32, 0x26, 0x62, 0xE4, 0x78,
    0x32, 0xC4, 0x33, 0xE6, 0x5D, 0xCC, 0xBA, 0x98, 0x73, 0x31, 0xE3, 0x62, 0xBE, 0xC5, 0x6C, 0x8B,
    0xB9, 0x16, 0x33, 0x2D, 0xE6, 0x59, 0xCC, 0xB2, 0x98, 0x63, 0x31, 0xC3, 0x62, 0x7E, 0xC5, 0xEC,
    0x8A, 0xB9, 0x15, 0x2C, 0xC6, 0x53, 0x10, 0x91, 0x45, 0x21, 0x67, 0x42, 0xC6, 0x84, 0x7C, 0x09,
    0xD9, 0x12, 0xD2, 0x24, 0x94, 0xC9, 0xD7, 0x8A, 0xCD, 0xB7, 0x98, 0x63, 0x31, 0xFF, 0xC5, 0x89,
    0x92, 0xB7, 0xA1, 0xC7, 0x9B, 0xE5, 0xC9, 0xD8, 0xDE, 0x31, 0xB6, 0x33, 0xAE, 0xB3, 0x4E, 0x8E,
    0xC7, 0xF5, 0x34, 0x3A, 0xC8, 0x18, 0xD7, 0x8B, 0x59, 0x5C, 0xB7, 0xDC, 0xBB, 0x1C, 0x23, 0x3A,
    0x4E, 0xC9, 0xBF, 0x72, 0xF9, 0x30, 0x17, 0x18, 0xE1, 0xBB, 0xE7, 0x0E, 0xF0, 0x3C, 0xDB, 0x63,
    0x72, 0x4A, 0xE4, 0x94, 0x4D, 0x99, 0x7F, 0x94, 0x1F, 0x86, 0xB7, 0x1B, 0x60, 0x71, 0x9E, 0x86,
    0xBF, 0x70, 0xA8, 0xE7, 0x0F, 0xB4, 0x00, 0xB3, 0x6B, 0x7B, 0x9D, 0xA0, 0x80, 0xCD, 0x8F, 0x89,
    0xB5, 0x69, 0xF4, 0x08, 0x14, 0x08, 0xA9, 0x74, 0xC2, 0x1B, 0x24, 0x04, 0xBD, 0xDE, 0xBD, 0x57,
    0xF7, 0xC1, 0x4F, 0xEB, 0x3E, 0x02, 0x36, 0xBF, 0x02, 0x6C, 0xAE, 0x81, 0xCD, 0xD5, 0x80, 0xCD,
    0x01, 0xB1, 0x1C, 0x3A, 0x7E, 0x6B, 0xB4, 0x45, 0x98, 0xD2, 0x0E, 0xD0, 0xF0, 0xDA, 0x0F, 0x5C,
    0x18, 0xC9, 0xB4, 0xD1, 0xBD, 0x4E, 0x5F, 0xEE, 0x75, 0x90, 0xE8, 0x55, 0xAD, 0xEF, 0x26, 0xBA,
    0x9A, 0x86, 0x5F, 0x76, 0x3E, 0x0F, 0x71, 0xA1, 0x30, 0xFB, 0xFB, 0xB9, 0x78, 0x9F, 0x14, 0x96,
    0xF9, 0xCA, 0xD2, 0xD2, 0x85, 0x99, 0x9A, 0xC6, 0x29, 0x78, 0x2D, 0xF6, 0xEE, 0xE5, 0x12, 0x9F,
    0x9B, 0x34, 0xDA, 0xCC, 0xBE, 0xB4, 0x4C, 0xD6, 0x29, 0x91, 0xDC, 0xC5, 0x2F, 0x5C, 0x58, 0x0D,
    0x76, 0xCF, 0x00, 0x67, 0xA5, 0x9F, 0xE2, 0x0A, 0x62, 0xE9, 0x9C, 0x9A, 0x9C, 0x50, 0x1E, 0xB6,
    0x31, 0x35, 0xCB, 0xC1, 0x0E, 0xB6, 0x68, 0x2C, 0xB8, 0x52, 0x40, 0x39, 0xD8, 0x3E, 0x7A, 0x83,
    0x5F, 0x6D, 0xB3, 0xB1, 0xEF, 0xBB, 0xB6, 0xEF, 0x35, 0x84, 0x99, 0x32, 0x78, 0x0C, 0x88, 0xC4,
    0x2C, 0xFB, 0xE4, 0xEE, 0x28, 0x0C, 0x02, 0xB8, 0xE4, 0xF9, 0x8E, 0x6F, 0x5A, 0x35, 0xCB, 0xA9,
    0x1C, 0x72, 0xB1, 0x74, 0xD5, 0xCD, 0x97, 0x65, 0x00, 0xF4, 0x82, 0x05, 0x68, 0x2F, 0x32, 0x16,
    0xAC, 0x8D, 0xCB, 0x4B, 0x8F, 0xDE, 0x30, 0x16, 0xB0, 0xD9, 0xE9, 0x35, 0x9E, 0x6F, 0xD2, 0xC9,
    0x9A, 0x84, 0xA1, 0xCD, 0x98, 0xEC, 0x1A, 0xE1, 0x8E, 0x28, 0x8C, 0x97, 0x53, 0x39, 0xB3, 0x98,
    0xB1, 0xD9, 0x1A, 0xD6, 0x78, 0x65, 0xB6, 0xC6, 0x15, 0x1B, 0x29, 0x9E, 0x5C, 0x70, 0x72, 0x6A,
    0xC2, 0x7A, 0x1D, 0xCA, 0xC6, 0xC2, 0x08, 0xF1, 0x28, 0x78, 0x09, 0xEC, 0x3F, 0xAB, 0x04, 0xD5,
    0xD8, 0x8C, 0x5B, 0x00, 0x5C, 0xEC, 0xE5, 0x0E, 0xBA, 0x2B, 0x5E, 0x85, 0x02, 0xF6, 0x9E, 0x5C,
    0xAC, 0x3B, 0x7F, 0x74, 0xD2, 0x9D, 0x2F, 0x7A, 0x69, 0xA1, 0x01, 0x8F, 0xC1, 0xEF, 0xC1, 0x14,
    0x31, 0xAE, 0xCD, 0xB2, 0x9E, 0xE3, 0xD2, 0xE2, 0xA4, 0x8F, 0xBF, 0x72, 0xE8, 0xE3, 0x17, 0xD5,
    0x4D, 0x06, 0x27, 0xB0, 0xFA, 0x78, 0xF9, 0xDF, 0x80, 0x21, 0x4B, 0xCF, 0xA5, 0xDF, 0xCD, 0x9B,
    0x50, 0x0F, 0xEB, 0xF4, 0x7F, 0x97, 0x0A, 0xD3, 0xBD, 0xF1, 0xC2, 0x19, 0xEE, 0xC7, 0xAB, 0xDF,
    0xC6, 0xC2, 0x18, 0x82, 0xDD, 0x50, 0xC1, 0x9D, 0xEC, 0x7B, 0x06, 0xAB, 0x2B, 0xF9, 0xC8, 0xAE,
    0xEB, 0xB1, 0x4D, 0x6F, 0x67, 0x39, 0xEE, 0x29, 0x6A, 0x7D, 0xDB, 0x7B, 0xAF, 0x42, 0xB6, 0xE2,
    0xF5, 0x1B, 0xE0, 0x3A, 0x2C, 0x5F, 0xDB, 0x37, 0x6B, 0x0B, 0x38, 0xA1, 0x47, 0x1C, 0x5E, 0x2F,
    0x11, 0x0E, 0x36, 0x2E, 0xAC, 0xC3, 0x29, 0xF7, 0x59, 0x7E, 0x51, 0x6E, 0x64, 0x92, 0x18, 0x49,
    0xEE, 0x33, 0x8C, 0x26, 0xDF, 0xE4, 0xAF, 0xE1, 0x95, 0x54, 0xFC, 0xF7, 0x72, 0x71, 0x3E, 0x2B,
    0x87, 0xAD, 0x9E, 0xC3, 0x3D, 0xC0, 0xFE, 0x4D, 0x5A, 0x16, 0x86, 0x7D, 0x86, 0x6B, 0x1C, 0x7B,
    0x54, 0x0A, 0x9B, 0x6F, 0xB8, 0xC5, 0x5B, 0xF0, 0x96, 0xE5, 0xF9, 0x5C, 0xE1, 0xD0, 0xC8, 0x4C,
    0x57, 0x61, 0x62, 0x58, 0xF8, 0xFC, 0xDA, 0x38, 0xA6, 0x00, 0xC4, 0x45, 0x07, 0x15, 0xD9, 0x69,
    0x4C, 0xEA, 0x1F, 0x80, 0x88, 0x63, 0xAF, 0x00, 0xCD, 0xA0, 0x2E, 0x4E, 0xB3, 0xE4, 0x34, 0x6B,
    0xBF, 0xA8, 0xB5, 0x29, 0x23, 0x63, 0x9D, 0xE7, 0x0D, 0x11, 0x74, 0xC5, 0xAC, 0xDB, 0xBC, 0xCB,
    0x40, 0xA8, 0xD1, 0x0F, 0x72, 0x6D, 0x11, 0x3D, 0xEC, 0xEC, 0x26, 0x5F, 0x2F, 0x70, 0xD4, 0x7F,
    0xE2, 0x03, 0xC7, 0xF2, 0xC8, 0xDE, 0xE4, 0xCA, 0x9F, 0xD8, 0x5E, 0x21, 0x88, 0xDE, 0x96, 0xCC,
    0xF4, 0x28, 0x89, 0xE9, 0x9E, 0x04, 0x4A, 0x87, 0x05, 0x7F, 0x2F, 0xC3, 0x83, 0xED, 0x8C, 0xBF,
    0x14, 0x17, 0x00, 0x00, 0x1F, 0xFA, 0x18, 0x3B, 0x1D, 0x63, 0xB3, 0x8F, 0x80, 0xFA, 0xB0, 0xDC,
    0x87, 0x05, 0x40, 0xD3, 0xE3, 0x61, 0x52, 0x35, 0x4C, 0x3A, 0x70, 0xB6, 0x45, 0x53, 0xDA, 0xFF,
    0x96, 0x89, 0xFE, 0xD0, 0xC3, 0x05, 0x09, 0x60, 0xA8, 0xC8, 0x39, 0xE4, 0x7A, 0x63, 0x8D, 0xE8,
    0x3C, 0xEC, 0x46, 0x12, 0x36, 0x63, 0x64, 0xFC, 0x0C, 0xFA, 0xE9, 0xB7, 0x63, 0x5F, 0xD8, 0x07,
    0xAE, 0xF3, 0x43, 0xDE, 0xFF, 0xEC, 0xF0, 0x2B, 0xD6, 0xB7, 0x0C, 0x52, 0x0A, 0xCE, 0x04, 0x32,
    0x6E, 0x10, 0x85, 0x62, 0xEF, 0x8F, 0x39, 0x3D, 0xDE, 0x1D, 0xF0, 0xAA, 0x50, 0x59, 0x7A, 0xBD,
    0x97, 0xAC, 0x94, 0xBF, 0x83, 0x0E, 0x14, 0x58, 0x05, 0xAF, 0x36, 0x19, 0xF5, 0x9E, 0x76, 0xB5,
    0xC9, 0xA8, 0x37, 0x8B, 0x7C, 0x67, 0xB4, 0x59, 0x7D, 0x6A, 0x8E, 0x7B, 0x4D, 0xD4, 0x63, 0x03,
    0xC5, 0x4C, 0xA9, 0x7A, 0xE4, 0xB1, 0xE0, 0x2F, 0xC8, 0x65, 0xCF, 0xAC, 0xFF, 0x03, 0x7D, 0x53,
    0xCF, 0x6F, 0x1B, 0x55, 0x10, 0xFE, 0xD6, 0xEB, 0x1F, 0x64, 0x17, 0xBA, 0x16, 0x72, 0xAA, 0x34,
    0x8A, 0xBB, 0x1C, 0x82, 0xE4, 0x54, 0x4A, 0x36, 0x87, 0x8D, 0xE4, 0x56, 0x6B, 0xEF, 0x6B, 0x2F,
    0x9C, 0x28, 0x3E, 0x64, 0x25, 0x24, 0x24, 0xB0, 0xD4, 0x1E, 0xAA, 0x20, 0xD1, 0x1E, 0x72, 0x28,
    0x34, 0x9B, 0x7D, 0x11, 0x77, 0xF0, 0x9F, 0xE0, 0x5B, 0x55, 0x1F, 0xDA, 0x04, 0x51, 0x11, 0xD1,
    0xD8, 0xFB, 0xC4, 0x25, 0xEA, 0x05, 0x3D, 0x89, 0x5B, 0x39, 0xF0, 0x0E, 0x70, 0x42, 0x82, 0x1C,
    0x82, 0x64, 0x15, 0xDB, 0x8F, 0x59, 0x37, 0x29, 0x21, 0x07, 0x66, 0x56, 0xDE, 0x99, 0x37, 0xE3,
    0xEF, 0xCD, 0xCC, 0x37, 0xEB, 0x71, 0x5B, 0x19, 0xC7, 0xA8, 0x94, 0x8E, 0x5C, 0xD1, 0x44, 0x05,
    0xE6, 0x08, 0xF6, 0x04, 0x9E, 0xCB, 0x2B, 0x06, 0xB3, 0xAE, 0x0B, 0xEF, 0x6F, 0x71, 0x35, 0x65,
    0xE5, 0x3C, 0x36, 0x1E, 0x25, 0xE3, 0xD9, 0xF5, 0x2B, 0x3D, 0x9E, 0x68, 0x49, 0xBF, 0x00, 0x76,
    0x1D, 0x24, 0x94, 0x39, 0x82, 0xC1, 0xB0, 0x35, 0x88, 0xB1, 0x38, 0x77, 0xD0, 0xDC, 0x6A, 0x80,
    0x30, 0x52, 0xF6, 0x89, 0xB0, 0x45, 0x88, 0x39, 0x14, 0x90, 0x88, 0x3D, 0xB9, 0x27, 0x43, 0x51,
    0x80, 0xFD, 0xB3, 0x74, 0xBF, 0xE6, 0x8D, 0x06, 0xCA, 0x65, 0x34, 0x4B, 0xD2, 0x79, 0xC2, 0x4A,
    0x13, 0x18, 0xEB, 0x40, 0x10, 0x04, 0x35, 0xE0, 0xAF, 0xA3, 0x4C, 0xDB, 0x9D, 0x7E, 0x1F, 0x61,
    0x08, 0xE7, 0x03, 0x66, 0x5C, 0x67, 0x39, 0x5E, 0x92, 0xDF, 0x7C, 0x15, 0xC7, 0xDE, 0x90, 0xEE,
    0x80, 0x7B, 0x9C, 0x8C, 0x8F, 0xDD, 0x56, 0xC1, 0x45, 0x93, 0xB4, 0x8F, 0x11, 0x15, 0x11, 0x92,
    0x15, 0xE3, 0x00, 0x43, 0xB2, 0x47, 0xF4, 0x8E, 0xC9, 0xF7, 0xCE, 0x9D, 0x87, 0xCC, 0x91, 0xB9,
    0x23, 0xB4, 0x1C, 0xE5, 0xF1, 0x18, 0x2D, 0x18, 0xB6, 0xB6, 0x0B, 0x4C, 0x69, 0xD5, 0x4A, 0x65,
    0x24, 0xF1, 0x4A, 0xE1, 0x08, 0x57, 0x84, 0x6C, 0x82, 0x2E, 0xDE, 0x08, 0xFC, 0x60, 0xC1, 0x82,
    0x85, 0x50, 0xCC, 0xB2, 0x50, 0xB8, 0xCC, 0x22, 0x90, 0xC2, 0xD4, 0xCF, 0xEC, 0xEC, 0x14, 0xB0,
    0x45, 0xA6, 0xAE, 0x48, 0xF9, 0x80, 0xA2, 0xC3, 0xA9, 0x8E, 0x91, 0x72, 0x8F, 0xD7, 0x06, 0x83,
    0xCA, 0xE9, 0x2C, 0xCE, 0xF6, 0x7F, 0x25, 0xDE, 0x6A, 0x5F, 0x80, 0x2B, 0x4C, 0x79, 0x57, 0x24,
    0xCC, 0x80, 0x83, 0x65, 0x34, 0x08, 0xCD, 0xE6, 0xD3, 0x09, 0xA4, 0x93, 0xA7, 0x1F, 0x77, 0xAD,
    0x56, 0x61, 0xE7, 0xC6, 0xC3, 0x17, 0x4B, 0x77, 0x9A, 0xA6, 0x74, 0x7E, 0xE1, 0xE6, 0x74, 0x40,
    0x27, 0x94, 0x38, 0x19, 0x25, 0x74, 0xD7, 0x91, 0x83, 0x94, 0xDC, 0x21, 0xA6, 0xDE, 0xE9, 0x50,
    0xAC, 0x9D, 0x8C, 0xAB, 0xC6, 0x19, 0xAE, 0x28, 0xA8, 0xF5, 0x51, 0x14, 0xB5, 0x36, 0x7A, 0x4C,
    0xEB, 0x8C, 0xB1, 0x5E, 0x8F, 0xD3, 0x53, 0xE4, 0xD2, 0xD5, 0x94, 0xC9, 0x29, 0xF3, 0x35, 0x9F,
    0x89, 0xD6, 0xE3, 0x54, 0xEB, 0xC9, 0x6C, 0x14, 0xAD, 0x23, 0x8F, 0xD8, 0x1C, 0x7B, 0x6A, 0x1B,
    0x8B, 0x40, 0x4E, 0xC0, 0x14, 0xB0, 0x19, 0x95, 0x8B, 0xCB, 0xA0, 0x92, 0x11, 0x00, 0xDF, 0x52,
    0x15, 0x30, 0x14, 0x72, 0x32, 0x0B, 0x96, 0xF8, 0x7F, 0x82, 0x24, 0xEF, 0x04, 0x0B, 0x81, 0xDF,
    0xB5, 0xBA, 0xD6, 0xF7, 0x8F, 0x37, 0x1E, 0x45, 0xD1, 0xCB, 0x27, 0xC2, 0xFC, 0xED, 0xA3, 0x74,
    0xB2, 0x74, 0xE7, 0xE1, 0x8B, 0x9D, 0x1B, 0xC0, 0x1A, 0xCD, 0xD1, 0x65, 0x6B, 0x82, 0x32, 0x97,
    0x37, 0xFD, 0x85, 0xEA, 0xFD, 0x73, 0x15, 0x26, 0xCC, 0x11, 0x26, 0x11, 0x66, 0x1E, 0x3B, 0xD2,
    0xA3, 0x7D, 0x2A, 0x9E, 0xE9, 0x0D, 0xA3, 0x38, 0x28, 0x53, 0x66, 0x2D, 0xAC, 0xC5, 0x71, 0xDC,
    0x38, 0x08, 0x88, 0xD0, 0xE1, 0x50, 0x6F, 0x53, 0x1B, 0x4F, 0x23, 0xB5, 0x0B, 0xD5, 0x46, 0xE7,
    0x1C, 0xDC, 0xBF, 0xBB, 0x35, 0xF8, 0xB4, 0x54, 0x02, 0xF2, 0x32, 0xFC, 0xF1, 0xBB, 0xD1, 0x7B,
    0x84, 0x92, 0xE3, 0xA6, 0xCC, 0xF1, 0xF0, 0x66, 0x3A, 0xEE, 0xEE, 0x9B, 0xC2, 0x14, 0x06, 0x5B,
    0x79, 0xFF, 0xC1, 0xA8, 0xD5, 0xF2, 0x6E, 0x3E, 0x18, 0xD1, 0x96, 0xE2, 0xCD, 0xD5, 0x64, 0x5C,
    0xDD, 0x24, 0xA0, 0x20, 0xAE, 0xD5, 0xB6, 0x6D, 0xD5, 0xDF, 0x34, 0x58, 0xB5, 0x0D, 0xCC, 0x94,
    0x2F, 0xDD, 0xCE, 0x83, 0xE7, 0x90, 0x63, 0xE0, 0x99, 0x7F, 0x0B, 0x78, 0x9E, 0xBD, 0x33, 0x3F,
    0x3B, 0xC7, 0x87, 0xEF, 0xA2, 0x6D, 0xB0, 0x99, 0xEC, 0x2C, 0xB1, 0xD5, 0x98, 0xED, 0x5F, 0x8E,
    0xD9, 0x4C, 0xA3, 0x1E, 0x54, 0x51, 0xEC, 0x86, 0xA3, 0xFB, 0xD5, 0x5B, 0xCF, 0x4D, 0x49, 0xFC,
    0x3D, 0x0E, 0x06, 0x06, 0xE6, 0xF7, 0xF7, 0x2D, 0x74, 0x57, 0x9A, 0x1D, 0xBA, 0x48, 0xD5, 0xB1,
    0x12, 0x20, 0xEE, 0xA1, 0x73, 0x88, 0xC5, 0xE0, 0xAD, 0xE5, 0x3A, 0xCD, 0x35, 0x64, 0xE1, 0x74,
    0xAA, 0xD9, 0xEA, 0x39, 0x98, 0x67, 0x95, 0xCA, 0xB3, 0x3F, 0x7E, 0xF8, 0xF2, 0xA7, 0xC3, 0xED,
    0x3E, 0xBA, 0xDA, 0xCA, 0x4F, 0x63, 0xCD, 0x6C, 0x23, 0x9D, 0x5F, 0x8D, 0x14, 0xA6, 0xD6, 0xF4,
    0x61, 0xDC, 0x9D, 0xF6, 0xFF, 0x3F, 0x01, 0x22, 0x5C, 0xE2, 0x44, 0x4E, 0xED, 0xE2, 0x4B, 0x66,
    0x08, 0x4F, 0xEB, 0x3F, 0x45, 0xE3, 0x62, 0xAA, 0x41, 0x03, 0x68, 0xBD, 0xCE, 0x90, 0x28, 0xD1,
    0x8A, 0xC0, 0xED, 0x20, 0x61, 0xB4, 0xD8, 0x25, 0x71, 0xFA, 0xE7, 0x05, 0xDA, 0x32, 0xAD, 0x59,
    0x14, 0x45, 0x9F, 0x65, 0x6E, 0x1E, 0x45, 0x76, 0x51, 0xCC, 0x4B, 0x5F, 0x86, 0x84, 0x59, 0x64,
    0x0D, 0xD9, 0x54, 0x3E, 0xDC, 0x0C, 0xFF, 0x5E, 0x79, 0x97, 0x04, 0x45, 0x5C, 0x93, 0xAB, 0xCA,
    0x57, 0x1E, 0x41, 0x94, 0x5B, 0xAB, 0x2A, 0xB3, 0x43, 0x05, 0x5C, 0xC2, 0x17, 0xF4, 0xF1, 0xED,
    0xE2, 0x55, 0xB3, 0x50, 0x33, 0xEA, 0x9A, 0xBA, 0x77, 0x12, 0x2B, 0xC3, 0xC7, 0x1A, 0x6B, 0x4A,
    0x5F, 0x65, 0x0A, 0x44, 0x73, 0x78, 0xF6, 0x3B, 0xF6, 0x0E, 0x4F, 0x1E, 0x92, 0xB7, 0xA9, 0x53,
    0x1F, 0xAB, 0xA4, 0x24, 0x57, 0x3F, 0xAF, 0xD7, 0x3D, 0x02, 0xF7, 0xE5, 0x92, 0xB8, 0xC0, 0x69,
    0x39, 0xC9, 0x5E, 0x11, 0x0E, 0x73, 0xB9, 0x2F, 0x81, 0x7F, 0x00, 0xBD, 0x5B, 0x3D, 0x90, 0xDC,
    0xE6, 0x79, 0xFE, 0x00, 0xE8, 0x6E, 0x63, 0x62, 0x26, 0xD0, 0x64, 0x78, 0xB1, 0x42, 0xD9, 0x03,
    0x17, 0xF2, 0x8C, 0xC7, 0x8E, 0x84, 0xC6, 0x9E, 0xB1, 0x3D, 0xE6, 0x02, 0x94, 0x27, 0x71, 0xE1,
    0x42, 0x57, 0xDC, 0xC9, 0x13, 0xAB, 0xA0, 0x0A, 0x17, 0x96, 0x53, 0x5C, 0x91, 0x26, 0x71, 0x78,
    0x00, 0x44, 0x96, 0x2E, 0x7C, 0x85, 0xE3, 0x22, 0x9E, 0x49, 0x58, 0x70, 0x32, 0xF2, 0xD1, 0xC9,
    0xB9, 0x70, 0x61, 0xCF, 0xDC, 0x2E, 0x40, 0x71, 0x26, 0x2C, 0x54, 0x08, 0x12, 0x43, 0xAB, 0x70,
    0x21, 0x58, 0x3F, 0x96, 0x72, 0x2C, 0x08, 0xD9, 0xA0, 0x05, 0x1E, 0xF1, 0x93, 0xE7, 0x79, 0x3F,
    0xEC, 0xDE, 0xDE, 0x1F, 0x75, 0xA7, 0xA3, 0xB3, 0xFB, 0xBD, 0xEF, 0x2E, 0xB0, 0x00, 0xBE, 0xBF,
    0xF7, 0xFF, 0x7D, 0xD7, 0xC9, 0x94, 0x55, 0x28, 0x55, 0x2B, 0x75, 0x5A, 0xE1, 0xE5, 0x77, 0x99,
    0xDF, 0xE5, 0xFE, 0xFA, 0x9A, 0x8F, 0xEF, 0xBA, 0x75, 0x29, 0xDB, 0x7A, 0xBC, 0x73, 0x06, 0xBF,
    0xE2, 0x9A, 0x2E, 0x3F, 0x35, 0xAF, 0xDC, 0x67, 0x52, 0xF7, 0x99, 0x58, 0x19, 0xC7, 0xBE, 0x37,
    0xEA, 0x1A, 0x95, 0x74, 0xAD, 0xE2, 0x27, 0x7B, 0x9F, 0x42, 0xD7, 0xC5, 0x80, 0x42, 0xB5, 0xCF,
    0x55, 0xAA, 0x36, 0x6A, 0x25, 0x6F, 0x7E, 0x7E, 0x12, 0xC7, 0x51, 0x01, 0xC8, 0x94, 0x7A, 0x44,
    0x29, 0x27, 0x53, 0x5E, 0xA0, 0x56, 0x95, 0x5A, 0xD4, 0x7D, 0x17, 0x6C, 0xEB, 0x97, 0x77, 0x7A,
    0x3A, 0xBC, 0xF1, 0x95, 0x54, 0x83, 0xAE, 0x75, 0xB7, 0x37, 0xFD, 0x58, 0x45, 0x4A, 0x8D, 0xD9,
    0x6F, 0x8E, 0x6E, 0xBB, 0xF5, 0xCB, 0x2D, 0x7E, 0xC4, 0x65, 0xB1, 0xF2, 0xEE, 0xFD, 0xA7, 0xDD,
    0x35, 0x46, 0x57, 0xE9, 0x3B, 0xCC, 0x6E, 0xCD, 0xE9, 0x4A, 0xEF, 0x76, 0xE1, 0x07, 0x7C, 0x88,
    0x97, 0x29, 0xA7, 0x51, 0x03, 0x8C, 0x36, 0x29, 0x94, 0x5D, 0x2A, 0xB3, 0x7A, 0xD4, 0xAC, 0x86,
    0xCF, 0x61, 0x18, 0xB9, 0xD7, 0x05, 0x1C, 0xD2, 0xEE, 0xD7, 0xA3, 0x8F, 0x6E, 0x96, 0x9B, 0xE5,
    0x13, 0xCF, 0x63, 0xE4, 0xE9, 0x83, 0xDE, 0xAA, 0x7E, 0xD0, 0xDB, 0xC0, 0x32, 0x24, 0x45, 0x92,
    0x2D, 0x28, 0xA3, 0xEB, 0x52, 0x0E, 0x6A, 0x06, 0x17, 0xCE, 0x14, 0x5B, 0x85, 0xD3, 0xAE, 0x11,
    0x77, 0xB5, 0xE0, 0x8E, 0x38, 0x8D, 0x02, 0x62, 0x2F, 0xD6, 0x78, 0x90, 0x3B, 0xA9, 0x1F, 0x6C,
    0x64, 0xCE, 0x56, 0xA7, 0xBA, 0xD4, 0xC1, 0x46, 0x74, 0x81, 0xD3, 0xE5, 0x7A, 0xB6, 0x98, 0xA2,
    0x1B, 0x0B, 0x4E, 0x0F, 0xC4, 0xCB, 0x2B, 0xFF, 0xC3, 0x55, 0xE7, 0x4E, 0x11, 0x37, 0x3C, 0x73,
    0xAB, 0x93, 0x5F, 0xFD, 0x19, 0x1C, 0x11, 0xDF, 0x96, 0xF3, 0x18, 0x09, 0x71, 0x8E, 0x6D, 0x6F,
    0x04, 0x0E, 0xDF, 0xFA, 0x9F, 0x60, 0xAB, 0xCD, 0x7E, 0xDB, 0xF7, 0x80, 0x5D, 0x70, 0x01, 0x95,
    0x1A, 0xAA, 0x9E, 0x62, 0x39, 0x22, 0x2F, 0xF0, 0x15, 0x7B, 0x42, 0x0F, 0x56, 0xA5, 0xFC, 0x01,
    0xC6, 0x84, 0x6B, 0x7C, 0x6C, 0x83, 0x40, 0x82, 0xEF, 0x4E, 0x8E, 0xF3, 0xA5, 0xF2, 0x4D, 0x8E,
    0xA2, 0x05, 0x44, 0xB8, 0xC7, 0x4B, 0xB9, 0xF3, 0xA4, 0x23, 0x65, 0xE3, 0x99, 0x46, 0x30, 0x79,
    0x5E, 0x86, 0xD1, 0xE7, 0xBE, 0x4A, 0x00, 0xA0, 0x56, 0xF3, 0x7E, 0xEE, 0x5B, 0xB7, 0x73, 0xDF,
    0x7E, 0x25, 0xF7, 0x9D, 0x1F, 0xE4, 0xBE, 0x67, 0xE7, 0xFE, 0x10, 0xB0, 0x09, 0xA8, 0x00, 0x05,
    0x20, 0x07, 0xA4, 0x76, 0x6E, 0x2C, 0x9E, 0xC6, 0x4A, 0xD7, 0xD8, 0x9D, 0x52, 0xA9, 0x95, 0x35,
    0x79, 0xDE, 0x18, 0x03, 0xE6, 0x5A, 0x78, 0xB1, 0x17, 0x70, 0x5D, 0x9C, 0x2C, 0x54, 0x83, 0x82,
    0xFB, 0x52, 0x29, 0x63, 0x1B, 0xD7, 0x61, 0xCA, 0x8A, 0x54, 0xED, 0xA7, 0x42, 0x77, 0x67, 0x3A,
    0x0C, 0x09, 0x4B, 0xE3, 0x95, 0x93, 0xF9, 0xF1, 0xFE, 0x63, 0xC0, 0xFA, 0x06, 0xD8, 0xAE, 0x13,
    0x50, 0x1E, 0x36, 0x71, 0x02, 0xF2, 0x30, 0xF4, 0x13, 0x61, 0x8F, 0x41, 0xB4, 0xAA, 0x2D, 0x95,
    0x51, 0x55, 0xCA, 0x2C, 0x39, 0x96, 0x11, 0xC6, 0x14, 0x29, 0xCC, 0x42, 0x81, 0x5A, 0x02, 0x97,
    0xF7, 0xF3, 0x39, 0x81, 0x93, 0xE3, 0x6C, 0xD1, 0xE2, 0x0A, 0xBF, 0x2B, 0xFB, 0xB6, 0xC3, 0xDF,
    0xE0, 0xF8, 0xCA, 0x7F, 0xAE, 0xF6, 0x55, 0xE3, 0xAB, 0x31, 0xF1, 0xD5, 0x5A, 0xAE, 0x89, 0xFD,
    0x6E, 0x8D, 0x3F, 0x5D, 0xD5, 0x3F, 0x35, 0xBE, 0xA1, 0xCF, 0xE7, 0x72, 0x31, 0xAE, 0x8C, 0xB0,
    0xBA, 0xFE, 0xD5, 0x86, 0xD7, 0xF0, 0xCA, 0xE3, 0x70, 0x2F, 0x49, 0x64, 0x02, 0x95, 0x55, 0x18,
    0xB3, 0x50, 0x5A, 0x85, 0x09, 0x98, 0xBC, 0xED, 0xDC, 0x2A, 0x36, 0xB6, 0xAE, 0x6E, 0x77, 0xFD,
    0x0B, 0xAB, 0xEA, 0x4F, 0xE0, 0xD8, 0x22, 0x8B, 0x14, 0x1D, 0x0A, 0x65, 0xD7, 0xD8, 0x43, 0xDF,
    0xAC, 0xB8, 0x26, 0xA0, 0x35, 0x4C, 0x0D, 0xC2, 0x48, 0x35, 0x11, 0xD7, 0x18, 0x8B, 0xAE, 0x26,
    0x38, 0x49, 0x92, 0x80, 0xBF, 0x82, 0x61, 0xAC, 0x8A, 0x14, 0x68, 0x17, 0xBE, 0x55, 0xCA, 0xBD,
    0xA0, 0xC2, 0x98, 0x74, 0x98, 0x08, 0x25, 0xE2, 0xDA, 0xC7, 0xB9, 0x64, 0x85, 0x77, 0x15, 0x24,
    0x51, 0xB3, 0x59, 0xA5, 0xD5, 0x65, 0x56, 0xB7, 0x66, 0x6E, 0x94, 0x3C, 0x54, 0x3C, 0xF9, 0x55,
    0xAC, 0x1D, 0xAE, 0xE9, 0xE2, 0x87, 0x40, 0xA4, 0x66, 0xB1, 0x89, 0x95, 0x84, 0x68, 0xF3, 0xD6,
    0x4E, 0x4C, 0xF4, 0x27, 0x61, 0x40, 0x88, 0xAE, 0x0C, 0x90, 0x13, 0xF4, 0x7E, 0x1D, 0x02, 0xE8,
    0x8B, 0xEF, 0x8D, 0xCC, 0xCE, 0x3B, 0xF4, 0xD9, 0x81, 0x54, 0x7B, 0x7A, 0x4E, 0x62, 0x3F, 0x87,
    0x00, 0xF3, 0x0B, 0x83, 0xC8, 0xEC, 0xD2, 0x61, 0x65, 0xDD, 0x49, 0x87, 0xF5, 0xE0, 0xCD, 0x74,
    0x78, 0xC1, 0x7E, 0x35, 0x1D, 0x9E, 0x75, 0x7E, 0x98, 0x0E, 0x7D, 0xD7, 0x49, 0x87, 0x9E, 0x07,
    0xE4, 0x84, 0x44, 0x35, 0x90, 0x4D, 0x34, 0xA8, 0x80, 0x28, 0x11, 0x0F, 0xE5, 0xA7, 0x9E, 0x97,
    0x84, 0x1F, 0x0E, 0xB9, 0x86, 0x43, 0x31, 0x92, 0x52, 0xD9, 0xD8, 0x78, 0x6F, 0x1B, 0x7B, 0x19,
    0xBB, 0x59, 0xA2, 0x9C, 0x7C, 0x0C, 0xAE, 0x6A, 0x04, 0x2C, 0xF9, 0x6C, 0x01, 0x09, 0xB9, 0x0C,
    0xBF, 0x7B, 0xF7, 0x92, 0x94, 0xD7, 0x4F, 0x34, 0xCC, 0xB4, 0x1F, 0xC2, 0x71, 0x79, 0xBE, 0x0D,
    0xC8, 0x41, 0x49, 0x85, 0xF5, 0xC5, 0x36, 0xB0, 0x99, 0x13, 0x8E, 0xDB, 0x3E, 0x4C, 0xFF, 0x35,
    0xD4, 0x7F, 0x69, 0xAF, 0xFF, 0x9A, 0x49, 0x9B, 0xD1, 0x7F, 0x3F, 0xB3, 0xBB, 0x5A, 0x8F, 0x0E,
    0xAA, 0x1A, 0x8D, 0x12, 0x7B, 0xAC, 0x3E, 0xB2, 0x9D, 0x54, 0xE0, 0xE9, 0x17, 0xCD, 0x12, 0x05,
    0x8A, 0xA1, 0x76, 0xCB, 0xA1, 0x38, 0xA8, 0x3F, 0x6E, 0x7E, 0xD0, 0xA9, 0x04, 0x5C, 0x17, 0x8C,
    0xAC, 0xC2, 0x8B, 0x1B, 0xAB, 0x70, 0x89, 0xBC, 0x58, 0xCE, 0xF9, 0x6F, 0xE0, 0x57, 0xB9, 0x4E,
    0xEE, 0x90, 0x7B, 0xF5, 0x53, 0x28, 0xD8, 0x23, 0x0E, 0x2A, 0xF6, 0x62, 0x0E, 0xCD, 0xE6, 0x7E,
    0xDC, 0xAD, 0xF5, 0x40, 0x92, 0x5C, 0x0F, 0x04, 0xB7, 0x18, 0x38, 0xB6, 0x3E, 0x80, 0x92, 0xC9,
    0x5B, 0xAD, 0xBB, 0x02, 0x2F, 0xC5, 0x64, 0xF2, 0x8F, 0x21, 0x81, 0xDF, 0xC7, 0x2E, 0xD6, 0x04,
    0xB5, 0x5B, 0xC7, 0x41, 0x82, 0x40, 0xFE, 0x1D, 0x00, 0x64, 0x1F, 0x8A, 0x0D, 0x4C, 0x40, 0x99,
    0x6D, 0xA4, 0xF4, 0x4E, 0xED, 0x06, 0xCA, 0x9F, 0xD1, 0xC7, 0x45, 0xEB, 0xDD, 0x7A, 0x23, 0xAA,
    0x5A, 0x23, 0x9C, 0xAB, 0xA5, 0xEB, 0xE6, 0x64, 0x18, 0x8F, 0x6D, 0x63, 0x3E, 0x52, 0x08, 0x57,
    0x0C, 0x11, 0xD5, 0x33, 0xC4, 0x2C, 0x9E, 0x0B, 0x12, 0xEC, 0x30, 0x21, 0x02, 0xA8, 0x09, 0x74,
    0x3F, 0xA5, 0x3C, 0xCF, 0x44, 0x96, 0x37, 0x83, 0x4A, 0x35, 0x26, 0xA1, 0x56, 0x0D, 0xC4, 0x48,
    0x0B, 0xD1, 0xC7, 0x8D, 0xEC, 0x40, 0xDB, 0x7A, 0xF6, 0xD8, 0x90, 0xBD, 0x68, 0x3B, 0xF0, 0x85,
    0xF2, 0x81, 0x6A, 0x20, 0x83, 0x08, 0xEA, 0xA6, 0x47, 0x72, 0x78, 0xB5, 0x9E, 0x5E, 0x12, 0xEB,
    0xDB, 0x66, 0xDB, 0xBA, 0xFC, 0x86, 0x9B, 0x8D, 0xA6, 0x57, 0x55, 0x33, 0x5A, 0x4C, 0x69, 0xC9,
    0x8C, 0x8D, 0x29, 0x95, 0x77, 0x95, 0xFB, 0xD7, 0x4E, 0x36, 0x23, 0xB0, 0xA0, 0x26, 0x09, 0xE6,
    0x3A, 0xA4, 0x3C, 0x8E, 0x7B, 0xE5, 0xA4, 0x86, 0xCF, 0xD5, 0xFA, 0xFA, 0x2E, 0xDE, 0x21, 0x66,
    0xB0, 0x03, 0x57, 0x8C, 0x8B, 0x64, 0xB5, 0x1B, 0x54, 0x1B, 0x83, 0xD2, 0xB7, 0x73, 0x13, 0x6A,
    0x21, 0xA3, 0x6A, 0x84, 0xD9, 0xA7, 0xD1, 0x06, 0x91, 0x9C, 0x93, 0x5F, 0x07, 0x85, 0x55, 0xE2,
    0x8E, 0x95, 0x42, 0xDF, 0xAB, 0xBC, 0xB6, 0x7F, 0xE0, 0x8A, 0xEE, 0xDC, 0x69, 0x93, 0x00, 0xFA,
    0x84, 0x6C, 0x16, 0x38, 0xA2, 0xAD, 0xFD, 0x60, 0x80, 0xF3, 0x8A, 0x80, 0xDF, 0x20, 0x04, 0x82,
    0x41, 0xA1, 0xCF, 0x7B, 0xF8, 0x1D, 0x42, 0x37, 0x30, 0x5E, 0x80, 0x8A, 0xCF, 0x9D, 0xAE, 0x7A,
    0x44, 0x54, 0xCD, 0x7C, 0x57, 0xBB, 0x5C, 0xBB, 0x9A, 0xAB, 0xF5, 0x0D, 0x0C, 0xA3, 0x76, 0xEA,
    0x0B, 0x93, 0x71, 0xCF, 0x93, 0x49, 0xC0, 0xB9, 0x10, 0x02, 0x0E, 0xD8, 0x89, 0xA6, 0x9F, 0xF7,
    0x78, 0x06, 0x89, 0x8E, 0x39, 0x6E, 0x43, 0x8A, 0xC7, 0x89, 0xEC, 0x84, 0xBC, 0x29, 0xCF, 0x63,
    0xB0, 0xD9, 0xAD, 0x06, 0x62, 0x10, 0x9C, 0x8E, 0x6D, 0xE5, 0x6B, 0x61, 0x09, 0x96, 0x5E, 0x16,
    0x75, 0x45, 0x68, 0xB1, 0xC9, 0xF7, 0x2C, 0x1C, 0x94, 0xA1, 0x59, 0x01, 0xE3, 0x7C, 0xD4, 0xC5,
    0x0B, 0xCB, 0xB8, 0x26, 0x66, 0x23, 0xA3, 0x1E, 0xDC, 0x8C, 0xE5, 0x25, 0x8C, 0x83, 0x26, 0x37,
    0x20, 0x1B, 0x4D, 0xC1, 0x26, 0xA4, 0x23, 0xD0, 0xD9, 0x48, 0xAD, 0xFC, 0x4B, 0x1B, 0x90, 0x06,
    0x09, 0x50, 0xD2, 0x53, 0x50, 0x2F, 0xE0, 0xD6, 0xDC, 0xB9, 0x5F, 0x79, 0x31, 0x64, 0xE3, 0xC8,
    0x27, 0x13, 0x34, 0x42, 0x40, 0xCA, 0xCD, 0xBF, 0x8B, 0xD1, 0x8A, 0xBD, 0xA6, 0x16, 0xD4, 0xE2,
    0x5C, 0xE0, 0x9F, 0x2B, 0x61, 0x87, 0x5F, 0x83, 0x95, 0x63, 0xFF, 0xB6, 0x1C, 0x43, 0x4E, 0x94,
    0xB5, 0xB6, 0x39, 0x04, 0x59, 0xDB, 0xDB, 0xB5, 0x1A, 0x7C, 0x50, 0xB6, 0xCA, 0x79, 0x0D, 0x97,
    0xF8, 0x2F, 0x96, 0x5E, 0x9A, 0x18, 0xA5, 0x93, 0xCF, 0x5D, 0x51, 0xA4, 0xAF, 0x24, 0xA3, 0x62,
    0xB2, 0xB3, 0x41, 0x17, 0xD0, 0x37, 0x78, 0x3C, 0x87, 0x04, 0xFA, 0xAC, 0x5B, 0x88, 0xA1, 0x11,
    0x48, 0x17, 0x4B, 0xA1, 0xD9, 0x84, 0x56, 0x13, 0xDA, 0x4D, 0xE8, 0x8E, 0xC2, 0xE1, 0x28, 0xBC,
    0x30, 0x0A, 0xAB, 0x51, 0x54, 0x8C, 0xA2, 0x7C, 0x14, 0xA5, 0xA3, 0x28, 0x18, 0x91, 0x69, 0xAE,
    0x17, 0xF6, 0xED, 0xDC, 0xC2, 0x13, 0x4E, 0x1F, 0xE9, 0x16, 0x5C, 0x13, 0x19, 0x75, 0x84, 0xE5,
    0x75, 0x32, 0xD8, 0x21, 0x51, 0xA7, 0xD8, 0xA2, 0x38, 0x72, 0xB3, 0xC8, 0x2E, 0x22, 0xAB, 0x8A,
    0x54, 0x83, 0x05, 0xC4, 0xDA, 0xA1, 0x61, 0xC5, 0xB0, 0x60, 0xBA, 0x39, 0xD2, 0x56, 0xE2, 0x51,
    0x17, 0x8C, 0x5A, 0xC5, 0xAE, 0x17, 0x02, 0x63, 0x29, 0xCA, 0x9C, 0x3A, 0xCA, 0x01, 0x85, 0x5B,
    0x87, 0xE5, 0xB0, 0x0E, 0x37, 0xCF, 0xD6, 0xE1, 0x85, 0xCD, 0x3A, 0x3C, 0x5B, 0xD6, 0xA1, 0x57,
    0xD4, 0xA1, 0x0B, 0x70, 0xB2, 0x3A, 0xB4, 0xD3, 0x9A, 0x5D, 0xC3, 0x2B, 0x9B, 0xB6, 0x4E, 0xDA,
    0xB3, 0xF5, 0xEC, 0x49, 0xF5, 0xBD, 0x00, 0x1B, 0x50, 0x28, 0xBA, 0x23, 0x5E, 0x0A, 0xBA, 0x09,
    0x22, 0xE5, 0xCF, 0xBE, 0x03, 0x18, 0x56, 0xAF, 0xED, 0xA1, 0x9B, 0xE5, 0xA5, 0xFE, 0x59, 0xEA,
    0xD0, 0x76, 0xFA, 0x4C, 0xB0, 0x9A, 0xC0, 0x97, 0x2C, 0xA3, 0xA7, 0xF5, 0x99, 0x46, 0x5A, 0xCD,
    0xB5, 0x78, 0xA3, 0x22, 0xCD, 0x45, 0xD9, 0x1E, 0x32, 0x52, 0xDF, 0x06, 0xE3, 0xC0, 0x23, 0xCA,
    0xE1, 0xC0, 0x69, 0x4F, 0xAE, 0x6F, 0xB1, 0x72, 0xDF, 0xBD, 0xEC, 0x74, 0x30, 0x20, 0x68, 0x58,
    0x2C, 0x2F, 0x2F, 0x76, 0x5D, 0x89, 0xA6, 0xCD, 0xB1, 0x03, 0xDB, 0x02, 0xA4, 0x1A, 0x74, 0x5C,
    0xAC, 0x75, 0x5C, 0xA4, 0x06, 0xF9, 0x48, 0x8C, 0x7F, 0xF3, 0xEE, 0xAC, 0x9E, 0xEB, 0xD5, 0x8B,
    0x97, 0x6A, 0x47, 0x03, 0x5D, 0x9D, 0x02, 0x13, 0xBB, 0x20, 0x2A, 0x37, 0xEF, 0x15, 0xD4, 0x2C,
    0x3C, 0x7E, 0x4F, 0xD4, 0x17, 0x8C, 0xF0, 0xCA, 0xBB, 0x5E, 0x34, 0xFE, 0xD7, 0x8B, 0xD0, 0x87,
    0x76, 0xEB, 0x21, 0xF2, 0x2F, 0x15, 0x63, 0xF7, 0xED, 0xDF, 0xD7, 0x60, 0xF2, 0x12, 0x5A, 0x39,
    0xDE, 0x77, 0x3F, 0x00, 0x3B, 0x02, 0x76, 0xF6, 0xAE, 0x57, 0xCE, 0x7B, 0x85, 0xD5, 0xC1, 0xC4,
    0x8A, 0x0D, 0x4A, 0x8B, 0x14, 0x14, 0xE5, 0x5E, 0x2F, 0xFD, 0x73, 0x75, 0xA2, 0x5A, 0x5C, 0xA3,
    0x42, 0xA3, 0x7A, 0x20, 0x44, 0xCF, 0xD2, 0x49, 0xEB, 0x02, 0x82, 0x1E, 0xBC, 0x86, 0x25, 0xB5,
    0x08, 0x39, 0xAD, 0xDB, 0xC8, 0xAC, 0x92, 0xA7, 0xB1, 0xD2, 0x95, 0x8B, 0xAD, 0x7B, 0x1A, 0xCE,
    0x44, 0xDF, 0x84, 0x95, 0x22, 0x13, 0xAC, 0x74, 0x14, 0xF4, 0xAD, 0x7B, 0xE7, 0xD3, 0x88, 0x4C,
    0x2B, 0x68, 0xC1, 0x38, 0xE6, 0xBD, 0x19, 0x6F, 0xAB, 0x04, 0x51, 0xDB, 0x4F, 0x91, 0xAA, 0x96,
    0x11, 0x1D, 0x20, 0x6B, 0x13, 0x4C, 0x42, 0x7B, 0x85, 0xCB, 0x8B, 0xCF, 0x24, 0xE5, 0xDD, 0x02,
    0xF7, 0x22, 0x9A, 0xA1, 0x81, 0xD9, 0xDD, 0xC3, 0xD2, 0x91, 0x9A, 0x49, 0x49, 0x3D, 0x6C, 0x93,
    0xA2, 0xB3, 0x3A, 0xDA, 0x28, 0xC0, 0x5D, 0xA5, 0x86, 0xE7, 0xF0, 0xBD, 0xCB, 0xEB, 0xA8, 0x0D,
    0x40, 0xFC, 0x33, 0xC4, 0xB5, 0x2E, 0x82, 0x6E, 0x03, 0xEC, 0x56, 0x62, 0x68, 0xB8, 0x2C, 0x62,
    0x9C, 0x23, 0x98, 0xFF, 0x11, 0x24, 0x03, 0xD4, 0x41, 0x0A, 0x4B, 0x02, 0x76, 0x90, 0xDD, 0xB1,
    0x19, 0xDF, 0x42, 0xD4, 0x20, 0xFF, 0xEC, 0x4A, 0x46, 0xA1, 0xD1, 0x08, 0xBD, 0xAB, 0x33, 0x2A,
    0x02, 0xF1, 0x45, 0x30, 0xBA, 0x22, 0x27, 0x6D, 0x22, 0x37, 0x1E, 0xE3, 0xEE, 0x48, 0x60, 0x25,
    0x0E, 0x23, 0x37, 0x1D, 0x47, 0xCE, 0xEF, 0xEA, 0x68, 0x80, 0xA9, 0x4E, 0x98, 0x64, 0x79, 0xC9,
    0xD6, 0xE2, 0x3B, 0xA6, 0x04, 0xF7, 0x6E, 0xD5, 0xE0, 0x30, 0xAB, 0xAB, 0x61, 0x6D, 0x81, 0x3B,
    0x21, 0xEC, 0xC0, 0x0B, 0xF0, 0x38, 0x68, 0x79, 0x80, 0xEE, 0xE6, 0xD4, 0x11, 0xE5, 0xA0, 0x11,
    0xC4, 0xD6, 0xDB, 0x85, 0x75, 0x13, 0xF4, 0x19, 0x1C, 0xF1, 0x16, 0x06, 0x0B, 0x56, 0x6E, 0x29,
    0x35, 0xD1, 0x3D, 0xD4, 0x14, 0xEE, 0x0F, 0x72, 0x71, 0xFB, 0xDD, 0x6D, 0x98, 0x35, 0xE0, 0x0F,
    0x37, 0xF5, 0x0F, 0x85, 0xA9, 0x99, 0x43, 0xE6, 0x70, 0x30, 0x5E, 0xE7, 0x1D, 0xE1, 0xC9, 0x91,
    0x32, 0x4A, 0xDA, 0x6F, 0x47, 0xD1, 0x10, 0x3B, 0xAC, 0x9D, 0x0A, 0x6B, 0x77, 0xA2, 0xF1, 0x97,
    0x65, 0xA8, 0xEF, 0x3E, 0x3F, 0x65, 0x6D, 0xE3, 0xA7, 0x18, 0x55, 0xEA, 0xDF, 0x61, 0xAF, 0xFE,
    0x1A, 0x2D, 0x4F, 0x4A, 0x6A, 0xD8, 0xA3, 0x76, 0xF6, 0x25, 0xE8, 0xD2, 0x2E, 0xD5, 0x4A, 0xF6,
    0xC9, 0x28, 0x54, 0x0B, 0xD1, 0xCE, 0xEB, 0xCB, 0xF9, 0x6A, 0xB1, 0x5A, 0xD0, 0x92, 0x71, 0xD3,
    0x83, 0xDE, 0xAA, 0x34, 0x6B, 0xA1, 0xBA, 0x25, 0xA3, 0x3A, 0xF8, 0x6D, 0x56, 0x5F, 0x28, 0xFD,
    0xC2, 0x8F, 0xA9, 0xC9, 0x44, 0x8D, 0xF5, 0x28, 0x13, 0xD4, 0xFD, 0x2F, 0x11, 0xB8, 0x34, 0x6B,
    0x37, 0x72, 0x3B, 0x6D, 0x40, 0x29, 0x44, 0x2B, 0x69, 0x7B, 0x3E, 0xEF, 0x62, 0xFC, 0xD0, 0xC2,
    0x12, 0xD2, 0x5A, 0x99, 0xCC, 0xAB, 0x22, 0xBA, 0x85, 0x33, 0xE8, 0xD9, 0x66, 0x91, 0xDC, 0xDA,
    0x29, 0xCD, 0x48, 0x06, 0x28, 0x00, 0xC8, 0x06, 0x6A, 0x56, 0x80, 0xE4, 0x1C, 0xBA, 0x3B, 0xF1,
    0x46, 0x21, 0x02, 0x83, 0x67, 0x0C, 0x95, 0xD6, 0x4C, 0x1F, 0xA9, 0x75, 0xC4, 0x41, 0x96, 0x78,
    0xCD, 0xDC, 0x51, 0x95, 0x9F, 0x38, 0xA7, 0x06, 0xF4, 0xAC, 0x44, 0x29, 0xE6, 0xD4, 0x43, 0x11,
    0xB4, 0x7B, 0xD5, 0xD4, 0x6C, 0x7B, 0xB6, 0xD7, 0x5A, 0xD4, 0x7F, 0x68, 0x9B, 0xB0, 0x8D, 0x1B,
    0x35, 0x4A, 0x80, 0xA0, 0x4C, 0x5A, 0xA2, 0x31, 0xED, 0xC2, 0x04, 0xA6, 0x59, 0xD0, 0x29, 0xF0,
    0x55, 0x67, 0xD4, 0xEE, 0xB5, 0xEE, 0x5C, 0xE5, 0x5C, 0xEF, 0x5E, 0x2E, 0x9D, 0x9B, 0x77, 0xAE,
    0x17, 0x83, 0x0F, 0x5F, 0x7D, 0x23, 0xB7, 0xEE, 0xDF, 0xB8, 0x0F, 0x6F, 0xF6, 0x12, 0x58, 0xBD,
    0x3B, 0x87, 0xB5, 0x8D, 0x60, 0x0E, 0x9E, 0x56, 0x8B, 0x46, 0x30, 0x36, 0xE0, 0x32, 0x43, 0xA4,
    0x72, 0x37, 0xB0, 0x2F, 0x70, 0xCF, 0x60, 0xAC, 0x9D, 0x6B, 0x9C, 0xD4, 0xBD, 0xD4, 0xBA, 0xB1,
    0x73, 0xA3, 0xF3, 0x94, 0xFD, 0xEA, 0x86, 0x0F, 0x4E, 0x43, 0x4C, 0xD1, 0x6C, 0x6D, 0x3A, 0xFC,
    0x10, 0xE4, 0x03, 0x7A, 0x31, 0x62, 0x78, 0xE4, 0x02, 0xCF, 0xDD, 0x0D, 0xE4, 0x18, 0x12, 0x00,
    0xD0, 0xA9, 0xC1, 0xDD, 0x24, 0x1E, 0x14, 0x6E, 0x3A, 0x80, 0xF7, 0x2A, 0x9F, 0xF0, 0x3C, 0xE5,
    0x7C, 0xF7, 0x8E, 0x9A, 0x87, 0x5F, 0xCF, 0xFB, 0x79, 0x0F, 0x2D, 0xEC, 0x04, 0x20, 0xCF, 0x23,
    0x40, 0xD2, 0xD1, 0x4A, 0x1C, 0x14, 0x5E, 0xCA, 0x28, 0xA0, 0x7C, 0xF2, 0x18, 0xE7, 0x7B, 0x73,
    0xD5, 0x46, 0x54, 0x06, 0xBB, 0x59, 0xF8, 0x46, 0x77, 0x35, 0xA3, 0x53, 0x1F, 0xD0, 0xAB, 0x57,
    0x3E, 0xBD, 0x6E, 0xD8, 0xF9, 0x6D, 0x8F, 0x36, 0xB6, 0x7F, 0xDA, 0x9F, 0x63, 0x60, 0x8E, 0xD7,
    0xC1, 0xC3, 0xEF, 0x7E, 0xCC, 0x30, 0x02, 0x03, 0x26, 0xEE, 0x44, 0x97, 0xAB, 0x33, 0x6B, 0xA1,
    0xD1, 0xD5, 0x21, 0x0C, 0xC9, 0x10, 0x97, 0xC3, 0x03, 0x27, 0x99, 0x66, 0x02, 0xE7, 0x6F, 0x05,
    0xB0, 0x25, 0x54, 0x68, 0x97, 0x8F, 0xE1, 0xF7, 0x3A, 0x54, 0x89, 0xF6, 0x03, 0xB9, 0x6B, 0x3E,
    0x9E, 0x1A, 0xE2, 0x70, 0x13, 0x2B, 0x52, 0x5D, 0x80, 0x2C, 0x18, 0x62, 0x8D, 0x3A, 0x42, 0x60,
    0xDF, 0xB9, 0x13, 0x3B, 0xAF, 0xBE, 0x92, 0xBA, 0x3F, 0xBC, 0x91, 0x79, 0xB0, 0x97, 0x7C, 0xE7,
    0xE5, 0x32, 0x74, 0xAE, 0x55, 0x35, 0x4D, 0xBE, 0x05, 0xFA, 0xAC, 0x74, 0xEA, 0x32, 0x65, 0xFC,
    0x01, 0x36, 0xD8, 0x07, 0x58, 0xCC, 0x77, 0x2B, 0xCC, 0x0A, 0xD6, 0x60, 0x37, 0x52, 0x9E, 0x07,
    0x9B, 0xC3, 0xF3, 0x82, 0xD0, 0x73, 0xE2, 0xDA, 0x13, 0x97, 0xB0, 0x64, 0x9C, 0x8D, 0x1E, 0x91,
    0xB7, 0x49, 0x83, 0x64, 0x08, 0xB4, 0xEA, 0x01, 0x6D, 0xBA, 0x01, 0xFD, 0x1A, 0x71, 0x71, 0x52,
    0xFF, 0xEA, 0xFD, 0xFB, 0x58, 0x8D, 0xB7, 0xDF, 0x2E, 0x7C, 0xFB, 0xE6, 0x5B, 0xE8, 0xF2, 0xFA,
    0x6F, 0x2B, 0xDF, 0xBD, 0x94, 0xD7, 0xBE, 0xF7, 0xF5, 0x7C, 0x04, 0x05, 0x9D, 0x47, 0xE0, 0x0A,
    0x86, 0xA5, 0x11, 0x97, 0x58, 0x25, 0xF9, 0xAE, 0xAA, 0x7B, 0x40, 0x46, 0x59, 0x71, 0xBE, 0x35,
    0x51, 0xA3, 0xC2, 0xF3, 0x6F, 0x26, 0x6A, 0xD5, 0xF9, 0xE1, 0xF9, 0x60, 0xD5, 0x7D, 0xE6, 0x99,
    0x78, 0xD5, 0x77, 0xBE, 0x99, 0xAE, 0x86, 0xCE, 0x37, 0xA8, 0xF4, 0x39, 0x3E, 0x20, 0x51, 0xEF,
    0x66, 0x69, 0x63, 0xF9, 0x6A, 0x89, 0xC3, 0x8A, 0x43, 0x08, 0x72, 0x96, 0xB0, 0xAF, 0x45, 0x4B,
    0xD4, 0x7E, 0xFB, 0x0F, 0x88, 0x25, 0x5D, 0x87, 0xBB, 0xEA, 0x5E, 0x02, 0x2F, 0xC0, 0x50, 0x18,
    0x29, 0x5A, 0x08, 0x0A, 0x46, 0xB6, 0x0F, 0x79, 0xB9, 0xAC, 0xDD, 0xC9, 0x2D, 0x58, 0x55, 0xAF,
    0x41, 0x23, 0x7F, 0x58, 0x88, 0x65, 0x45, 0x0B, 0xCB, 0x81, 0xF5, 0xEE, 0x61, 0x86, 0x43, 0xDF,
    0x53, 0xAB, 0xBE, 0x1B, 0x6C, 0xFA, 0x4E, 0xEC, 0xDB, 0xB2, 0x9F, 0x1A, 0x5B, 0xE2, 0x6C, 0x0B,
    0x09, 0x82, 0x08, 0x18, 0xC9, 0x51, 0xDE, 0x46, 0x20, 0x81, 0x5E, 0x8D, 0x11, 0xCB, 0xB9, 0x4A,
    0x65, 0xEB, 0x5B, 0xBF, 0xAF, 0x70, 0xE5, 0xE0, 0xAD, 0x0A, 0x7D, 0x3B, 0xAF, 0x83, 0xDF, 0xB1,
    0x0B, 0x15, 0x96, 0xCF, 0xBD, 0x58, 0x21, 0x26, 0xE4, 0x3F, 0x5D, 0xB9, 0xE9, 0xE9, 0x39, 0x0C,
    0x65, 0xD5, 0xC3, 0xAD, 0xAB, 0x0E, 0x5C, 0x86, 0x55, 0x2B, 0xAF, 0xB1, 0x20, 0x7F, 0x2C, 0xB8,
    0x16, 0xB9, 0x5E, 0x95, 0xF0, 0xFC, 0x9D, 0x31, 0x16, 0xE4, 0x3C, 0x86, 0xE3, 0xB9, 0x6E, 0xB0,
    0x3A, 0x74, 0x9D, 0x78, 0x75, 0xD5, 0xB5, 0xC5, 0x73, 0x1C, 0xC4, 0x9B, 0xCA, 0x7A, 0xFB, 0x7D,
    0xEC, 0x65, 0xAC, 0xE6, 0xD9, 0x33, 0xC7, 0xF6, 0xE3, 0x16, 0x39, 0x80, 0x48, 0xDC, 0x69, 0x65,
    0xC0, 0x99, 0xC7, 0x6A, 0x41, 0x4B, 0x29, 0xF3, 0x2A, 0x55, 0xE9, 0x8C, 0xF3, 0xFC, 0x97, 0x9D,
    0x0E, 0x3C, 0x33, 0xEC, 0x1C, 0x48, 0x78, 0x82, 0x44, 0x0D, 0x65, 0x8C, 0xD5, 0x58, 0x96, 0xCC,
    0xC1, 0x9F, 0x9B, 0xE5, 0xE0, 0x15, 0x58, 0xDA, 0x8C, 0x05, 0x7A, 0x77, 0x4A, 0xAA, 0x1B, 0x13,
    0x8A, 0x02, 0x6C, 0x0C, 0x7E, 0xA9, 0x68, 0x47, 0x0C, 0x60, 0xDB, 0xD0, 0x49, 0x11, 0xC9, 0x80,
    0xDB, 0xE1, 0xE7, 0x66, 0xC6, 0x72, 0x30, 0xB4, 0xF2, 0xD5, 0xE1, 0x20, 0x0F, 0xF7, 0x82, 0x0F,
    0xE9, 0x04, 0xA8, 0xDD, 0xDB, 0xEF, 0xD5, 0x58, 0x4E, 0x44, 0xA5, 0x30, 0xF0, 0x29, 0xE7, 0xF5,
    0xC0, 0xA9, 0x39, 0x3B, 0x70, 0xDA, 0xB9, 0xB6, 0x38, 0x02, 0xFD, 0x8E, 0x40, 0xBF, 0xB0, 0xC7,
    0xEB, 0x59, 0x00, 0xAF, 0xC0, 0x1E, 0xC0, 0xAA, 0xBE, 0xF9, 0x9B, 0xD2, 0x95, 0x48, 0x59, 0x1B,
    0x30, 0xFB, 0x31, 0x7B, 0x7F, 0xEF, 0x64, 0xEF, 0x84, 0xA0, 0xDE, 0x4D, 0xFA, 0xD0, 0xED, 0xA0,
    0xA0, 0xA8, 0xEC, 0xC4, 0x96, 0x05, 0xAC, 0x5F, 0x2D, 0x79, 0xCC, 0x78, 0x0C, 0x7F, 0xE7, 0x75,
    0xB3, 0x21, 0x28, 0x51, 0xF6, 0x4C, 0x1A, 0x78, 0x29, 0xDC, 0xE7, 0x10, 0x5B, 0xCD, 0xB6, 0x9C,
    0xF8, 0xC1, 0xD8, 0xFD, 0x75, 0x23, 0xCA, 0x9E, 0x0C, 0x3D, 0x82, 0x81, 0x37, 0x56, 0x36, 0x36,
    0xDA, 0x79, 0xDF, 0x17, 0xC9, 0x3C, 0x89, 0x7C, 0xC0, 0x15, 0xCB, 0x6B, 0x91, 0xCD, 0xD6, 0xEF,
    0xB1, 0x96, 0x20, 0x3A, 0x75, 0x3F, 0x17, 0x36, 0x54, 0x91, 0x0E, 0xF6, 0x2C, 0x41, 0xA0, 0x23,
    0xDE, 0x01, 0x3D, 0x0E, 0x9E, 0x82, 0x61, 0xE2, 0x5D, 0x24, 0x15, 0xC3, 0x35, 0xB8, 0x01, 0xE3,
    0xE8, 0x37, 0xC8, 0x46, 0x81, 0xBE, 0x4D, 0xDA, 0x9B, 0x9D, 0xF6, 0xB6, 0xDD, 0x7F, 0x8F, 0x95,
    0xFD, 0x0A, 0xCE, 0xBD, 0x85, 0xE7, 0x2C, 0xCA, 0x96, 0x9D, 0xA8, 0xFF, 0x21, 0x34, 0x91, 0x7B,
    0x1E, 0x72, 0xF4, 0x06, 0x8E, 0x83, 0xE0, 0xD8, 0xE3, 0xE9, 0x5F, 0x06, 0x44, 0x2C, 0x5E, 0xB6,
    0x56, 0xC9, 0x08, 0xF9, 0x49, 0xCA, 0x27, 0xF6, 0xAE, 0x2D, 0x1A, 0x8B, 0xF0, 0x81, 0xAF, 0x23,
    0x08, 0x8D, 0xC8, 0xD1, 0xEB, 0x15, 0x43, 0x7F, 0x30, 0xC5, 0x1C, 0xE8, 0x78, 0x3B, 0x87, 0xC0,
    0xE7, 0x51, 0x08, 0xCB, 0x8E, 0x51, 0x60, 0x7A, 0x41, 0x48, 0xC4, 0xE8, 0x38, 0x93, 0xD3, 0x62,
    0xD7, 0xE0, 0xD0, 0x53, 0x00, 0x20, 0x4A, 0xA8, 0x53, 0x08, 0x56, 0xB9, 0x13, 0x0A, 0x53, 0x7D,
    0xC4, 0xD3, 0xD8, 0x48, 0x75, 0x3A, 0x4A, 0xB2, 0x15, 0xE6, 0x3D, 0xB1, 0x7B, 0x16, 0x20, 0xF1,
    0xB0, 0x73, 0xF4, 0xA5, 0xB8, 0x7B, 0x98, 0x0D, 0x76, 0xD0, 0xC5, 0x72, 0xA0, 0x0F, 0xCA, 0x43,
    0xFC, 0x30, 0xF8, 0x6D, 0xC5, 0x0F, 0xAE, 0x0B, 0x4E, 0x9A, 0x7F, 0x00, 0x17, 0xC4, 0x63, 0x03,
    0xAB, 0x43, 0xC7, 0x0B, 0x93, 0xA4, 0x64, 0xC0, 0x1A, 0x71, 0x87, 0xFD, 0x49, 0x22, 0xA4, 0xCF,
    0x5F, 0xF0, 0x75, 0x46, 0xA2, 0x57, 0x93, 0x18, 0x9D, 0x97, 0xF5, 0xEB, 0x40, 0x42, 0x4E, 0x44,
    0x9B, 0xC4, 0x24, 0x4E, 0xFF, 0xBF, 0xBF, 0x59, 0x46, 0x88, 0x76, 0x8F, 0xA1, 0xF4, 0x5B, 0x00,
    0x33, 0x3C, 0xFC, 0xE4, 0x31, 0xCF, 0xFB, 0x2F, 0x7F, 0x93, 0x44, 0x0C, 0x0B, 0x18, 0x3D, 0x32,
    0x1A, 0xA4, 0x79, 0x5C, 0xB4, 0x3C, 0xCD, 0x0A, 0x53, 0x0B, 0x40, 0xE5, 0xBE, 0x19, 0xC5, 0x12,
    0xD1, 0xD0, 0xFB, 0x9A, 0xF1, 0xBB, 0xF7, 0xA2, 0x9B, 0x3A, 0x77, 0x12, 0x68, 0x29, 0x86, 0x28,
    0x31, 0x0E, 0x27, 0xD8, 0x15, 0x2F, 0x6C, 0x79, 0x38, 0x10, 0x4A, 0x1E, 0xFC, 0x6D, 0xA5, 0x63,
    0x6D, 0x32, 0x56, 0xC1, 0x4F, 0x0A, 0xFE, 0x8E, 0x5E, 0x39, 0x78, 0xE9, 0x4E, 0x77, 0x0D, 0x97,
    0x7A, 0xEF, 0x05, 0xBF, 0x6B, 0x64, 0xA2, 0x89, 0xCC, 0xD3, 0x17, 0x17, 0xD8, 0x0F, 0x1A, 0x49,
    0x0B, 0x35, 0xD0, 0xDE, 0x1E, 0x4C, 0x12, 0xAC, 0x66, 0x30, 0x66, 0x84, 0x0E, 0x1B, 0xC6, 0x37,
    0xA9, 0xA5, 0xE5, 0xA6, 0xDF, 0xAE, 0xC9, 0x6E, 0xD8, 0x28, 0xA3, 0x7B, 0xBD, 0xCB, 0x66, 0x47,
    0xA3, 0xBC, 0x5C, 0x64, 0x0D, 0x64, 0xF7, 0x3F, 0xAE, 0x00, 0x59, 0x99, 0xD8, 0x35, 0xDC, 0xBF,
    0x5C, 0x84, 0x1A, 0xBE, 0x5C, 0x31, 0xAE, 0x28, 0xB7, 0xC5, 0xC6, 0xFB, 0x70, 0xE7, 0x10, 0x49,
    0x81, 0x7D, 0xD5, 0x30, 0xB1, 0xC9, 0x65, 0xC9, 0x1B, 0xAB, 0xEC, 0x51, 0x6B, 0x95, 0x30, 0x7A,
    0x7E, 0xD2, 0x44, 0x10, 0x3C, 0x09, 0xF4, 0x5E, 0xEB, 0x34, 0x7D, 0x1F, 0x2E, 0xED, 0x1E, 0x87,
    0xE8, 0xCF, 0x4E, 0x6B, 0xCE, 0x78, 0x98, 0x96, 0x0B, 0x74, 0x48, 0x20, 0xF2, 0x4E, 0xA9, 0xAF,
    0xFC, 0xAE, 0x8F, 0x65, 0x9D, 0xC4, 0x9A, 0xD1, 0x71, 0x67, 0xA1, 0x15, 0xE5, 0x6C, 0x27, 0x62,
    0xAC, 0x45, 0x3D, 0x7D, 0x8D, 0xFB, 0x78, 0x60, 0xDB, 0x7F, 0x17, 0x11, 0x8E, 0x3E, 0xDD, 0x7B,
    0xDF, 0x15, 0xA5, 0x6D, 0x40, 0x65, 0x89, 0x1D, 0xB9, 0x17, 0xBE, 0x07, 0x72, 0x80, 0xC0, 0x82,
    0x01, 0xB3, 0xB8, 0xCF, 0x9B, 0x8F, 0xED, 0x2E, 0x35, 0xE8, 0x76, 0xED, 0x6E, 0x7C, 0x65, 0x86,
    0x99, 0x5A, 0x6F, 0x04, 0x8C, 0x74, 0x23, 0x6B, 0x73, 0xB6, 0x5C, 0xFC, 0xF9, 0x67, 0x46, 0x39,
    0x6D, 0x61, 0x88, 0x7C, 0xE7, 0x29, 0xF5, 0x69, 0xA5, 0x1E, 0x9B, 0xEE, 0xA4, 0x03, 0x5B, 0x46,
    0xFD, 0x6A, 0x59, 0x3D, 0x8A, 0x1E, 0x47, 0x0C, 0xBC, 0x25, 0x3F, 0x09, 0x1E, 0x35, 0xD4, 0x27,
    0xD0, 0xCF, 0xD7, 0xD4, 0x53, 0x6A, 0x1E, 0x97, 0xC2, 0xD2, 0xC1, 0xB7, 0xCF, 0xC8, 0x9E, 0xBC,
    0xC3, 0x1C, 0xD2, 0xD7, 0xBC, 0x74, 0x86, 0x16, 0x1C, 0x61, 0xDC, 0xCF, 0x7D, 0x71, 0x2A, 0x3C,
    0x20, 0x3B, 0xCE, 0x04, 0x83, 0x9F, 0x29, 0xF5, 0xFD, 0xF4, 0x11, 0xE4, 0xB2, 0x83, 0x45, 0xB5,
    0xEF, 0xF5, 0x94, 0x38, 0xB1, 0xFF, 0xC1, 0x5C, 0xEE, 0xBF, 0x41, 0x4C, 0x29, 0xC3, 0xD8, 0x7F,
    0x0D, 0xE8, 0x67, 0xE7, 0x39, 0x73, 0xFA, 0x39, 0x3A, 0x89, 0xE9, 0xC8, 0x72, 0x3F, 0xF1, 0xC4,
    0xBE, 0x5B, 0x74, 0xA6, 0x42, 0xB0, 0x45, 0x9C, 0x59, 0xDC, 0xD9, 0x9F, 0x83, 0xE2, 0x62, 0xF5,
    0x65, 0xC5, 0x7C, 0xFA, 0x5F, 0x2B, 0x3D, 0x91, 0x3D, 0xAF, 0x17, 0x48, 0xBF, 0x6B, 0x9C, 0x96,
    0xD5, 0x18, 0xBC, 0xE7, 0xAF, 0x0E, 0xB8, 0x08, 0x73, 0x79, 0x42, 0x6C, 0xFD, 0xAF, 0xD1, 0xDB,
    0x0E, 0x3E, 0x8D, 0xD1, 0x98, 0xA9, 0x2D, 0x7D, 0x71, 0xF8, 0x96, 0x8C, 0xCD, 0x92, 0x27, 0x9D,
    0x41, 0x44, 0xA8, 0xF0, 0xC8, 0x8D, 0xDC, 0xF3, 0xE8, 0x9D, 0xFE, 0x09, 0x43, 0xFA, 0x17, 0x43,
    0xE5, 0x96, 0x40, 0x3E, 0x51, 0x42, 0x84, 0x4C, 0xE5, 0x10, 0x81, 0x38, 0x35, 0x1C, 0x40, 0x7A,
    0x0D, 0xA1, 0x28, 0xD5, 0x90, 0x72, 0x7A, 0xE8, 0xA3, 0x97, 0x61, 0x03, 0xE4, 0xD7, 0x44, 0x85,
    0xD9, 0xAE, 0xF9, 0x50, 0x90, 0x99, 0x0F, 0x87, 0x3E, 0x9D, 0xC4, 0x9E, 0x5D, 0xC9, 0x97, 0x05,
    0x3D, 0x55, 0xD1, 0x99, 0x00, 0x19, 0xBB, 0x50, 0xE7, 0x70, 0xA6, 0x25, 0x2A, 0x45, 0x6B, 0x91,
    0xCE, 0x4C, 0x88, 0x04, 0x78, 0x08, 0xE9, 0x10, 0x22, 0x78, 0x17, 0x3A, 0x00, 0x18, 0x3D, 0xA1,
    0x0F, 0x2B, 0xB1, 0xF1, 0x82, 0x08, 0xF6, 0x4C, 0x54, 0x78, 0x3F, 0x8A, 0x32, 0xAF, 0x8E, 0x62,
    0x6F, 0x12, 0xCE, 0x87, 0x98, 0x81, 0xC1, 0xD0, 0x0B, 0x68, 0xF6, 0xE6, 0xDE, 0x62, 0xB2, 0x44,
    0x03, 0xBF, 0x8B, 0x72, 0x86, 0xF5, 0xC1, 0xF4, 0xBA, 0xF3, 0xEB, 0x4E, 0x39, 0x93, 0x40, 0x2D,
    0xC5, 0x1A, 0x12, 0xEF, 0x8E, 0x08, 0xBC, 0x5C, 0x06, 0x49, 0xD8, 0xD8, 0x0A, 0x24, 0x0F, 0xBE,
    0x72, 0x2B, 0x98, 0x9E, 0x9B, 0x02, 0x74, 0x8E, 0x4B, 0x17, 0x2E, 0x4D, 0x70, 0xEC, 0xEB, 0x4F,
    0x1E, 0xE3, 0x7C, 0x9F, 0x00, 0xDA, 0xA8, 0x18, 0xC5, 0x05, 0xB7, 0x7F, 0x0A, 0x26, 0xE9, 0x24,
    0x01, 0xB4, 0x0E, 0x4B, 0x3C, 0x9B, 0x0D, 0x7A, 0xEF, 0x0B, 0x9B, 0xC1, 0xE8, 0xAE, 0xA3, 0x4F,
    0xD7, 0x11, 0xE6, 0xF6, 0xA6, 0x0E, 0x9B, 0xC1, 0x44, 0xF8, 0x45, 0x28, 0x12, 0x34, 0x9C, 0xC8,
    0x51, 0x99, 0x2D, 0x9B, 0x24, 0x6D, 0xAB, 0x5D, 0x89, 0xE0, 0x07, 0xA4, 0x6B, 0xE7, 0x02, 0xCD,
    0x77, 0x0B, 0x0C, 0xF1, 0xB0, 0xCD, 0x3E, 0x76, 0x4F, 0xC3, 0x6A, 0xB0, 0x6D, 0xBD, 0x34, 0x65,
    0xD6, 0x95, 0xAD, 0x38, 0x91, 0xBB, 0x9C, 0x7D, 0x7C, 0x3C, 0xB7, 0xBC, 0xE8, 0x31, 0x1D, 0x8A,
    0xFC, 0x0F, 0x99, 0x38, 0xD9, 0xC2, 0xC2, 0xA9, 0xA4, 0x55, 0xFA, 0x50, 0x37, 0x5F, 0xEA, 0x13,
    0x00, 0xEB, 0x97, 0x77, 0xE7, 0x52, 0x16, 0x54, 0xFF, 0x5B, 0x43, 0x53, 0x96, 0x8A, 0x31, 0xD6,
    0xFE, 0xED, 0x6C, 0x4E, 0x8F, 0x00, 0x29, 0xB5, 0x0E, 0x81, 0x88, 0xE7, 0xAA, 0xA8, 0xEC, 0x03,
    0x93, 0x81, 0x9E, 0x48, 0x24, 0x63, 0x8E, 0xBE, 0xA3, 0x23, 0x13, 0x79, 0xF4, 0x78, 0xC1, 0x98,
    0xB6, 0xC1, 0xC5, 0xA4, 0xDD, 0x68, 0x56, 0xE6, 0x06, 0xE2, 0x6F, 0x99, 0xD6, 0xD4, 0x21, 0x8C,
    0xC7, 0x9A, 0xDA, 0x84, 0x19, 0xE0, 0x74, 0x34, 0x60, 0x28, 0x08, 0xE6, 0x1D, 0xF8, 0x64, 0x44,
    0xDA, 0xAC, 0x47, 0x22, 0xF6, 0x46, 0xB5, 0x24, 0x02, 0xA9, 0xBD, 0xC6, 0xF2, 0xBD, 0x1E, 0xA1,
    0x17, 0xAB, 0x1C, 0x61, 0x2E, 0x76, 0xCE, 0xEB, 0xA1, 0xD4, 0x07, 0xDB, 0xD0, 0x8D, 0x23, 0x50,
    0xF8, 0x18, 0xDA, 0xEA, 0xB0, 0x84, 0xCB, 0x24, 0xED, 0x32, 0x17, 0x30, 0x5A, 0x00, 0xA3, 0x03,
    0xFD, 0xC2, 0xF0, 0x83, 0x0D, 0x81, 0x01, 0xD2, 0xE9, 0x1F, 0x87, 0xB2, 0x10, 0xE3, 0x46, 0x7A,
    0x64, 0x5F, 0xE3, 0x90, 0x61, 0x76, 0x04, 0x78, 0xE1, 0x61, 0xC0, 0x95, 0x7A, 0x17, 0x72, 0x0B,
    0x0E, 0x19, 0x2C, 0x09, 0xB8, 0x6E, 0x33, 0x9A, 0x74, 0x3F, 0x56, 0xEA, 0xD8, 0x19, 0xEC, 0x27,
    0x29, 0x57, 0xA9, 0xC1, 0x13, 0x0A, 0x9D, 0x23, 0x05, 0xCF, 0x7F, 0x49, 0xB1, 0x02, 0x61, 0x60,
    0x36, 0xE4, 0x39, 0x9D, 0x70, 0x80, 0xE5, 0x66, 0x30, 0xE9, 0xCC, 0x84, 0x33, 0xEC, 0x16, 0xEE,
    0x78, 0xA4, 0x1D, 0x25, 0xF9, 0xF4, 0xFA, 0xC4, 0x33, 0xE6, 0xEE, 0x1B, 0x2D, 0xCA, 0x0B, 0x12,
    0xC6, 0xEC, 0x27, 0xB1, 0xC0, 0x19, 0x50, 0x8B, 0x12, 0x10, 0x45, 0xE8, 0x32, 0x84, 0x9B, 0xCB,
    0xF5, 0x09, 0xB1, 0x2B, 0x61, 0x9F, 0xAE, 0xE2, 0xBA, 0x70, 0x55, 0x42, 0xFB, 0x2E, 0xBC, 0x2B,
    0x08, 0x06, 0xC5, 0x2D, 0x75, 0xF7, 0x80, 0xD2, 0x63, 0x3A, 0x0D, 0x7D, 0xFE, 0x55, 0x8C, 0x09,
    0xAE, 0xAB, 0x0F, 0x2F, 0xD0, 0xF7, 0xF7, 0x8C, 0x09, 0x04, 0xE5, 0x23, 0x61, 0xED, 0x63, 0x18,
    0xFE, 0x57, 0x68, 0x99, 0x69, 0xEA, 0x63, 0x6C, 0xE4, 0x2F, 0xAA, 0xF0, 0x9F, 0xC1, 0x7B, 0x69,
    0x18, 0x41, 0xE6, 0xB0, 0x67, 0x74, 0x2C, 0x87, 0x45, 0xF8, 0x0F, 0x15, 0x34, 0xBB, 0x83, 0xE0,
    0x90, 0xF7, 0x0E, 0xA8, 0x14, 0x2C, 0xEE, 0xC3, 0xAE, 0x72, 0xAE, 0xD5, 0xDA, 0x56, 0xED, 0x32,
    0x0D, 0x77, 0xF0, 0xFD, 0x3A, 0x34, 0xD8, 0x35, 0x08, 0x1B, 0x08, 0x07, 0x66, 0x3C, 0xA1, 0x95,
    0x33, 0xDC, 0x57, 0x88, 0x00, 0xA1, 0x47, 0xDC, 0x6A, 0x70, 0xD3, 0x05, 0x2D, 0x40, 0xF0, 0x0C,
    0x44, 0x85, 0x95, 0xFB, 0x6A, 0xA6, 0xDC, 0x3B, 0x50, 0x9B, 0x8C, 0x09, 0xF1, 0xFB, 0x0D, 0xC4,
    0x79, 0x5E, 0xC6, 0x6F, 0x29, 0x73, 0xA1, 0x7E, 0x8C, 0x48, 0x78, 0xD5, 0xC1, 0xAA, 0xED, 0x60,
    0x8C, 0x98, 0xA5, 0x17, 0x23, 0xC0, 0x29, 0x95, 0x23, 0xE6, 0x7D, 0x38, 0x4C, 0xE0, 0x24, 0xF3,
    0x43, 0x56, 0x92, 0x40, 0xDF, 0xCB, 0x79, 0x8F, 0x91, 0xD5, 0x1C, 0xA5, 0x18, 0xA5, 0x89, 0xB0,
    0xD8, 0x32, 0x8C, 0xE2, 0xAE, 0x72, 0x32, 0x84, 0xB4, 0x63, 0x03, 0x13, 0x31, 0xE0, 0x34, 0x1A,
    0xF7, 0x0B, 0xC9, 0xB7, 0x1A, 0xF7, 0xE8, 0x64, 0xC1, 0x3E, 0xAC, 0x90, 0x99, 0x42, 0x2A, 0xDE,
    0x80, 0xC9, 0x2C, 0xDC, 0x77, 0x38, 0xA2, 0xED, 0xA8, 0x11, 0x32, 0xF2, 0x07, 0x5C, 0xB2, 0x25,
    0x56, 0xB0, 0x46, 0x13, 0x33, 0x76, 0x0F, 0x5A, 0x90, 0x18, 0x1A, 0x19, 0x75, 0x16, 0xA2, 0xAE,
    0x87, 0xE5, 0xC9, 0xB9, 0x66, 0x11, 0x7B, 0x5D, 0x84, 0x12, 0x60, 0xDA, 0x1B, 0x69, 0x97, 0xCA,
    0x1C, 0xC4, 0x18, 0x67, 0xD1, 0xB1, 0xC6, 0x39, 0x8B, 0x16, 0x10, 0xCA, 0x45, 0x37, 0x90, 0x1D,
    0x88, 0x90, 0x1C, 0x3A, 0x9C, 0x1D, 0x98, 0xAD, 0x33, 0xE9, 0xF1, 0x34, 0x49, 0x3C, 0x83, 0x97,
    0x05, 0x77, 0xC2, 0x2E, 0xF4, 0xEC, 0x99, 0xAF, 0xD5, 0xF9, 0x3A, 0x29, 0xD0, 0x72, 0x34, 0x66,
    0xE5, 0x07, 0xD8, 0x4E, 0x7F, 0xDF, 0x11, 0x1E, 0x62, 0xC3, 0x7C, 0x5F, 0xA4, 0x57, 0x24, 0x6E,
    0x4E, 0x34, 0x49, 0xD0, 0x2F, 0xD0, 0x77, 0x8E, 0x28, 0xA6, 0x04, 0x31, 0x59, 0x30, 0x41, 0xB0,
    0xC2, 0x43, 0xBA, 0x93, 0x40, 0x2D, 0xCF, 0x25, 0x44, 0x5E, 0x0C, 0xE4, 0x12, 0xCD, 0x68, 0x64,
    0xA0, 0xCF, 0xCB, 0xC0, 0x1B, 0xB5, 0x3B, 0xF7, 0x6F, 0x88, 0x37, 0x82, 0xDA, 0x25, 0xE8, 0x42,
    0x3F, 0xF8, 0x3B, 0x46, 0xC5, 0xD3, 0xF1, 0xA0, 0xCB, 0x47, 0xF6, 0xCD, 0xA2, 0x01, 0xBD, 0x37,
    0xCE, 0xCB, 0xC5, 0xD8, 0xBE, 0x5E, 0x44, 0x83, 0x37, 0x72, 0xFF, 0x12, 0xDC, 0xF6, 0xFB, 0x1D,
    0x4C, 0xBD, 0xEE, 0x8A, 0x21, 0xF1, 0xFF, 0xF9, 0x92, 0xB6, 0x0A, 0xE4, 0x96, 0x6C, 0xBF, 0x77,
    0xED, 0x25, 0xE5, 0x7F, 0x03, 0xC4, 0xE0, 0xDC, 0x09, 0x7C, 0xE7, 0x99, 0x58, 0xE0, 0x99, 0x37,
    0x03, 0xF7, 0x37, 0x1D, 0x9D, 0xB7, 0x58, 0x97, 0xD1, 0x9D, 0x89, 0x0F, 0xAC, 0x89, 0x68, 0x27,
    0x35, 0x11, 0x63, 0xB1, 0x1D, 0x76, 0xD5, 0x44, 0xB8, 0x62, 0x32, 0x0D, 0x70, 0xA9, 0x04, 0x43,
    0xCF, 0x4C, 0xB3, 0x4A, 0xC1, 0x8E, 0x1D, 0x1A, 0x68, 0x3B, 0xF4, 0xE7, 0x36, 0x43, 0xCF, 0xD9,
    0x1E, 0x99, 0x77, 0xA4, 0x92, 0x8A, 0xE4, 0x0A, 0x46, 0xC5, 0x66, 0xCC, 0x34, 0x08, 0xAB, 0xE5,
    0xA5, 0x44, 0x47, 0x2C, 0x1B, 0xB5, 0xAF, 0x2D, 0x92, 0x5A, 0xC9, 0x91, 0x33, 0x8D, 0x0F, 0xA3,
    0x57, 0x48, 0x6F, 0x39, 0x91, 0xA4, 0xA8, 0xFD, 0x16, 0xEA, 0x97, 0xE0, 0x04, 0x4A, 0x4C, 0x9C,
    0x6B, 0x90, 0xC4, 0x07, 0x95, 0x1C, 0x08, 0x2C, 0xA9, 0x05, 0x54, 0x75, 0xC0, 0x4C, 0x40, 0xEE,
    0x08, 0xB2, 0x82, 0xC9, 0xC9, 0x37, 0xF2, 0xC1, 0xED, 0x4C, 0x27, 0x97, 0xE8, 0x2A, 0xB4, 0xFB,
    0x6B, 0x40, 0x3E, 0xBA, 0xBB, 0xB9, 0x68, 0xA9, 0xB7, 0x5F, 0x1A, 0xF9, 0x7E, 0x9C, 0xEE, 0x3C,
    0xC8, 0x92, 0xAE, 0x9A, 0x1B, 0x2F, 0xEA, 0xEE, 0x76, 0xAA, 0x3B, 0xA2, 0xA3, 0x56, 0x77, 0xBC,
    0x84, 0xC1, 0xC1, 0x2F, 0x75, 0xF6, 0x56, 0x68, 0x10, 0x96, 0xC0, 0x8E, 0xE2, 0x05, 0xBA, 0x90,
    0xA6, 0xF6, 0x7B, 0xB8, 0x8F, 0x81, 0x44, 0x3A, 0x73, 0x5D, 0x20, 0x11, 0x81, 0x01, 0xA4, 0x97,
    0x73, 0xF3, 0x5E, 0xE0, 0xBF, 0x48, 0x33, 0xA0, 0x4B, 0x0F, 0x8A, 0xC6, 0x24, 0xCC, 0x93, 0x08,
    0x8A, 0x24, 0x63, 0x22, 0x7E, 0xE6, 0x51, 0x51, 0xBB, 0x9E, 0xBC, 0x04, 0x7B, 0x06, 0x3B, 0xDC,
    0xE9, 0x22, 0x12, 0x75, 0x10, 0x5A, 0x5A, 0x58, 0xFE, 0x1B, 0x90, 0x53, 0xF7, 0x4A, 0x86, 0x3E,
    0x5E, 0x61, 0x29, 0xAF, 0xFD, 0x20, 0x74, 0xF7, 0xFC, 0xBB, 0x8C, 0x1D, 0x76, 0x1A, 0x4D, 0xD4,
    0xF7, 0x1E, 0xA4, 0xA4, 0x2E, 0xA4, 0x91, 0xE9, 0xEF, 0x87, 0xE4, 0x5F, 0x75, 0x3E, 0xD0, 0xED,
    0xA2, 0x49, 0xD5, 0x03, 0xE1, 0xFD, 0x9D, 0xC2, 0x3A, 0xF1, 0xA0, 0x67, 0xE1, 0xF4, 0x12, 0x76,
    0xB4, 0x51, 0xF5, 0x2E, 0x18, 0x1B, 0x5A, 0xB6, 0x79, 0x2D, 0x54, 0xC1, 0x1A, 0x27, 0xD3, 0x04,
    0x7A, 0xC7, 0x0E, 0x16, 0xB5, 0x23, 0x71, 0xC1, 0x11, 0xB1, 0x98, 0xC0, 0xA7, 0x76, 0x20, 0xF9,
    0x2F, 0x09, 0xCF, 0x42, 0x06, 0x80, 0xA8, 0x70, 0x3C, 0x85, 0x47, 0x74, 0xE5, 0x23, 0xFA, 0x47,
    0x97, 0x6C, 0x8F, 0xD6, 0xCD, 0x17, 0xEB, 0xF6, 0x4B, 0x75, 0xC2, 0xDA, 0x9C, 0x7A, 0xFE, 0x17,
    0xB5, 0xFA, 0x62, 0xAD, 0x3E, 0x43, 0xE3, 0xE4, 0x40, 0xCA, 0x5F, 0x69, 0x28, 0x5B, 0x51, 0x64,
    0x92, 0xA4, 0x7B, 0x8D, 0xC3, 0x59, 0xD8, 0x65, 0xC4, 0x9E, 0x09, 0x42, 0x46, 0x0B, 0xAB, 0xE8,
    0x62, 0x6F, 0x57, 0xEF, 0x6F, 0x6A, 0x1A, 0xAB, 0x93, 0x60, 0x1D, 0x02, 0x09, 0x18, 0x77, 0x84,
    0x3A, 0x8E, 0x5F, 0xA2, 0x5C, 0x2C, 0xAF, 0x59, 0x27, 0xC6, 0x4A, 0x9A, 0x82, 0x89, 0x9C, 0xE2,
    0x54, 0xBB, 0x0E, 0xDB, 0xB5, 0x99, 0x06, 0x62, 0xB0, 0xDC, 0xC8, 0x59, 0xDD, 0x5B, 0x61, 0x28,
    0x57, 0x88, 0xB2, 0x9D, 0xF1, 0xD0, 0x44, 0x6A, 0xDE, 0x29, 0x9E, 0x84, 0x5F, 0x74, 0x76, 0x4C,
    0x43, 0x9D, 0xC9, 0x41, 0xAC, 0xF2, 0x8E, 0x4B, 0xFD, 0xBC, 0x04, 0x0D, 0xCC, 0x69, 0x99, 0xEF,
    0x43, 0x1E, 0x88, 0x9B, 0xEE, 0x47, 0x73, 0xC7, 0x1C, 0xDC, 0x80, 0x83, 0x23, 0xE1, 0x6C, 0xCE,
    0x00, 0x0D, 0xB1, 0xA8, 0x71, 0x4B, 0x3B, 0xDF, 0xFB, 0x76, 0x0A, 0xFE, 0x02, 0x4F, 0x73, 0x89,
    0x71, 0x95, 0x9C, 0xA6, 0xB3, 0x38, 0x75, 0x8A, 0x92, 0x79, 0x5A, 0x7E, 0xF3, 0x27, 0x2C, 0xDD,
    0xE4, 0x4D, 0xE4, 0x78, 0x6F, 0x03, 0x0F, 0xB1, 0x65, 0x3B, 0x16, 0x4F, 0x56, 0x4B, 0xC2, 0x42,
    0x1A, 0x06, 0x6D, 0xF6, 0xD9, 0xB6, 0xA1, 0x92, 0x50, 0xB6, 0xA8, 0xF2, 0x75, 0xC6, 0x2B, 0x3D,
    0xA6, 0x2E, 0x70, 0xFD, 0x80, 0x50, 0xF8, 0x3A, 0xB6, 0x0C, 0x70, 0x33, 0xF5, 0x55, 0x56, 0x5D,
    0x62, 0x2E, 0x7E, 0x35, 0xC9, 0x19, 0x86, 0x26, 0x0A, 0x36, 0x0A, 0x18, 0xB7, 0x30, 0x2B, 0x23,
    0xA6, 0xF6, 0x73, 0xD2, 0x29, 0x4E, 0xC2, 0xF2, 0x57, 0x61, 0xD8, 0x53, 0x70, 0xA3, 0x50, 0xE8,
    0x04, 0x92, 0x48, 0x7A, 0x21, 0x96, 0xEB, 0xFC, 0x93, 0x46, 0x35, 0xFD, 0x87, 0x6A, 0x82, 0x90,
    0xA0, 0xA0, 0x89, 0xBE, 0x0B, 0x0D, 0x88, 0xB8, 0x2F, 0xEA, 0x7C, 0x66, 0x6F, 0xC7, 0xC8, 0x67,
    0x22, 0x79, 0x89, 0xBD, 0x0F, 0x26, 0xF2, 0xC5, 0x9F, 0x46, 0xE6, 0x84, 0x96, 0x96, 0x10, 0x88,
    0x5F, 0x9E, 0x24, 0x75, 0x14, 0xF3, 0x17, 0x16, 0xC3, 0xD6, 0x04, 0x64, 0xFA, 0x10, 0x62, 0x52,
    0x94, 0xE9, 0x2B, 0x69, 0xB4, 0x08, 0xC1, 0x53, 0xB5, 0x62, 0x83, 0x18, 0x85, 0x8E, 0xA5, 0x59,
    0x7D, 0x34, 0xFD, 0x01, 0x35, 0xD2, 0x47, 0xAA, 0xDD, 0x74, 0x75, 0x68, 0x98, 0x7E, 0xDE, 0x24,
    0xB6, 0xD8, 0xAF, 0xD8, 0x0C, 0xD7, 0xF6, 0xC5, 0x28, 0xCB, 0x7B, 0x58, 0x99, 0x6E, 0x8D, 0x71,
    0xBB, 0x32, 0x19, 0xE8, 0x8F, 0xFB, 0x91, 0x9C, 0xC4, 0x76, 0x0D, 0x76, 0xD9, 0xAE, 0x43, 0xD5,
    0x0B, 0x51, 0x91, 0x1A, 0x86, 0xA0, 0xC5, 0x8F, 0x63, 0xBB, 0x72, 0xA5, 0xB2, 0x9D, 0xBC, 0xC3,
    0x01, 0x02, 0x75, 0x06, 0x92, 0x75, 0x2D, 0x50, 0x1D, 0x0A, 0xD4, 0x49, 0xF9, 0xB8, 0x89, 0xEF,
    0x2C, 0x48, 0xB2, 0x0E, 0x28, 0x3A, 0xC1, 0x98, 0x76, 0x84, 0xAC, 0x34, 0xC8, 0x77, 0x8C, 0x06,
    0xD2, 0x9D, 0xC2, 0x7D, 0xAE, 0x66, 0x1A, 0x96, 0x2D, 0xD8, 0x69, 0x7D, 0xED, 0xAE, 0x92, 0xE2,
    0x5D, 0x25, 0xD5, 0xBB, 0x4A, 0xCA, 0x77, 0x95, 0xD4, 0xEF, 0x2A, 0x29, 0xE0, 0x55, 0x52, 0xC1,
    0xAB, 0xA4, 0x84, 0x57, 0x49, 0x0D, 0xAF, 0x92, 0x22, 0x5E, 0x25, 0x55, 0xBC, 0x4A, 0xCA, 0x78,
    0x15, 0xEB, 0x78, 0xB7, 0x14, 0x0B, 0x79, 0x51, 0x7D, 0xC7, 0x7F, 0x3E, 0xC8, 0xF6, 0xAD, 0xAA,
    0xA9, 0x9A, 0x94, 0x75, 0x53, 0x96, 0x30, 0x02, 0x97, 0x0F, 0x15, 0x4E, 0xC8, 0xF7, 0x23, 0x2E,
    0xC9, 0x1A, 0x27, 0xC5, 0x22, 0x27, 0x24, 0x19, 0x9F, 0x02, 0x42, 0x99, 0x93, 0x0A, 0x2F, 0x5C,
    0x00, 0x1A, 0xC2, 0x45, 0x09, 0x3D, 0xB0, 0x2B, 0x4A, 0x9D, 0xB0, 0x90, 0x4E, 0x8E, 0x95, 0xB4,
    0x53, 0x11, 0x9B, 0x12, 0xCA, 0xB5, 0xA7, 0xE1, 0x25, 0x27, 0x3E, 0x82, 0x78, 0x32, 0xE0, 0x5F,
    0x9A, 0xE5, 0xAA, 0x14, 0xD3, 0xE9, 0xD0, 0xF0, 0xC9, 0x6A, 0xF1, 0x29, 0xEA, 0xB2, 0xCA, 0xFA,
    0xB0, 0x64, 0x6A, 0x63, 0x81, 0x61, 0x50, 0x29, 0x2B, 0xA9, 0x0C, 0xF1, 0xB4, 0x0F, 0x2D, 0xE9,
    0xBB, 0xFC, 0x1D, 0xB8, 0xCE, 0xA0, 0xD8, 0xE2, 0x97, 0x33, 0xA5, 0x89, 0x1F, 0x7F, 0x14, 0xE6,
    0x8B, 0x6B, 0x83, 0x9B, 0x85, 0xF5, 0xB2, 0xCC, 0xE7, 0x88, 0x43, 0x18, 0xD0, 0x48, 0x67, 0x75,
    0x13, 0x64, 0xFD, 0x16, 0xDC, 0x7E, 0xF2, 0x9E, 0xC4, 0x23, 0x46, 0x44, 0xB8, 0x09, 0x05, 0xFC,
    0x40, 0x28, 0xED, 0xDD, 0xBA, 0x2C, 0x59, 0x02, 0x87, 0xC8, 0xBD, 0xB5, 0xC2, 0x9A, 0x0E, 0x77,
    0xEB, 0x0A, 0xAA, 0x13, 0xBA, 0x8A, 0x36, 0x63, 0xA5, 0x5E, 0x40, 0xFC, 0xD3, 0xE9, 0xEE, 0x40,
    0xF1, 0xDF, 0xEE, 0xEE, 0x64, 0x86, 0x81, 0x52, 0x60, 0x6C, 0xB5, 0x55, 0xCC, 0x53, 0x5D, 0xB9,
    0x44, 0xFE, 0x8B, 0xAC, 0x7C, 0xE1, 0x80, 0xE0, 0x03, 0x9C, 0x5B, 0xF3, 0xBA, 0x8D, 0x2E, 0xB7,
    0xDB, 0xC1, 0x24, 0x2B, 0x6D, 0x04, 0xBE, 0x9D, 0xBA, 0x5D, 0x2C, 0x49, 0x14, 0xFD, 0x67, 0x80,
    0xEC, 0x08, 0x7F, 0x06, 0xE0, 0x65, 0x93, 0x0D, 0x28, 0x0C, 0xBD, 0x01, 0xD3, 0x2A, 0x99, 0x14,
    0x93, 0x9E, 0x54, 0xC9, 0x04, 0xE4, 0x1B, 0x37, 0x7F, 0x4C, 0x5C, 0x86, 0x89, 0x83, 0x63, 0xCA,
    0xD4, 0xBB, 0xC0, 0xDB, 0x4A, 0xB2, 0xCF, 0xC9, 0xFF, 0x59, 0x98, 0xE5, 0x41, 0xC5, 0xD4, 0xF2,
    0xB7, 0x6A, 0x66, 0x43, 0x09, 0x3E, 0x8E, 0x11, 0x3F, 0x87, 0x9B, 0x6D, 0x17, 0xCE, 0xBD, 0x28,
    0x63, 0x7A, 0x45, 0xD2, 0x25, 0x93, 0xF2, 0x95, 0xCC, 0x65, 0x7E, 0x18, 0xF3, 0x6A, 0x16, 0x96,
    0xA5, 0x2B, 0xD4, 0xF6, 0x22, 0xBC, 0x7F, 0xB1, 0x96, 0x2A, 0x17, 0xA1, 0xC8, 0xE7, 0x3F, 0x87,
    0x50, 0x1D, 0x54, 0x67, 0x39, 0x2D, 0xE6, 0x3C, 0x71, 0xD7, 0xE6, 0x8B, 0xB1, 0x7D, 0x3D, 0x1F,
    0x5C, 0xCF, 0x8E, 0x31, 0x0C, 0x33, 0xE6, 0x1F, 0x0C, 0xAC, 0xB7, 0x48, 0xB2, 0xD6, 0xEB, 0xC5,
    0xEE, 0x78, 0xF1, 0x9F, 0x50, 0x2F, 0x7F, 0x62, 0x9E, 0x0A, 0x87, 0xCC, 0xE9, 0x4E, 0xF2, 0x44,
    0x27, 0x51, 0xC9, 0xE6, 0xB9, 0x9D, 0xA9, 0x7F, 0x8C, 0xBF, 0x6B, 0x9C, 0x9A, 0x0F, 0xF0, 0x57,
    0x39, 0xC7, 0xE6, 0xF7, 0x23, 0x56, 0x8A, 0x4A, 0x88, 0xB5, 0xFE, 0x3C, 0x1E, 0x08, 0x65, 0x1E,
    0x05, 0xCC, 0x72, 0xB7, 0x74, 0x32, 0x8D, 0xBF, 0xAF, 0x45, 0x75, 0x42, 0x2B, 0x34, 0xFF, 0xC4,
    0x7D, 0x2B, 0x75, 0x17, 0xF0, 0x09, 0x7D, 0x31, 0x6B, 0xB9, 0xB1, 0xF2, 0xCF, 0x26, 0x93, 0xE1,
    0xED, 0x98, 0xC6, 0x10, 0xB2, 0x1A, 0x4A, 0xDF, 0xC5, 0x81, 0x85, 0x1B, 0x8C, 0xF1, 0x3E, 0x0E,
    0x4F, 0x7D, 0xFD, 0x8A, 0x4E, 0xFD, 0xB2, 0x20, 0xE9, 0x84, 0x7F, 0x02, 0x99, 0x5F, 0x5F, 0x83,
    0xE1, 0x86, 0xBC, 0xF8, 0x91, 0x8A, 0x7C, 0x0E, 0x10, 0x44, 0x27, 0xE9, 0x7C, 0x76, 0x77, 0x8E,
    0xD3, 0xBF, 0x9A, 0xE9, 0x7F, 0xE7, 0xEF, 0x1B, 0xB0, 0xF6, 0x63, 0x57, 0x84, 0xDC, 0x58, 0xFE,
    0xB2, 0x61, 0x95, 0x13, 0x18, 0x8B, 0x81, 0x02, 0x9A, 0x8B, 0x91, 0x3B, 0xDF, 0xDE, 0x9D, 0x3B,
    0x37, 0x40, 0xE8, 0x24, 0x73, 0xEB, 0xB5, 0x9E, 0xC8, 0xBF, 0x3D, 0x5B, 0xF3, 0xDA, 0xEC, 0xAE,
    0x79, 0xC5, 0x77, 0xAA, 0xDA, 0xBD, 0x35, 0xAF, 0xFF, 0x8F, 0x39, 0xFC, 0xBD, 0x4B, 0x70, 0xD2,
    0x6E, 0x31, 0x7D, 0xCC, 0xBE, 0x9F, 0xFC, 0xD1, 0x86, 0x30, 0xFF, 0x74, 0x8C, 0x34, 0x3B, 0xD8,
    0xE0, 0x52, 0x3A, 0x1B, 0x45, 0x3E, 0x51, 0xB5, 0xFD, 0x27, 0x4E, 0x91, 0xE9, 0x3D, 0x61, 0xF9,
    0x23, 0x16, 0x5E, 0x1A, 0x70, 0x6B, 0x4C, 0x8A, 0x67, 0x5D, 0x10, 0x72, 0xE2, 0xBF, 0xAF, 0x18,
    0xEB, 0x57, 0xA6, 0xCF, 0x7B, 0x18, 0x95, 0x6B, 0xC6, 0xDA, 0x65, 0xC4, 0x2D, 0x20, 0x67, 0xF3,
    0x1D, 0xE9, 0x79, 0xE2, 0xBF, 0xD8, 0xE0, 0x99, 0x26, 0xAF, 0x2D, 0x26, 0xB6, 0xEE, 0x43, 0x28,
    0x65, 0x76, 0x5E, 0x65, 0x68, 0x1B, 0xFE, 0xDA, 0x85, 0x69, 0xA5, 0xC6, 0x89, 0xC7, 0xD9, 0x34,
    0xC6, 0xDD, 0xD2, 0xBA, 0x09, 0xED, 0xBE, 0x3B, 0x2C, 0x74, 0x51, 0xC2, 0x42, 0x37, 0xFA, 0xB0,
    0x90, 0xA1, 0xC3, 0x42, 0x09, 0xA5, 0x22, 0xC4, 0xEF, 0x17, 0x50, 0xC9, 0x50, 0xF0, 0x71, 0x30,
    0x50, 0x14, 0x2C, 0x14, 0xD5, 0x9B, 0x28, 0xEA, 0xA4, 0x7F, 0xC0, 0x39, 0x65, 0x06, 0xCE, 0x0F,
    0x52, 0x94, 0x6B, 0x89, 0xE3, 0xF2, 0xD1, 0x55, 0xD0, 0xF2, 0xD7, 0x92, 0xF2, 0x23, 0xFE, 0xD8,
    0x88, 0x00, 0x65, 0xCD, 0xA6, 0x66, 0xDB, 0x92, 0xAE, 0x78, 0x45, 0xAC, 0x25, 0xD8, 0x9F, 0x26,
    0x8B, 0x50, 0xE9, 0x59, 0xB1, 0xED, 0x8A, 0x0A, 0xE2, 0xF5, 0xD8, 0x29, 0xFA, 0x0C, 0x74, 0xB3,
    0xCE, 0xBA, 0xBB, 0xF5, 0xEC, 0x43, 0xFB, 0xFF, 0x8C, 0x7A, 0x02, 0x76, 0x05, 0x5C, 0x1F, 0xB5,
    0x79, 0xB6, 0xA7, 0x9C, 0xE3, 0x55, 0x4C, 0x1F, 0x29, 0xC5, 0xB7, 0x45, 0xF7, 0x87, 0x1E, 0x90,
    0x0C, 0xDC, 0x48, 0xD4, 0xA0, 0x15, 0x1D, 0xA6, 0x1E, 0x98, 0xF4, 0xFB, 0x91, 0x42, 0x5E, 0x96,
    0xA9, 0xD9, 0x0B, 0x6C, 0x70, 0x3A, 0xEC, 0x4A, 0xCD, 0xA3, 0xC4, 0x4C, 0xF2, 0x17, 0x10, 0xD9,
    0xA4, 0x6B, 0xC6, 0x06, 0xB7, 0x0F, 0x89, 0x0D, 0xFE, 0xB1, 0x16, 0xBB, 0x56, 0x62, 0x83, 0x48,
    0xF1, 0x26, 0x12, 0x1B, 0x9C, 0x14, 0x1A, 0x7C, 0x92, 0xFF, 0x95, 0x2C, 0x26, 0x95, 0x2F, 0xF4,
    0xC0, 0x40, 0x86, 0x12, 0x1F, 0x74, 0x6E, 0x17, 0x7D, 0x95, 0x10, 0xFE, 0x08, 0xDF, 0xC7, 0x07,
    0x6D, 0xD4, 0xD5, 0x38, 0xD7, 0xEF, 0x2A, 0xFF, 0x22, 0x0B, 0x3B, 0x28, 0x9B, 0x9C, 0x1E, 0x56,
    0x74, 0x10, 0x51, 0xFD, 0xEA, 0xD0, 0x71, 0xF9, 0xBA, 0xDA, 0x30, 0xFD, 0x7C, 0xB7, 0x1D, 0xEF,
    0x19, 0x17, 0x2B, 0x8C, 0x98, 0xD7, 0xC9, 0x59, 0xE2, 0xCF, 0xE0, 0x68, 0x85, 0xCE, 0x2D, 0x5A,
    0xA9, 0x54, 0xFC, 0x9F, 0xEC, 0xFE, 0x07, 0xFD, 0xA2, 0xF6, 0xC8, 0xBF, 0xC8, 0x12, 0xFF, 0xFF,
    0x03, 0xB5, 0x99, 0x3F, 0x6C, 0x13, 0x57, 0x1C, 0xC7, 0xBF, 0xCF, 0x97, 0xC4, 0x12, 0x16, 0x9C,
    0x07, 0xA7, 0x0A, 0xA8, 0xE2, 0x16, 0xA4, 0x46, 0x42, 0xF4, 0x96, 0x8E, 0x90, 0x7B, 0x74, 0xE9,
    0xD4, 0x8A, 0x21, 0x43, 0x45, 0x07, 0x16, 0x86, 0xC2, 0x12, 0x06, 0x86, 0x0E, 0x90, 0x3B, 0x75,
    0xE8, 0x9C, 0xA1, 0x1B, 0x03, 0x19, 0x98, 0xB2, 0xD0, 0x81, 0x01, 0xA9, 0xC4, 0x77, 0x6A, 0x2B,
    0x75, 0xAC, 0x81, 0x96, 0x85, 0xA1, 0x57, 0x24, 0xBA, 0x74, 0xE8, 0x55, 0x3D, 0xA9, 0x86, 0x9E,
    0xFD, 0xFA, 0xFD, 0xBD, 0xBB, 0xFC, 0x21, 0x0D, 0x91, 0x7D, 0xB6, 0xED, 0x7B, 0x8E, 0x7D, 0xBE,
    0x7B, 0xEF, 0xF3, 0x7E, 0xEF, 0xFB, 0xFB, 0xF3, 0x1C, 0x04, 0x3D, 0x20, 0x4C, 0x81, 0x38, 0x03,
    0x86, 0x39, 0x54, 0xBF, 0x8F, 0x46, 0x5E, 0xC0, 0xC9, 0xB6, 0xD1, 0xCC, 0x42, 0xB4, 0xD2, 0x00,
    0xAE, 0x31, 0xDA, 0x33, 0x26, 0x09, 0xB6, 0xEE, 0x27, 0x81, 0x76, 0x53, 0x9E, 0xCD, 0x86, 0xBC,
    0x02, 0xF2, 0x38, 0xC6, 0xE6, 0x25, 0x65, 0x9B, 0xE7, 0xFB, 0xEB, 0xBA, 0x65, 0xB2, 0x96, 0xE9,
    0x2B, 0x55, 0x00, 0xC5, 0x82, 0x29, 0x3C, 0x53, 0x04, 0xBA, 0x08, 0x54, 0x11, 0x7C, 0x54, 0x04,
    0xA6, 0x70, 0x8B, 0x5B, 0x72, 0xDB, 0x32, 0x47, 0xB5, 0x47, 0x07, 0x98, 0xE3, 0xE7, 0x80, 0xB7,
    0x9F, 0x25, 0x86, 0x43, 0x1C, 0x37, 0x2A, 0xBB, 0x95, 0xC7, 0x24, 0x78, 0x6D, 0xC0, 0x00, 0x77,
    0x23, 0xE9, 0x70, 0xC5, 0x0E, 0x39, 0x22, 0x1C, 0x70, 0xC9, 0x92, 0x04, 0xCF, 0x35, 0xBA, 0x19,
    0x54, 0xFA, 0xC5, 0xE4, 0x30, 0x68, 0x45, 0xE8, 0x9E, 0x86, 0x32, 0x5F, 0xC3, 0x79, 0x9A, 0x42,
    0xC9, 0x10, 0xD7, 0x35, 0xC8, 0xC3, 0xD6, 0x87, 0x25, 0x42, 0x01, 0x32, 0x81, 0x50, 0x20, 0x15,
    0x88, 0x05, 0x72, 0x81, 0x60, 0xD8, 0x21, 0xA3, 0xB9, 0x70, 0x81, 0xCD, 0x15, 0x16, 0xCB, 0x76,
    0x6B, 0x62, 0x36, 0xF6, 0xE0, 0x79, 0x91, 0x0A, 0x33, 0xE4, 0x0F, 0xA1, 0x3B, 0x38, 0xB5, 0xD1,
    0x30, 0x45, 0xC3, 0x0C, 0xA1, 0xB9, 0x3E, 0x81, 0x8A, 0x4D, 0xD3, 0x18, 0xB7, 0x17, 0xB8, 0x49,
    0xE8, 0x3E, 0x36, 0xEC, 0xC4, 0x31, 0xDE, 0xEE, 0xD2, 0xB7, 0xB8, 0x6E, 0x8D, 0x84, 0x96, 0x9A,
    0x1A, 0x4D, 0xD9, 0xC1, 0x8A, 0xF4, 0x0D, 0xAC, 0x8B, 0xC5, 0x7E, 0x86, 0xF3, 0xA4, 0xBE, 0xC5,
    0xB0, 0xF2, 0x31, 0xF0, 0x2D, 0xAF, 0xD5, 0xBC, 0xDF, 0x25, 0xD3, 0x4A, 0x0E, 0x3C, 0x38, 0x37,
    0x39, 0xE7, 0x6A, 0x47, 0x99, 0x07, 0x8D, 0xAF, 0x52, 0x9C, 0xD2, 0x08, 0x13, 0xF5, 0x57, 0xA6,
    0x74, 0xFB, 0x80, 0xC2, 0x1A, 0x6F, 0x53, 0x98, 0x4F, 0xB3, 0xD1, 0xDE, 0x8A, 0x63, 0x29, 0xDD,
    0x99, 0x8E, 0xCD, 0x0E, 0x7A, 0x62, 0x4C, 0xD3, 0x25, 0xCD, 0xA7, 0xD9, 0x3C, 0x0D, 0x37, 0x96,
    0x57, 0xAE, 0x97, 0x32, 0xE3, 0xC3, 0x21, 0x4E, 0x93, 0xDE, 0xF8, 0xDB, 0x79, 0x76, 0xD7, 0x27,
    0x76, 0x6F, 0x72, 0xD4, 0x05, 0x0D, 0x17, 0xCE, 0xA7, 0x37, 0x9C, 0x67, 0x19, 0xF9, 0xB0, 0x38,
    0x86, 0x57, 0x56, 0xD2, 0xC7, 0x74, 0x81, 0x36, 0x81, 0x5B, 0xB5, 0x80, 0xC4, 0xE0, 0x62, 0x9D,
    0xA6, 0x86, 0xFA, 0x85, 0x40, 0x26, 0x9F, 0x0E, 0x50, 0xDB, 0xCA, 0xFF, 0x04, 0x9A, 0x4B, 0x9B,
    0xCE, 0xB3, 0x54, 0x98, 0x3A, 0x23, 0x33, 0xF9, 0x9F, 0x94, 0x62, 0xBF, 0xB4, 0x0A, 0x7C, 0x73,
    0x9C, 0x0C, 0x7C, 0xEF, 0xA5, 0xD3, 0x13, 0xBB, 0x8A, 0xCE, 0x34, 0x5E, 0x3E, 0x40, 0x9C, 0x8A,
    0xC4, 0x46, 0x14, 0x3B, 0x1F, 0xAA, 0x47, 0x87, 0xA3, 0x53, 0x8A, 0xE8, 0x31, 0xAF, 0x67, 0x23,
    0x78, 0x59, 0x89, 0x9B, 0x8E, 0xE1, 0x2A, 0xF6, 0xC6, 0x58, 0x45, 0x6A, 0xBE, 0x5B, 0x69, 0x3E,
    0x30, 0x3D, 0x39, 0xB6, 0x36, 0x02, 0xC2, 0x95, 0x07, 0x87, 0x96, 0xD1, 0xA3, 0xBD, 0x33, 0xFC,
    0xD6, 0x5E, 0x26, 0xB3, 0xDA, 0x84, 0x93, 0xCB, 0x01, 0xCE, 0xE8, 0x1A, 0x1C, 0x93, 0xBA, 0xFF,
    0xF6, 0xFD, 0x84, 0xA3, 0x6C, 0x07, 0x66, 0x20, 0x87, 0x86, 0x1F, 0xD1, 0xFE, 0x4B, 0x2D, 0x53,
    0x28, 0x91, 0x07, 0x70, 0x92, 0x5D, 0x68, 0xE9, 0x68, 0x4E, 0xEE, 0x6A, 0x32, 0x8E, 0x3D, 0x12,
    0xFD, 0x29, 0x7E, 0xB9, 0x61, 0x8D, 0x32, 0x16, 0x03, 0x3B, 0x89, 0x23, 0x7C, 0x96, 0xA0, 0x99,
    0xC0, 0xD7, 0x58, 0x1A, 0x15, 0x63, 0x21, 0xEA, 0x79, 0x26, 0xB9, 0x10, 0x47, 0x9D, 0xB9, 0xB1,
    0x07, 0x55, 0x9B, 0x1F, 0x34, 0x4D, 0xDE, 0x5A, 0x4B, 0xE7, 0x95, 0x1E, 0x75, 0xD6, 0xA2, 0xE0,
    0x87, 0xAD, 0x57, 0xA9, 0x77, 0x1B, 0xE7, 0xDD, 0xF1, 0xA7, 0x29, 0x69, 0x26, 0xE4, 0x7D, 0xFB,
    0x53, 0xC1, 0x35, 0xC8, 0xD0, 0xE0, 0xD8, 0x8C, 0xA6, 0x12, 0xFE, 0xB7, 0xD9, 0xC5, 0xA0, 0x6C,
    0x5C, 0x0E, 0x12, 0x08, 0x02, 0x53, 0x05, 0x43, 0xEC, 0x1E, 0x44, 0x99, 0x58, 0xD6, 0xD8, 0xE5,
    0x6D, 0x9E, 0x4B, 0xCF, 0x97, 0x4A, 0xA4, 0xCA, 0x6C, 0x1B, 0x6E, 0x69, 0x94, 0x59, 0xA5, 0x6C,
    0xC6, 0x94, 0x6D, 0xB8, 0x85, 0x37, 0xCE, 0xCB, 0x75, 0xD5, 0x3D, 0x12, 0x91, 0x3C, 0x2A, 0x50,
    0xD2, 0xA7, 0xE4, 0x4F, 0x49, 0xA0, 0x92, 0x11, 0xC0, 0x14, 0xE5, 0x0C, 0x87, 0xD4, 0x2B, 0x55,
    0xDC, 0xF3, 0xB5, 0x28, 0xD9, 0x36, 0x99, 0x8D, 0x84, 0xD5, 0xFE, 0x02, 0x1A, 0xD2, 0x77, 0x38,
    0xA8, 0x5C, 0x64, 0xC3, 0x8A, 0xE0, 0x66, 0xEB, 0x55, 0xAF, 0xAE, 0x95, 0xEC, 0x2D, 0xE2, 0x06,
    0xEC, 0xF5, 0x34, 0x09, 0x7E, 0x98, 0xC8, 0x5A, 0xAD, 0x27, 0xC9, 0x89, 0x58, 0xCF, 0xCD, 0xA3,
    0x51, 0xA0, 0xF9, 0x27, 0x4E, 0x4B, 0xA8, 0x1B, 0x93, 0xA8, 0xD3, 0x81, 0x79, 0xA8, 0xCA, 0x14,
    0x49, 0x6F, 0xCF, 0x73, 0x49, 0x76, 0xBB, 0x92, 0x89, 0x8E, 0x92, 0x8C, 0x53, 0xA0, 0x35, 0x84,
    0xEF, 0x46, 0x1D, 0xA5, 0x6B, 0x58, 0xE2, 0x0D, 0xD7, 0xDC, 0x9F, 0x09, 0xC7, 0x77, 0xD3, 0x53,
    0x91, 0x9F, 0xA9, 0xCC, 0xC9, 0x58, 0xC0, 0x71, 0xB1, 0xC2, 0x81, 0x97, 0xB7, 0xD2, 0x83, 0x4F,
    0x37, 0x93, 0x6F, 0xDA, 0x30, 0xFA, 0x4A, 0xE4, 0x46, 0x2B, 0x74, 0xC4, 0x45, 0x86, 0x94, 0xC3,
    0x9E, 0x47, 0xF7, 0x40, 0xCF, 0xD4, 0x6E, 0xE2, 0x26, 0x0A, 0xE7, 0xE2, 0x75, 0x2C, 0xAE, 0xEF,
    0x3D, 0xB0, 0x1C, 0xAF, 0xDB, 0xAC, 0xAC, 0xE2, 0x9C, 0xCB, 0x64, 0xE0, 0xBF, 0x8E, 0x93, 0x20,
    0xF2, 0x6C, 0x48, 0xEC, 0x32, 0x60, 0x32, 0x2C, 0xE6, 0x3B, 0xAD, 0xCB, 0x10, 0x29, 0xE7, 0x83,
    0xC8, 0x4D, 0xE5, 0x3A, 0xB9, 0x5E, 0x51, 0x90, 0x87, 0x86, 0xCD, 0xCB, 0x9A, 0x26, 0xC9, 0x18,
    0x6A, 0x0B, 0x4A, 0x43, 0xE4, 0x10, 0x72, 0xDE, 0xD5, 0x93, 0xEF, 0xFD, 0xA8, 0x0B, 0xEF, 0xF1,
    0xA0, 0xAC, 0xB9, 0x76, 0x54, 0x76, 0xB2, 0x52, 0x9A, 0x34, 0x89, 0x20, 0x22, 0xF8, 0x80, 0xAA,
    0x6E, 0xD0, 0x09, 0x9A, 0xFC, 0xEB, 0xF2, 0xB3, 0x9A, 0x02, 0xAB, 0xF4, 0xCD, 0x00, 0x27, 0x11,
    0x4E, 0x42, 0x9C, 0xC4, 0x38, 0x09, 0x72, 0xB5, 0x98, 0xDF, 0x52, 0xD5, 0x4F, 0xCC, 0x28, 0x60,
    0x07, 0x83, 0x53, 0x0D, 0xBE, 0xFF, 0x57, 0xF6, 0xD3, 0xE1, 0xB3, 0x7D, 0x7A, 0xBD, 0x2A, 0x40,
    0x31, 0xD9, 0x68, 0x1A, 0xF5, 0x9D, 0x0D, 0x9B, 0x8E, 0x1D, 0x5E, 0xC7, 0xBB, 0x18, 0x94, 0xBC,
    0xC4, 0xDD, 0x79, 0xF2, 0x7D, 0x2B, 0xF5, 0xA3, 0x66, 0x1E, 0x6A, 0xD9, 0x04, 0x20, 0xCC, 0x81,
    0xB7, 0xD6, 0xFB, 0xD3, 0xB2, 0xE1, 0x6E, 0xE8, 0xD2, 0xFF, 0x0B, 0x5D, 0x75, 0xD6, 0xFA, 0x88,
    0x9A, 0x7F, 0x62, 0x56, 0x06, 0x35, 0x46, 0x35, 0xA8, 0xEF, 0xD8, 0xEF, 0x31, 0x5D, 0x96, 0x31,
    0x79, 0x5E, 0x06, 0xFE, 0x3A, 0xAC, 0x87, 0xEC, 0x05, 0xA6, 0xEE, 0xE3, 0xA1, 0x24, 0xA4, 0x1E,
    0x9C, 0x17, 0x59, 0x39, 0xC6, 0x34, 0x7C, 0xDE, 0xEE, 0xBF, 0x6C, 0x29, 0x26, 0x1B, 0xF6, 0xAA,
    0x02, 0x03, 0x37, 0x92, 0x71, 0xDF, 0x67, 0xE9, 0x65, 0x42, 0x78, 0xAF, 0x63, 0xF6, 0x1D, 0x79,
    0x39, 0x04, 0x14, 0x32, 0x03, 0x08, 0xFA, 0xBE, 0x17, 0x99, 0x45, 0xF9, 0xAD, 0xCC, 0xC3, 0x4E,
    0xD8, 0xCE, 0x7C, 0xBF, 0x34, 0x24, 0x8A, 0x4B, 0xDA, 0xF4, 0xC5, 0xF8, 0x1C, 0xF5, 0xF2, 0x87,
    0x7D, 0xC7, 0xFC, 0x93, 0x31, 0x9B, 0xF6, 0xFC, 0xC4, 0x94, 0xF0, 0xFA, 0x00, 0xFC, 0xEF, 0x07,
    0xE0, 0x07, 0x3B, 0x02, 0xB3, 0x0A, 0x86, 0xD2, 0x33, 0x82, 0x75, 0xE4, 0xCD, 0x36, 0x4A, 0x58,
    0x75, 0xB1, 0x1E, 0x6C, 0x59, 0x93, 0x09, 0xE7, 0x7B, 0x69, 0xB5, 0x0B, 0x2B, 0x6D, 0x7C, 0x6C,
    0x66, 0x36, 0xB6, 0x81, 0x96, 0x46, 0xB9, 0x92, 0x94, 0x16, 0x12, 0xFC, 0xA5, 0x9A, 0xB6, 0xFE,
    0xFC, 0xB8, 0x74, 0x4D, 0x8B, 0x37, 0x9E, 0xF7, 0xC5, 0xD4, 0x97, 0x66, 0x05, 0x7D, 0x6F, 0x99,
    0x2A, 0xEE, 0xA3, 0x79, 0x97, 0xAA, 0xAE, 0x6B, 0xEB, 0x99, 0x80, 0xD9, 0x75, 0x12, 0xDF, 0x2B,
    0x5F, 0xE6, 0x77, 0x43, 0x5C, 0x4D, 0x8B, 0x1E, 0x70, 0x3D, 0x56, 0x94, 0xC9, 0x68, 0xCD, 0xE3,
    0xAE, 0xC9, 0x8F, 0xFC, 0x97, 0x52, 0x7B, 0x0E, 0x59, 0x6F, 0xE6, 0x7B, 0xFD, 0x85, 0x55, 0x9B,
    0x93, 0xD4, 0xB3, 0xDA, 0x45, 0x71, 0xF0, 0x50, 0x45, 0xDC, 0x28, 0xC2, 0x3B, 0xE5, 0x56, 0xE9,
    0x91, 0xDC, 0x76, 0xD5, 0x56, 0xBF, 0x3C, 0xDA, 0xB6, 0xA0, 0x84, 0x89, 0x4A, 0xB1, 0x78, 0x51,
    0x99, 0x66, 0x30, 0x05, 0xB4, 0x36, 0x14, 0x73, 0xCE, 0x1A, 0x3B, 0x65, 0x89, 0x0E, 0x9C, 0x19,
    0x19, 0xCE, 0x7A, 0x9E, 0x54, 0xD6, 0xF0, 0x34, 0x76, 0x7F, 0xC1, 0x68, 0xF6, 0x38, 0xDA, 0x4F,
    0xF2, 0xF2, 0xAB, 0x8C, 0x6B, 0x04, 0xB0, 0x6F, 0x29, 0x8F, 0x7A, 0xE1, 0xAA, 0x09, 0x1C, 0x84,
    0x0E, 0x82, 0xB7, 0xC7, 0x57, 0xE6, 0x13, 0xA9, 0x97, 0xB7, 0x6D, 0x45, 0x31, 0x20, 0x1F, 0x89,
    0x06, 0xFD, 0x2E, 0x0C, 0x63, 0xF4, 0x50, 0x93, 0x0E, 0xBB, 0x8D, 0xEB, 0x4D, 0x4E, 0x10, 0xB4,
    0xFA, 0x4D, 0xCA, 0xA2, 0xA2, 0x61, 0x95, 0xD2, 0xC5, 0x0E, 0x6C, 0x15, 0x8E, 0xA6, 0x0F, 0x4B,
    0x95, 0x96, 0x83, 0xDD, 0xB6, 0x32, 0xAC, 0x05, 0x8B, 0xEB, 0xA8, 0xAA, 0xB0, 0x32, 0x76, 0xCA,
    0x6A, 0xE3, 0xDC, 0xCC, 0xCC, 0xDB, 0x16, 0x4F, 0xE2, 0xDF, 0x35, 0x5D, 0xFE, 0xD4, 0x23, 0xE4,
    0x67, 0x6A, 0x92, 0xDF, 0x7B, 0x57, 0xB6, 0x3D, 0xFC, 0xE0, 0xDC, 0xC9, 0xA5, 0x20, 0x9D, 0x95,
    0x99, 0x1B, 0x1B, 0x37, 0xE0, 0x0E, 0x33, 0x9C, 0x08, 0x13, 0xCC, 0xA9, 0x9A, 0xB0, 0x33, 0xB1,
    0xE6, 0x32, 0x2A, 0x37, 0x2F, 0x5F, 0x3A, 0x7B, 0xD5, 0x56, 0x3D, 0xC8, 0xAB, 0xFB, 0x76, 0xC1,
    0xED, 0xAA, 0x06, 0x08, 0xAB, 0xF4, 0x54, 0xA9, 0xB8, 0x4B, 0xEF, 0x08, 0x2D, 0x52, 0x4C, 0x40,
    0x6E, 0xE3, 0x5E, 0x70, 0x27, 0xFC, 0x77, 0x46, 0x2A, 0x3A, 0x0E, 0x7F, 0xCC, 0xB2, 0x52, 0x0A,
    0x70, 0x68, 0x13, 0x27, 0x1E, 0xD8, 0xEC, 0x33, 0xAF, 0x57, 0xB1, 0xD8, 0x45, 0x37, 0x44, 0x11,
    0x5C, 0x2C, 0xBC, 0x2F, 0x73, 0xF7, 0xFB, 0xAC, 0xF5, 0x63, 0xDA, 0xFC, 0xA3, 0xE7, 0x98, 0x44,
    0x31, 0xF2, 0x18, 0xD9, 0xD7, 0xD1, 0x09, 0x89, 0x70, 0xB6, 0x2F, 0x05, 0x54, 0x10, 0x4D, 0x34,
    0xF4, 0x61, 0x81, 0x76, 0x64, 0x84, 0xAB, 0x67, 0xFB, 0x83, 0x30, 0x1B, 0x04, 0x51, 0xDB, 0x7A,
    0x4B, 0x9C, 0xEC, 0x05, 0xC6, 0xF7, 0x31, 0xB1, 0x55, 0xAA, 0xFF, 0x64, 0xDC, 0xD7, 0xB2, 0xAF,
    0x5A, 0x11, 0x77, 0xA8, 0x61, 0x9B, 0x37, 0xB3, 0xE5, 0xE4, 0x4B, 0xA5, 0x36, 0x6F, 0xB4, 0x86,
    0x99, 0xBB, 0xD6, 0xA3, 0xE0, 0x6B, 0xE0, 0xFC, 0x07, 0x9D, 0x56, 0x3D, 0x6C, 0x14, 0x47, 0x14,
    0xFE, 0x6E, 0x17, 0xD8, 0xC0, 0x04, 0xAF, 0x0B, 0x5B, 0x31, 0x28, 0xCE, 0xA6, 0x70, 0x24, 0xE3,
    0x20, 0x2F, 0x05, 0x85, 0x13, 0x9D, 0xEF, 0x36, 0xA4, 0xA0, 0x48, 0x81, 0x15, 0x01, 0x35, 0x0D,
    0x51, 0x42, 0x0A, 0x5C, 0xB8, 0x20, 0xC8, 0xE7, 0x5B, 0xC5, 0x45, 0x8A, 0x34, 0x6E, 0x52, 0xD1,
    0xB8, 0xA0, 0x40, 0x4E, 0x41, 0x8A, 0x14, 0x51, 0x72, 0x3F, 0x0B, 0x2E, 0x52, 0xA4, 0xC8, 0x3A,
    0x28, 0xA2, 0x64, 0x4D, 0x94, 0x28, 0x52, 0x0A, 0x06, 0x38, 0x94, 0x0D, 0x5A, 0xDF, 0xE4, 0x7B,
    0xBB, 0xE7, 0xB3, 0xF9, 0x3B, 0x24, 0x66, 0xDF, 0xEE, 0xBE, 0x79, 0xF3, 0xE6, 0xCD, 0x9B, 0x99,
    0xEF, 0xBD, 0x19, 0xC0, 0xC6, 0x54, 0xF4, 0x49, 0xF8, 0x31, 0xE6, 0x5E, 0xF8, 0x00, 0xAF, 0xE3,
    0xFD, 0xF0, 0xC8, 0xCA, 0x6B, 0x2F, 0x56, 0x99, 0xAB, 0xEB, 0xBA, 0xBE, 0xB0, 0x5A, 0x7C, 0xA7,
    0xD6, 0xAE, 0x55, 0x4D, 0x96, 0x53, 0x5C, 0x35, 0xC9, 0xD4, 0xDA, 0x4A, 0xD5, 0xB0, 0xA0, 0xF8,
    0x4E, 0xAD, 0xB1, 0xE0, 0x59, 0x49, 0x59, 0x05, 0x65, 0x15, 0xBE, 0x1A, 0x4D, 0xEE, 0x0B, 0xF2,
    0x51, 0x12, 0xFA, 0x4A, 0x86, 0xE4, 0xC2, 0x47, 0x15, 0x4B, 0x68, 0x52, 0x22, 0x5C, 0x05, 0x8B,
    0x68, 0x90, 0xF7, 0x82, 0xED, 0x1A, 0xD8, 0x56, 0x23, 0xE7, 0xC3, 0x23, 0xEF, 0x3A, 0x91, 0xEF,
    0x86, 0x55, 0x37, 0x5C, 0xF2, 0x83, 0x66, 0x15, 0xD2, 0xCB, 0x8D, 0x58, 0xAD, 0x78, 0xC1, 0xA2,
    0x8F, 0x46, 0x45, 0x24, 0xDE, 0xD7, 0xB1, 0x7F, 0x2A, 0x17, 0xBA, 0x41, 0x59, 0x3A, 0x81, 0x9A,
    0x35, 0x1F, 0xD4, 0x61, 0x5F, 0x4F, 0x45, 0x94, 0xD8, 0x49, 0x4E, 0x31, 0xEC, 0x08, 0x3F, 0xFD,
    0x13, 0x18, 0x13, 0x9C, 0xFD, 0x3D, 0xB0, 0x22, 0xA9, 0x8A, 0xB0, 0x4F, 0xC9, 0x13, 0x64, 0xC5,
    0x42, 0xC6, 0x84, 0x24, 0x2B, 0xDE, 0x11, 0x16, 0x12, 0xB1, 0x50, 0x08, 0x35, 0xFC, 0xA0, 0x1D,
    0x9B, 0xC4, 0x68, 0x93, 0xD4, 0xE3, 0xC3, 0x08, 0xA0, 0xD1, 0x85, 0x89, 0x59, 0x0F, 0x53, 0xAC,
    0x88, 0x4B, 0x9C, 0x73, 0x1B, 0xF5, 0x9C, 0x43, 0xD3, 0x49, 0xBA, 0x4A, 0xF3, 0x8B, 0x5E, 0x5D,
    0xC5, 0xCD, 0xAE, 0x9B, 0x74, 0xE5, 0x5F, 0x08, 0xBA, 0x4D, 0x4C, 0x85, 0xE7, 0x83, 0x01, 0x1B,
    0xCB, 0xF6, 0xD1, 0x95, 0x01, 0xCD, 0x73, 0xA3, 0x41, 0x3D, 0x2E, 0x9E, 0xBD, 0x78, 0xD1, 0x33,
    0x1A, 0x14, 0x63, 0x5C, 0x5E, 0x19, 0xA4, 0x53, 0x8C, 0x73, 0x61, 0x80, 0x9D, 0x5E, 0x51, 0x1A,
    0x1D, 0xD9, 0xA1, 0xCC, 0xD2, 0xFC, 0xCD, 0xCE, 0x72, 0x41, 0x81, 0xC5, 0x4A, 0xBE, 0x01, 0x8B,
    0xDC, 0x9C, 0xFC, 0x37, 0x8D, 0xBC, 0x6D, 0xB1, 0x1E, 0xB6, 0x03, 0x3F, 0xFB, 0xCF, 0x6C, 0x98,
    0xD8, 0x7D, 0xF4, 0xE0, 0xC1, 0xC3, 0xBB, 0x1A, 0xF6, 0x1F, 0x9B, 0x0F, 0x37, 0x34, 0xD4, 0x7A,
    0xFE, 0x73, 0x3F, 0xCC, 0x7F, 0xBE, 0x95, 0xB7, 0xCD, 0xC2, 0x6C, 0x9A, 0x98, 0x58, 0x61, 0xBF,
    0x10, 0x4F, 0x95, 0xDE, 0xC0, 0x32, 0x74, 0x49, 0x03, 0x3B, 0x83, 0xF7, 0x87, 0xEF, 0x3B, 0x20,
    0x8C, 0x5F, 0xF4, 0x9A, 0xAD, 0x94, 0xEB, 0xA1, 0x98, 0xF3, 0xB3, 0x94, 0xC6, 0x37, 0x0B, 0x47,
    0xE8, 0xCA, 0x83, 0xC2, 0x15, 0x3E, 0x1A, 0xCE, 0x7A, 0xF2, 0x6F, 0xDF, 0x9D, 0x5C, 0x42, 0x87,
    0x0A, 0x1D, 0xBA, 0x94, 0xF4, 0x9D, 0x92, 0xA7, 0xEF, 0x8F, 0xA5, 0xED, 0x44, 0x45, 0x6E, 0x30,
    0x8D, 0x31, 0xF2, 0xA9, 0xBD, 0xA9, 0xD5, 0x7A, 0xE2, 0x9E, 0x8C, 0xA6, 0x5D, 0x8C, 0xED, 0x17,
    0x49, 0x8D, 0xA2, 0x8C, 0xF3, 0xD4, 0xEE, 0xC9, 0xF5, 0x78, 0x9A, 0x20, 0x1F, 0xDB, 0xBF, 0x8F,
    0x66, 0x2A, 0xC4, 0xBC, 0x0A, 0xED, 0xA8, 0x14, 0x12, 0xD9, 0x15, 0x0F, 0x9E, 0x1B, 0xAA, 0xE5,
    0xC8, 0xBE, 0x91, 0x94, 0xC2, 0xB9, 0x06, 0xE1, 0x5C, 0xF1, 0xDC, 0xC8, 0x73, 0x97, 0x63, 0xB5,
    0x7C, 0x53, 0x53, 0xDA, 0xA1, 0x78, 0xA2, 0x14, 0x0A, 0x70, 0x1D, 0x8D, 0xA1, 0x05, 0x8C, 0x97,
    0x51, 0x1E, 0xC7, 0x82, 0x2B, 0x3E, 0x74, 0x6C, 0xED, 0xC6, 0x7E, 0x58, 0x85, 0x17, 0xA9, 0xC4,
    0x4A, 0x91, 0x83, 0xCD, 0x87, 0x1F, 0xBA, 0xB1, 0xDD, 0xB1, 0x52, 0x47, 0x33, 0x8E, 0x82, 0x83,
    0x3D, 0x87, 0x47, 0x9C, 0x68, 0x78, 0x56, 0xC5, 0x8D, 0xEA, 0xC9, 0x9B, 0xA9, 0x1B, 0xAB, 0xC4,
    0xEE, 0xF8, 0x21, 0xB6, 0x5A, 0xB8, 0x54, 0x4D, 0xCB, 0x99, 0x9B, 0xB4, 0x1A, 0x7E, 0xA7, 0x86,
    0xD6, 0x16, 0xAC, 0xB4, 0x1A, 0xA8, 0x84, 0x76, 0xBF, 0x5C, 0xD6, 0x15, 0x15, 0x67, 0x63, 0x2A,
    0x3E, 0x86, 0x52, 0x80, 0x16, 0xD1, 0x4B, 0x35, 0x12, 0x21, 0xBC, 0x4D, 0x35, 0x92, 0x13, 0x2D,
    0x3A, 0x51, 0x1F, 0xE5, 0xD4, 0xE1, 0xB7, 0xA8, 0x7A, 0x5D, 0xB4, 0x4D, 0x58, 0xBF, 0x13, 0xAB,
    0x9F, 0x85, 0x9C, 0x3B, 0x91, 0x63, 0xE0, 0xA4, 0x32, 0x13, 0x7B, 0x3B, 0x30, 0xC8, 0xB0, 0xEA,
    0xE4, 0x5B, 0x5A, 0x35, 0x5B, 0xA4, 0x5E, 0xC3, 0x3C, 0x1C, 0x1C, 0xC5, 0x38, 0xD4, 0x37, 0x1D,
    0x94, 0x04, 0x0F, 0xA3, 0x54, 0x66, 0x9A, 0x79, 0x8B, 0x09, 0xE4, 0x38, 0x0E, 0xE0, 0x1C, 0x2C,
    0xA0, 0x44, 0x60, 0x00, 0x43, 0xA0, 0x26, 0x66, 0x80, 0xEF, 0xC0, 0x35, 0x28, 0xE5, 0x21, 0xCF,
    0xC8, 0x1B, 0x9A, 0xC7, 0xF8, 0x0C, 0xCA, 0x6F, 0x62, 0x61, 0x48, 0x00, 0x94, 0xEF, 0x5D, 0x81,
    0x94, 0x9C, 0xB7, 0xAF, 0x5C, 0x21, 0x5A, 0x1C, 0xE6, 0x09, 0xDA, 0xB9, 0xFE, 0x58, 0x90, 0xE3,
    0xE7, 0x6E, 0xD4, 0x52, 0xF9, 0x66, 0x92, 0xB3, 0xAE, 0x4E, 0xBC, 0x3D, 0x09, 0x01, 0x5E, 0x19,
    0x8C, 0x77, 0x7E, 0xAF, 0xDE, 0x5F, 0x3D, 0x52, 0xFE, 0xD4, 0x18, 0xCD, 0x1C, 0x7B, 0xDD, 0xAC,
    0xBE, 0x6B, 0xFE, 0xB6, 0x33, 0xC0, 0x40, 0xDD, 0x83, 0x7D, 0x2F, 0xF2, 0x4E, 0x85, 0xEA, 0x76,
    0xA2, 0x0E, 0xC0, 0x5A, 0xEF, 0x21, 0x85, 0x09, 0x22, 0x59, 0x5B, 0x11, 0x13, 0x0C, 0x18, 0x6E,
    0x22, 0xC7, 0x27, 0x46, 0x19, 0x20, 0xCC, 0x82, 0x29, 0x4A, 0xBB, 0x64, 0x44, 0xEC, 0x2C, 0xF0,
    0x03, 0x50, 0x8F, 0xDB, 0x71, 0x33, 0x68, 0x60, 0xFB, 0x69, 0x3F, 0xA7, 0x5E, 0x44, 0xFE, 0x1B,
    0xB1, 0xDD, 0x7F, 0x9E, 0x57, 0x1F, 0x0D, 0x7A, 0xDB, 0x60, 0x99, 0xB8, 0x6D, 0x7E, 0x35, 0xE9,
    0xD2, 0xC5, 0xDB, 0x7F, 0x65, 0xC3, 0x6A, 0x83, 0xF9, 0x97, 0x7B, 0x94, 0x11, 0x37, 0x56, 0x86,
    0x76, 0xA0, 0x34, 0x7F, 0x7E, 0xC4, 0x1C, 0x57, 0x11, 0x7F, 0x66, 0x77, 0x85, 0x1D, 0x65, 0x4B,
    0xB2, 0x3B, 0xED, 0x82, 0xEB, 0x17, 0xAF, 0x6B, 0xA7, 0x6D, 0xB3, 0x4E, 0x8B, 0xB7, 0xD2, 0x61,
    0xF5, 0x5B, 0x07, 0xF2, 0x7A, 0x37, 0x3B, 0x68, 0x9F, 0xE8, 0x58, 0x99, 0x45, 0x64, 0x96, 0xB4,
    0x1D, 0xF7, 0x22, 0x35, 0xB7, 0x63, 0x75, 0x1C, 0x6D, 0xA7, 0xF2, 0xDF, 0x96, 0xB5, 0x1C, 0x13,
    0x76, 0x7D, 0xA3, 0x5B, 0xDE, 0x95, 0x4E, 0x6B, 0x8F, 0xD5, 0x69, 0x42, 0x5E, 0x47, 0x37, 0xE1,
    0xC7, 0x35, 0x8E, 0x58, 0xA3, 0x87, 0x8B, 0xE8, 0xAB, 0xA3, 0x59, 0xCA, 0xD0, 0xA5, 0xA7, 0xF2,
    0x97, 0x32, 0x7A, 0xE6, 0x74, 0x71, 0xD8, 0xE5, 0xEB, 0x98, 0xC8, 0x3A, 0x7A, 0x21, 0x8F, 0x18,
    0x39, 0x79, 0x32, 0x59, 0x6F, 0x62, 0xA0, 0x4E, 0xFC, 0x19, 0xBD, 0x60, 0xB2, 0x79, 0xA1, 0xAD,
    0x9C, 0x0A, 0x3E, 0x9D, 0x37, 0x7A, 0xFE, 0x51, 0x30, 0x9F, 0xE0, 0x59, 0x3A, 0xB7, 0x82, 0xD2,
    0x99, 0xD3, 0x9E, 0x18, 0x6F, 0xB4, 0xBB, 0x65, 0xB3, 0x8B, 0x58, 0xE5, 0x88, 0xCA, 0x64, 0xB9,
    0x03, 0x84, 0xAC, 0xAE, 0x98, 0xEC, 0xB8, 0xD0, 0xD6, 0x71, 0xD3, 0xCD, 0x89, 0x0C, 0x3B, 0xA6,
    0xC5, 0x99, 0x28, 0x47, 0x1F, 0xE9, 0x12, 0xDE, 0xFB, 0xE2, 0xFB, 0xBA, 0x49, 0x0F, 0x9B, 0xAB,
    0x16, 0x63, 0xE0, 0x4E, 0xE8, 0xFE, 0x12, 0x59, 0x27, 0x30, 0x81, 0x16, 0x4F, 0x91, 0xC5, 0x5D,
    0x0B, 0x7E, 0x9A, 0xDE, 0x57, 0x38, 0x09, 0x8F, 0x10, 0x7F, 0x2E, 0xE4, 0x5F, 0xA1, 0x3C, 0x13,
    0x4A, 0x03, 0x7D, 0x7A, 0xA9, 0xD3, 0xB2, 0x15, 0x6E, 0xD0, 0xF5, 0xD0, 0x9C, 0xCE, 0x31, 0xDB,
    0xD8, 0x86, 0x72, 0xB2, 0x83, 0x66, 0x9E, 0xD1, 0x72, 0x7E, 0x57, 0xC3, 0x86, 0x2F, 0x20, 0x2C,
    0xFD, 0x38, 0x87, 0x7D, 0x70, 0x8D, 0xF9, 0xF3, 0x22, 0x2A, 0x67, 0xDB, 0x5C, 0xBD, 0x09, 0x94,
    0x2E, 0x30, 0x2E, 0x3E, 0x93, 0x08, 0xD4, 0xF4, 0xED, 0x28, 0x67, 0xA8, 0x78, 0x08, 0x71, 0x86,
    0x23, 0x12, 0xCB, 0xEE, 0x8C, 0x56, 0x26, 0xB6, 0x4D, 0x50, 0x37, 0xD9, 0xE7, 0xE6, 0x9A, 0x6D,
    0x22, 0x77, 0x49, 0x1F, 0x9C, 0x59, 0x95, 0x30, 0xE7, 0xE1, 0xCB, 0xAD, 0x55, 0x79, 0xF0, 0x6C,
    0x97, 0x1A, 0xB8, 0x90, 0x68, 0xEE, 0x9E, 0xB6, 0x15, 0x8A, 0x8E, 0x62, 0x46, 0x08, 0x98, 0x8F,
    0x1B, 0x35, 0xFB, 0xEE, 0xFD, 0x4E, 0xAA, 0xD6, 0x6F, 0x31, 0x25, 0x7F, 0xF4, 0x95, 0xE4, 0x64,
    0xA6, 0xEB, 0xB1, 0x43, 0xCC, 0xCA, 0x62, 0x50, 0x2C, 0x8A, 0xFA, 0x6E, 0x9B, 0x3D, 0xBB, 0x15,
    0x1A, 0x6E, 0x37, 0xB1, 0x1B, 0xFE, 0x85, 0xF5, 0x5C, 0x9F, 0xF6, 0x25, 0x3D, 0x0E, 0x03, 0x7B,
    0x5A, 0x0C, 0x5E, 0xD1, 0xAD, 0xE1, 0x89, 0x18, 0xA2, 0xED, 0xB8, 0xD0, 0xED, 0x5F, 0x07, 0x8A,
    0xC2, 0xD4, 0x72, 0x44, 0xF4, 0xA5, 0xDF, 0x88, 0xCC, 0xBB, 0xD6, 0x6D, 0x8D, 0xF4, 0xD1, 0xCE,
    0x0B, 0x02, 0xF6, 0x90, 0x91, 0x1B, 0x45, 0x9B, 0x6F, 0x05, 0x4F, 0x75, 0x9E, 0xE6, 0x8C, 0xEB,
    0x04, 0x50, 0x95, 0xFC, 0xA1, 0x27, 0x1B, 0x97, 0x7A, 0x7D, 0xFA, 0x2E, 0xAF, 0xD2, 0x49, 0x89,
    0x46, 0xB5, 0xA1, 0x5B, 0x70, 0x37, 0x75, 0x57, 0x38, 0xFA, 0x99, 0x47, 0xA8, 0x7C, 0xA6, 0xD6,
    0x1E, 0xAF, 0x85, 0x72, 0x29, 0x8C, 0xA6, 0xBE, 0x25, 0xB7, 0xD3, 0xA0, 0x6E, 0x50, 0x2F, 0xEF,
    0xE1, 0x4A, 0xDF, 0xD2, 0x07, 0x7A, 0xA4, 0xB0, 0x37, 0xD9, 0x6E, 0x71, 0x02, 0x23, 0x2D, 0x99,
    0x2E, 0x6A, 0xA6, 0x35, 0x32, 0xDC, 0xEA, 0xD6, 0x38, 0x05, 0x79, 0x5B, 0xC3, 0x93, 0x9C, 0xCA,
    0x68, 0x70, 0x38, 0x90, 0xBB, 0xC3, 0xC5, 0x81, 0x77, 0x8F, 0xF3, 0x2B, 0x73, 0x2C, 0x97, 0x07,
    0xDE, 0x61, 0xAA, 0x91, 0x17, 0xB8, 0xD8, 0x8B, 0x41, 0xF7, 0x93, 0xBD, 0xE0, 0xCD, 0x33, 0xAC,
    0x46, 0x83, 0x74, 0x5C, 0x1C, 0x8B, 0xDE, 0x09, 0x0F, 0x0C, 0xB0, 0x33, 0xC2, 0xA5, 0x7C, 0x99,
    0xCF, 0xFF, 0x03, 0xD5, 0x91, 0x3F, 0x6A, 0xDC, 0x40, 0x14, 0xC6, 0x3F, 0x69, 0xB3, 0x36, 0xAC,
    0x40, 0x6A, 0xBC, 0x04, 0x3B, 0xEC, 0xAA, 0x0A, 0x24, 0x41, 0x1B, 0xB5, 0x29, 0x66, 0x24, 0x1D,
    0x61, 0x8B, 0x2D, 0x5C, 0xBA, 0xF1, 0x0D, 0x5C, 0x28, 0x30, 0xCA, 0xE8, 0x08, 0x3A, 0x82, 0x0A,
    0x17, 0x26, 0xA4, 0xD8, 0xC2, 0x85, 0x8A, 0x31, 0xF1, 0x11, 0x74, 0x04, 0x91, 0xC6, 0xED, 0x0B,
    0x0C, 0x78, 0xC0, 0xB3, 0x72, 0xC6, 0x36, 0xD9, 0x10, 0xC8, 0x05, 0xF2, 0x7E, 0xAF, 0x98, 0x19,
    0xDE, 0xDF, 0x6F, 0x82, 0x26, 0x37, 0x99, 0x12, 0x5C, 0x39, 0x04, 0xCF, 0x6D, 0xAC, 0x0F, 0xEA,
    0x23, 0x06, 0xF6, 0x62, 0xC0, 0xA5, 0xAF, 0x0F, 0x75, 0xA8, 0x13, 0x7D, 0xA1, 0xBF, 0x8F, 0x5F,
    0x47, 0x68, 0xAC, 0x4F, 0x2E, 0x53, 0xC3, 0xC0, 0x8B, 0xDC, 0x40, 0x80, 0xBD, 0x55, 0xB9, 0x9E,
    0x16, 0x7E, 0x17, 0xDB, 0x0C, 0x62, 0x2D, 0xAD, 0xAA, 0x4A, 0xCE, 0xAB, 0xD4, 0x78, 0xCD, 0x87,
    0x2B, 0xB9, 0x73, 0x11, 0x1D, 0xB4, 0x4F, 0x93, 0x3E, 0xB8, 0x8D, 0xEA, 0x29, 0x82, 0x36, 0xB7,
    0x8C, 0x71, 0x15, 0x53, 0x66, 0xBB, 0xA7, 0x86, 0xE6, 0xA0, 0x09, 0xDC, 0x08, 0x82, 0x29, 0x5E,
    0xDD, 0xA4, 0x37, 0x60, 0x73, 0x93, 0xD3, 0x71, 0xE1, 0x15, 0x93, 0x7A, 0x52, 0x4B, 0xFB, 0xBA,
    0x99, 0xD4, 0x7E, 0x01, 0x48, 0x3B, 0x5F, 0xCF, 0x37, 0xD2, 0xBA, 0x93, 0x99, 0x6F, 0xC2, 0x84,
    0x5D, 0x5C, 0x6F, 0xB7, 0xD7, 0x25, 0x4B, 0x66, 0x5B, 0x96, 0x2C, 0xC2, 0x30, 0x5C, 0x2E, 0x92,
    0x4F, 0xED, 0xDD, 0x30, 0x1A, 0x12, 0xC4, 0x5E, 0x00, 0x82, 0x7F, 0x2C, 0xE7, 0x35, 0x01, 0xE5,
    0x94, 0x91, 0xBF, 0x07, 0xEB, 0xA0, 0x91, 0xE6, 0x9D, 0x85, 0xF2, 0xF4, 0x61, 0x1F, 0x17, 0xF2,
    0xCA, 0x75, 0xDB, 0xCC, 0x5C, 0xEE, 0x91, 0x9B, 0x3E, 0xA2, 0x99, 0x01, 0x3F, 0x57, 0xD2, 0x4C,
    0x8B, 0xFF, 0x4B, 0x8D, 0x37, 0xFA, 0x58, 0x81, 0xA5, 0x56, 0xB0, 0x4A, 0xE5, 0xDF, 0x9C, 0x1A,
    0x43, 0x26, 0xD8, 0x4A, 0xEE, 0x04, 0xB2, 0xD3, 0xC8, 0xE5, 0x06, 0x3A, 0x53, 0x6C, 0x59, 0xC6,
    0x62, 0x99, 0x55, 0x91, 0x06, 0xCA, 0x15, 0x77, 0xDB, 0x06, 0x7D, 0x44, 0xBC, 0xEB, 0x78, 0x3A,
    0xBC, 0x57, 0xE0, 0x72, 0xF7, 0xB9, 0xE2, 0x22, 0x26, 0xA0, 0x05, 0x39, 0xEE, 0x9D, 0xC2, 0x7A,
    0xAF, 0xF0, 0xD9, 0xF3, 0x1B, 0x95, 0x3F, 0xE9, 0xFE, 0xF6, 0xB1, 0x7E, 0xE8, 0x89, 0x48, 0xB4,
    0xF4, 0xDB, 0xEE, 0x7E, 0xE8, 0x71, 0x54, 0x24, 0x18, 0x95, 0x7F, 0xFC, 0xEF, 0x2F, 0xDA, 0xDF,
    0xC4, 0xCE, 0x3C, 0x0C, 0xCF, 0xC5, 0x10, 0x0F, 0x55, 0x5B, 0x21, 0xED, 0x3D, 0x3A, 0x27, 0xD9,
    0x03, 0xAF, 0xB0, 0x80, 0xEC, 0xBF, 0xD4, 0x2B, 0x3C, 0xF1, 0xB1, 0x88, 0x7A, 0xE0, 0x17, 0x7D,
    0x55, 0x4F, 0x68, 0x1E, 0x45, 0x14, 0x7F, 0xFB, 0x6D, 0xDB, 0x55, 0x96, 0x32, 0x3D, 0x54, 0x10,
    0x2B, 0xEE, 0xC5, 0x8B, 0xA2, 0x99, 0x4B, 0x0F, 0x01, 0xF3, 0x7D, 0xB3, 0xD0, 0x83, 0x87, 0x08,
    0xE6, 0x90, 0x28, 0xA8, 0xE0, 0xD9, 0x3F, 0x90, 0x1E, 0x7A, 0x11, 0x93, 0x6F, 0x17, 0x3D, 0x78,
    0xE8, 0xA1, 0xA1, 0xA0, 0x97, 0x1E, 0x9A, 0x43, 0x0F, 0x6D, 0x0A, 0xA6, 0x87, 0x1C, 0xA2, 0x4D,
    0x77, 0x47, 0x8B, 0x88, 0x14, 0xE9, 0x42, 0xA9, 0x1E, 0x3C, 0x74, 0xC1, 0x2A, 0x9A, 0x88, 0x99,
    0x96, 0xB5, 0x6E, 0x9A, 0xDD, 0x79, 0xFE, 0x66, 0xBF, 0xAF, 0xA9, 0x42, 0x71, 0x79, 0xEF, 0xB7,
    0xB3, 0xB3, 0xF3, 0xE7, 0xCD, 0x7B, 0xBF, 0xF7, 0x86, 0x88, 0x02, 0x8E, 0x23, 0x26, 0xF5, 0x19,
    0x25, 0x44, 0x8B, 0xFB, 0x67, 0xAF, 0xC8, 0x16, 0x32, 0x94, 0xA4, 0xF2, 0xF3, 0x11, 0x37, 0x3D,
    0x6E, 0x48, 0x12, 0xC9, 0x59, 0x92, 0xAD, 0x13, 0xFF, 0x15, 0xCC, 0x78, 0x8B, 0x28, 0xB7, 0x98,
    0xC8, 0x24, 0xEC, 0x80, 0xE4, 0xF7, 0x47, 0x49, 0x3D, 0x7D, 0x9C, 0xD4, 0x0B, 0x97, 0x28, 0x99,
    0x2C, 0x29, 0x39, 0x5A, 0x90, 0x3A, 0x01, 0xBD, 0xA3, 0x29, 0xBA, 0xFB, 0x0D, 0x85, 0xDC, 0x52,
    0x0F, 0x4A, 0x5B, 0x4B, 0xE4, 0x7D, 0x4B, 0x7B, 0x4F, 0x52, 0xFB, 0xDC, 0x88, 0x9D, 0x8D, 0x48,
    0x93, 0x8A, 0x49, 0x11, 0x29, 0xD1, 0x57, 0xA2, 0x51, 0xE2, 0xB6, 0x12, 0x5A, 0xBD, 0xAA, 0xE5,
    0x75, 0x2D, 0xF8, 0x8F, 0x80, 0x1B, 0x8F, 0x6B, 0x0C, 0x17, 0x5C, 0x0B, 0x8C, 0xDF, 0x3C, 0x2F,
    0x34, 0x8D, 0x85, 0x2B, 0x27, 0x9B, 0xE7, 0xD0, 0x9E, 0xBF, 0x49, 0x39, 0x53, 0x74, 0x73, 0xFC,
    0xAB, 0x5B, 0xBF, 0x82, 0xF1, 0xFE, 0xCE, 0x5A, 0x60, 0x28, 0x28, 0x49, 0xDE, 0x5F, 0x52, 0x5C,
    0xA0, 0x3D, 0x6E, 0x94, 0x6E, 0x98, 0xDA, 0xBC, 0xA0, 0xD8, 0x42, 0x88, 0x7A, 0x05, 0xA6, 0xF8,
    0x9A, 0x0E, 0x3F, 0x35, 0xFD, 0x3B, 0x2D, 0x32, 0xB3, 0x4E, 0x00, 0x65, 0x72, 0xCC, 0x8A, 0x32,
    0xF1, 0x9A, 0xC0, 0x0C, 0x1F, 0x82, 0xBF, 0x07, 0xA1, 0x03, 0xE1, 0x40, 0x02, 0x68, 0xCA, 0xED,
    0xBB, 0xEE, 0x60, 0x06, 0x2A, 0xD3, 0x35, 0xA9, 0x6B, 0x59, 0xD4, 0xB2, 0xAC, 0x27, 0x4C, 0x9D,
    0x5B, 0x9B, 0xB3, 0x9D, 0x98, 0xAA, 0xF3, 0xAC, 0x75, 0x0D, 0xB1, 0x3E, 0x21, 0xEA, 0x89, 0xB0,
    0x9E, 0xF0, 0x9D, 0x24, 0x3B, 0xCE, 0x64, 0x4E, 0x01, 0x39, 0x4C, 0x19, 0x86, 0x06, 0xE0, 0x1B,
    0x03, 0xB8, 0x03, 0x08, 0x7F, 0xBE, 0x1F, 0x27, 0x7C, 0x8B, 0xD3, 0x84, 0xA7, 0xD1, 0x3A, 0xE7,
    0xA3, 0x8F, 0xFE, 0x05, 0x15, 0xA0, 0xC7, 0x7A, 0x48, 0xE4, 0x96, 0xE8, 0xBC, 0xDB, 0xAD, 0x17,
    0xBB, 0xF5, 0xE0, 0x8F, 0xA1, 0xD0, 0xEF, 0x00, 0xAE, 0x62, 0x88, 0xB8, 0xB6, 0xAB, 0x87, 0xF3,
    0xD7, 0x35, 0xFE, 0x86, 0x88, 0x56, 0x13, 0xB4, 0x34, 0xCC, 0x3C, 0x4E, 0x87, 0x8A, 0x64, 0x31,
    0x94, 0x69, 0x58, 0x0C, 0xC5, 0x77, 0x0E, 0x6E, 0x61, 0x70, 0xB0, 0xCB, 0xA3, 0x68, 0x2D, 0x84,
    0x7A, 0x63, 0x41, 0x14, 0xEB, 0x53, 0xA2, 0xA8, 0xFB, 0xA2, 0xAC, 0xFA, 0xCF, 0x18, 0x33, 0x78,
    0xF1, 0x8E, 0x91, 0xFD, 0x7B, 0x06, 0x8E, 0x6A, 0xDE, 0x5E, 0xBC, 0x7C, 0x5B, 0x2C, 0x7C, 0x58,
    0x88, 0xF5, 0x97, 0x74, 0x58, 0xA9, 0x4E, 0x03, 0x23, 0x53, 0x1F, 0xAA, 0x78, 0x29, 0x8A, 0x15,
    0xD7, 0x51, 0x3C, 0x78, 0xAD, 0x05, 0x90, 0x02, 0xA8, 0x0E, 0xE4, 0xFF, 0x02, 0x58, 0x31, 0x50,
    0x5E, 0x0E, 0x00, 0x0D, 0x01, 0x25, 0x0C, 0xC1, 0x11, 0x29, 0x83, 0x73, 0x59, 0x77, 0x8A, 0x76,
    0xAF, 0x1D, 0x82, 0x0B, 0x96, 0xA2, 0x5D, 0x4B, 0x4A, 0x43, 0xD3, 0x21, 0x18, 0x35, 0x56, 0x9D,
    0x91, 0xFC, 0xD5, 0x76, 0xFF, 0xFD, 0x76, 0xB0, 0x47, 0xBE, 0x10, 0x0B, 0x7A, 0x73, 0xB3, 0x44,
    0x51, 0x4D, 0xDC, 0xFA, 0x76, 0x03, 0xD1, 0x13, 0x05, 0xC9, 0x4D, 0x38, 0x58, 0x83, 0x91, 0x72,
    0x13, 0xEE, 0x4E, 0xD1, 0x03, 0x17, 0xF9, 0xF6, 0x7D, 0xCF, 0xA5, 0x41, 0x83, 0x79, 0x51, 0x9A,
    0xC9, 0xB4, 0x91, 0x1F, 0x55, 0xF2, 0x13, 0x23, 0x4F, 0x69, 0x79, 0x36, 0x9D, 0xE7, 0x59, 0x1C,
    0x3F, 0xE7, 0xDF, 0xE4, 0x59, 0x2D, 0x4F, 0x15, 0xAE, 0xFF, 0xE3, 0xCA, 0x8D, 0x49, 0xB3, 0x9C,
    0x5D, 0xA0, 0x13, 0x70, 0x3F, 0x3B, 0x44, 0x99, 0x21, 0x04, 0x36, 0x23, 0xCF, 0x1E, 0x12, 0x6C,
    0x1E, 0xCF, 0x53, 0xB4, 0x7D, 0x18, 0x66, 0x69, 0x5F, 0xD6, 0x9D, 0xA8, 0x7B, 0x64, 0x17, 0xBE,
    0x84, 0x2B, 0xE0, 0xE0, 0x4D, 0xB7, 0xA3, 0x37, 0xE3, 0x22, 0x10, 0x94, 0x6A, 0x84, 0x08, 0x68,
    0x58, 0x48, 0x20, 0x72, 0x64, 0x84, 0x61, 0x03, 0xAB, 0x12, 0xC9, 0x24, 0x63, 0xDB, 0x17, 0xB1,
    0x3A, 0xD6, 0x6C, 0x00, 0x57, 0x4D, 0x13, 0x91, 0x62, 0xCD, 0x39, 0x81, 0x5A, 0x5D, 0x06, 0x79,
    0xC6, 0xED, 0xD0, 0xEB, 0xD0, 0x1F, 0xA1, 0x73, 0x28, 0x05, 0xC5, 0x68, 0xEF, 0xC8, 0x80, 0x0D,
    0xD4, 0x5E, 0xA1, 0xA6, 0x4F, 0xCD, 0x22, 0x35, 0x0B, 0x94, 0x35, 0xA4, 0x2A, 0x92, 0xC6, 0x13,
    0x45, 0x28, 0x8C, 0x58, 0xAD, 0xA4, 0xAD, 0xFB, 0x55, 0xB3, 0xB6, 0xDC, 0x76, 0x16, 0x67, 0xB4,
    0xBF, 0x25, 0xD1, 0xC0, 0x47, 0xD2, 0xC6, 0x92, 0x4B, 0x79, 0xA6, 0xCA, 0xB7, 0xDC, 0x91, 0x65,
    0x0C, 0x87, 0xD8, 0x7C, 0xCB, 0xCA, 0x33, 0x46, 0x72, 0xE1, 0xFE, 0xC6, 0xB4, 0x27, 0x14, 0xBA,
    0x23, 0xB6, 0xA3, 0x02, 0xC2, 0x9F, 0x93, 0xBA, 0x86, 0xCF, 0x69, 0xD4, 0x14, 0xF4, 0x67, 0xE1,
    0x1C, 0xB5, 0x21, 0xC7, 0x16, 0x9A, 0x85, 0x49, 0x9C, 0x84, 0x32, 0x56, 0x27, 0x25, 0x56, 0xCF,
    0xE3, 0x90, 0x39, 0xF6, 0x5C, 0xAE, 0x0A, 0xCC, 0x3F, 0x00, 0x55, 0x2E, 0x5B, 0x40, 0x01, 0xC6,
    0x01, 0x76, 0x4B, 0xF2, 0xFE, 0x36, 0xF4, 0xFA, 0xBD, 0xBF, 0x62, 0xD0, 0xB1, 0x08, 0xCB, 0x16,
    0xD5, 0xA0, 0xED, 0xDA, 0xF2, 0xD3, 0x24, 0x06, 0xB7, 0xA1, 0x11, 0x98, 0x21, 0x74, 0xEB, 0x22,
    0xED, 0x0A, 0x5F, 0x1A, 0xB1, 0x11, 0x17, 0x6B, 0xF2, 0x20, 0xCD, 0xCA, 0x45, 0x97, 0x9E, 0x3E,
    0xEB, 0x55, 0xBE, 0x80, 0x86, 0x2B, 0x49, 0xB0, 0xF6, 0x97, 0x75, 0xD4, 0x1D, 0x9F, 0x6F, 0x77,
    0x9C, 0x81, 0x89, 0x55, 0xC0, 0x2D, 0xCA, 0xA2, 0xBA, 0xB6, 0x2F, 0x09, 0x61, 0xAC, 0x93, 0x36,
    0x24, 0xDB, 0x35, 0xD0, 0xA3, 0x4E, 0x22, 0x82, 0x1B, 0xE1, 0xA8, 0x66, 0x09, 0x67, 0xA5, 0xAF,
    0x4F, 0x50, 0xA0, 0xF1, 0xF1, 0xC3, 0xCE, 0x4C, 0xE2, 0x0A, 0x0A, 0x54, 0x7C, 0x8D, 0xEF, 0x47,
    0xE9, 0x57, 0xED, 0x8C, 0xD0, 0xB0, 0x49, 0x27, 0xE5, 0x1E, 0x53, 0x7B, 0xBC, 0x04, 0x2F, 0x19,
    0x52, 0x5B, 0xA5, 0x2B, 0x92, 0x23, 0xD5, 0x1D, 0x71, 0xDD, 0x11, 0x60, 0x13, 0xC6, 0x86, 0xE6,
    0xB9, 0x2F, 0xEE, 0x56, 0xAB, 0xAB, 0x1F, 0x54, 0xC9, 0xC1, 0x09, 0x23, 0xFF, 0x4C, 0x0A, 0xE7,
    0xAC, 0xF0, 0xE0, 0x14, 0x1D, 0x78, 0xEC, 0x49, 0xD0, 0xE9, 0x01, 0x0F, 0x89, 0xDE, 0x5D, 0x71,
    0xA7, 0xCB, 0x1D, 0x27, 0xE9, 0x91, 0x92, 0x73, 0xF9, 0x9E, 0x5D, 0xA6, 0x86, 0xE6, 0xEC, 0x4C,
    0x8E, 0x7D, 0x51, 0xBC, 0x1B, 0xCA, 0x41, 0xDE, 0xCE, 0x21, 0x48, 0x0D, 0x51, 0x12, 0x92, 0xC5,
    0x07, 0x37, 0xDB, 0x07, 0x85, 0x78, 0x3B, 0x06, 0x8D, 0xC1, 0xEE, 0xED, 0x9F, 0x62, 0xC1, 0x30,
    0xE8, 0x30, 0xEB, 0x45, 0xA1, 0x37, 0x84, 0x6E, 0x70, 0x2C, 0xB1, 0x6D, 0x04, 0x17, 0x18, 0xF0,
    0xE0, 0x91, 0xAE, 0x3E, 0x1F, 0x77, 0x04, 0xBC, 0x74, 0x09, 0xF0, 0xE5, 0xFD, 0x95, 0x25, 0x98,
    0x08, 0x8B, 0x22, 0x44, 0x8B, 0x68, 0x8D, 0x8E, 0xC4, 0xB4, 0x76, 0xDA, 0x8F, 0xE9, 0x32, 0x5F,
    0x8D, 0x29, 0x1B, 0xA0, 0xAF, 0xD9, 0x77, 0x18, 0xE9, 0xEB, 0xBC, 0x21, 0x37, 0x97, 0xDC, 0x5D,
    0x80, 0x00, 0x7A, 0x3C, 0xE6, 0xED, 0x88, 0xC0, 0x41, 0xF9, 0x1F, 0x58, 0xB5, 0x31, 0x92, 0x1C,
    0xF6, 0x4B, 0x64, 0x27, 0xA9, 0x97, 0x4B, 0x4B, 0x59, 0x50, 0x26, 0xD4, 0xB8, 0x4C, 0x1A, 0x81,
    0x07, 0x46, 0x34, 0xCE, 0xA1, 0x0F, 0x41, 0x74, 0xCE, 0x6E, 0x48, 0x6C, 0x21, 0x33, 0x75, 0xE2,
    0xD2, 0xAB, 0x7B, 0xCF, 0xA3, 0x84, 0xB8, 0x75, 0x10, 0x3C, 0x8A, 0xB0, 0x1B, 0x2E, 0x1A, 0x72,
    0xB6, 0xE2, 0xCE, 0xE9, 0xAE, 0x9B, 0xF1, 0x95, 0x43, 0x34, 0x89, 0x9F, 0x08, 0x5E, 0xE0, 0xCA,
    0x91, 0xE5, 0x54, 0xAD, 0x6F, 0x17, 0xC9, 0xE4, 0x8F, 0x26, 0x9B, 0xBC, 0x61, 0xDA, 0xC9, 0x1B,
    0x55, 0xFB, 0xEC, 0xE9, 0x65, 0x97, 0xEA, 0xC9, 0x38, 0x90, 0x70, 0x27, 0x1D, 0xB1, 0x2B, 0xB8,
    0x91, 0xB8, 0x70, 0x8A, 0xEB, 0x15, 0xA2, 0xAC, 0xCB, 0x5C, 0x95, 0x97, 0x2A, 0x34, 0x2A, 0x30,
    0x2A, 0x2C, 0xDD, 0x27, 0x56, 0x5B, 0x35, 0xCA, 0xEF, 0x04, 0x9D, 0x68, 0x63, 0x8E, 0xA5, 0xD1,
    0x14, 0xF7, 0xBC, 0x11, 0xFB, 0xE0, 0x0E, 0xD2, 0x50, 0xC7, 0xE3, 0x0B, 0x75, 0x24, 0x29, 0x68,
    0xBC, 0x0C, 0x0A, 0xF5, 0x3A, 0x87, 0x3D, 0x31, 0x37, 0xA3, 0xD8, 0x3C, 0xBF, 0xB2, 0xFC, 0x0F,
    0x13, 0x0D, 0x0D, 0xB1, 0xFF, 0xFF, 0xC7, 0xFE, 0xFF, 0x1F, 0x00, 0x9D, 0x8F, 0x31, 0x4E, 0x03,
    0x31, 0x10, 0x45, 0xBF, 0x41, 0x68, 0x8B, 0x2D, 0x7C, 0x04, 0x1F, 0x21, 0x0D, 0xFD, 0xBA, 0xA7,
    0x49, 0x91, 0x9E, 0x9B, 0xD8, 0x4E, 0x95, 0x82, 0x26, 0x37, 0xD8, 0x23, 0xE4, 0x04, 0xCB, 0x8C,
    0xC4, 0x05, 0xAC, 0x9C, 0x80, 0x66, 0x1B, 0x28, 0x68, 0x28, 0xAC, 0x15, 0x9B, 0x61, 0xCC, 0x2A,
    0x12, 0x05, 0x12, 0x04, 0x4B, 0xFF, 0x4B, 0xF3, 0xAD, 0x79, 0xFA, 0x63, 0x68, 0x4B, 0xA9, 0x91,
    0x9D, 0xA4, 0x76, 0xBA, 0x9B, 0xBC, 0xCD, 0x36, 0xC3, 0x8E, 0x76, 0x44, 0x94, 0x28, 0x20, 0x21,
    0x81, 0xE5, 0x9A, 0xFD, 0xD1, 0x0C, 0x3D, 0xF8, 0x46, 0x0E, 0xDC, 0x4E, 0xF7, 0x49, 0x47, 0x65,
    0xDD, 0xF8, 0x28, 0x2E, 0x91, 0xCA, 0xF2, 0xEF, 0x32, 0xD4, 0x6B, 0x9D, 0x3E, 0x2D, 0xFB, 0x9A,
    0x8D, 0x2E, 0x5D, 0xB6, 0xBF, 0xFD, 0x6A, 0xB0, 0x93, 0x9E, 0xEB, 0x45, 0x95, 0xB2, 0xF4, 0x58,
    0x9A, 0x28, 0x8B, 0xEB, 0x55, 0x8E, 0x6B, 0xDD, 0xCB, 0xBD, 0xF2, 0xFB, 0xF4, 0x8D, 0xCF, 0x95,
    0xAF, 0xBF, 0xCA, 0x77, 0x7C, 0xE6, 0xC7, 0x7F, 0xF3, 0xAF, 0x64, 0x0F, 0x27, 0x1F, 0xE8, 0x5E,
    0x67, 0x44, 0x54, 0x9D, 0xD6, 0xE1, 0x5A, 0x4A, 0x68, 0xE4, 0x3D, 0xE8, 0xFC, 0xB3, 0x68, 0x13,
    0x10, 0x4B, 0xC0, 0xAA, 0xA0, 0x3E, 0x43, 0x7B, 0xA0, 0x55, 0x0A, 0xEC, 0xCB, 0x0C, 0x38, 0x3F,
    0xC0, 0x1C, 0xFC, 0xE3, 0xDA, 0xCA, 0x51, 0x4A, 0xF7, 0xF6, 0xA4, 0x06, 0xCD, 0xBA, 0x8C, 0x01,
    0x6E, 0x56, 0x6B, 0x84, 0x07, 0x20, 0x66, 0xB5, 0xF6, 0x79, 0xC0, 0xAD, 0xCD, 0xB4, 0xE9, 0x84,
    0x63, 0x59, 0x9D, 0xCE, 0xCC, 0x4F, 0x25, 0xCC, 0xAD, 0x0D, 0x80, 0x30, 0x00, 0x05, 0xE1, 0x23,
    0x15, 0xE0, 0xBA, 0x00, 0x49, 0x37, 0x60, 0x02, 0x42, 0x67, 0x60, 0x10, 0x66, 0x80, 0x30, 0x15,
    0x92, 0x9F, 0x45, 0xF0, 0x98, 0x4A, 0x44, 0xD3, 0x47, 0x1B, 0x3E, 0x71, 0xF2, 0xA0, 0x21, 0x1B,
    0x4A, 0xB4, 0x80, 0xD1, 0x0D, 0x76, 0xDC, 0xA0, 0xA7, 0x83, 0x34, 0xD9, 0xC5, 0x28, 0xD9, 0xDB,
    0x2A, 0xBA, 0xD7, 0x2B, 0xF8, 0xE4, 0x74, 0x28, 0xD6, 0xBA, 0x14, 0x2A, 0x3D, 0xDA, 0x99, 0x25,
    0x70, 0x67, 0x84, 0x7A, 0x0D, 0x50, 0x3D, 0x7B, 0x5E, 0xCD, 0xE5, 0xD7, 0xF2, 0xFB, 0x00,
};

static const EpdGlyph notosans_10_boldGlyphs[] = {
    { 0, 0, 0, 0, 0, 0, 0 }, // U+0000
    { 0, 0, 87, 0, 0, 0, 0 }, // U+000D
    { 0, 0, 87, 0, 0, 0, 0 }, // U+0020
    { 4, 16, 94, 1, 15, 16, 0 }, // !
    { 8, 6, 160, 1, 15, 12, 16 }, // "
    { 13, 15, 215, 0, 15, 49, 28 }, // #
    { 12, 18, 191, 0, 16, 54, 77 }, // $
    { 19, 17, 301, 0, 16, 81, 131 }, // %
    { 16, 17, 250, 0, 16, 68, 212 }, // &
    { 4, 6, 89, 1, 15, 6, 280 }, // '
    { 7, 19, 113, 0, 15, 34, 286 }, // (
    { 7, 19, 113, 0, 15, 34, 320 }, // )
    { 11, 10, 181, 0, 16, 28, 354 }, // *
    { 11, 11, 191, 0, 13, 31, 382 }, // +
    { 5, 6, 95, 0, 3, 8, 413 }, // ,
    { 7, 3, 107, 0, 7, 6, 421 }, // -
    { 4, 5, 94, 1, 4, 5, 427 }, // .
    { 9, 16, 138, 0, 15, 36, 432 }, // /
    { 11, 17, 201, 1, 16, 47, 468 }, // 0
    { 8, 15, 172, 0, 15, 30, 515 }, // 1
    { 12, 16, 186, 0, 16, 48, 545 }, // 2
    { 12, 17, 191, 0, 16, 51, 593 }, // 3
    { 12, 15, 194, 0, 15, 45, 644 }, // 4
    { 11, 16, 193, 1, 15, 44, 689 }, // 5
    { 11, 17, 201, 1, 16, 47, 733 }, // 6
    { 11, 15, 178, 0, 15, 42, 780 }, // 7
    { 12, 17, 198, 0, 16, 51, 822 }, // 8
    { 12, 17, 201, 0, 16, 51, 873 }, // 9
    { 4, 13, 94, 1, 12, 13, 924 }, // :
    { 5, 15, 95, 0, 12, 19, 937 }, // ;
    { 11, 12, 191, 0, 14, 33, 956 }, // <
    { 11, 7, 191, 0, 11, 20, 989 }, // =
    { 11, 12, 191, 0, 14, 33, 1009 }, // >
    { 10, 17, 159, 0, 16, 43, 1042 }, // ?
    { 18, 17, 299, 0, 15, 77, 1085 }, // @
    { 15, 15, 231, 0, 15, 57, 1162 }, // A
    { 12, 15, 222, 1, 15, 45, 1219 }, // B
    { 12, 17, 214, 1, 16, 51, 1264 }, // C
    { 14, 15, 244, 1, 15, 53, 1315 }, // D
    { 10, 15, 187, 1, 15, 38, 1368 }, // E
    { 10, 15, 183, 1, 15, 38, 1406 }, // F
    { 13, 17, 241, 1, 16, 56, 1444 }, // G
    { 14, 15, 255, 1, 15, 53, 1500 }, // H
    { 8, 15, 130, 0, 15, 30, 1553 }, // I
    { 8, 20, 110, -2, 15, 40, 1583 }, // J
    { 13, 15, 221, 1, 15, 49, 1623 }, // K
    { 10, 15, 186, 1, 15, 38, 1672 }, // L
    { 17, 15, 314, 1, 15, 64, 1710 }, // M
    { 15, 15, 271, 1, 15, 57, 1774 }, // N
    { 15, 17, 264, 1, 16, 64, 1831 }, // O
    { 12, 15, 207, 1, 15, 45, 1895 }, // P
    { 15, 20, 264, 1, 16, 75, 1940 }, // Q
    { 13, 15, 219, 1, 15, 49, 2015 }, // R
    { 11, 17, 184, 0, 16, 47, 2064 }, // S
    { 12, 15, 192, 0, 15, 45, 2111 }, // T
    { 13, 16, 252, 1, 15, 52, 2156 }, // U
    { 14, 15, 217, 0, 15, 53, 2208 }, // V
    { 21, 15, 322, 0, 15, 79, 2261 }, // W
    { 14, 15, 223, 0, 15, 53, 2340 }, // X
    { 14, 15, 209, 0, 15, 53, 2393 }, // Y
    { 12, 15, 193, 0, 15, 45, 2446 }, // Z
    { 6, 19, 110, 1, 15, 29, 2491 }, // [
    { 9, 16, 138, 0, 15, 36, 2520 }, // <backslash>
    { 6, 19, 110, 0, 15, 29, 2556 }, // ]
    { 12, 10, 191, 0, 15, 30, 2585 }, // ^
    { 10, 3, 137, -1, -1, 8, 2615 }, // _
    { 7, 4, 122, 0, 16, 7, 2623 }, // `
    { 11, 13, 200, 0, 12, 36, 2630 }, // a
    { 12, 17, 211, 1, 16, 51, 2666 }, // b
    { 11, 13, 172, 0, 12, 36, 2717 }, // c
    { 12, 17, 211, 0, 16, 51, 2753 }, // d
    { 12, 13, 199, 0, 12, 39, 2804 }, // e
    { 9, 16, 129, 0, 16, 36, 2843 }, // f
    { 12, 17, 211, 0, 12, 51, 2879 }, // g
    { 12, 16, 217, 1, 16, 48, 2930 }, // h
    { 4, 16, 100, 1, 16, 16, 2978 }, // i
    { 7, 21, 99, -2, 16, 37, 2994 }, // j
    { 12, 16, 207, 1, 16, 48, 3031 }, // k
    { 4, 16, 99, 1, 16, 16, 3079 }, // l
    { 18, 12, 325, 1, 12, 54, 3095 }, // m
    { 12, 12, 217, 1, 12, 36, 3149 }, // n
    { 13, 13, 208, 0, 12, 43, 3185 }, // o
    { 12, 17, 211, 1, 12, 51, 3228 }, // p
    { 12, 17, 211, 0, 12, 51, 3279 }, // q
    { 9, 12, 149, 1, 12, 27, 3330 }, // r
    { 10, 13, 167, 0, 12, 33, 3357 }, // s
    { 9, 15, 145, 0, 14, 34, 3390 }, // t
    { 11, 13, 217, 1, 12, 36, 3424 }, // u
    { 12, 12, 190, 0, 12, 36, 3460 }, // v
    { 18, 12, 285, 0, 12, 54, 3496 }, // w
    { 12, 12, 193, 0, 12, 36, 3550 }, // x
    { 12, 17, 190, 0, 12, 51, 3586 }, // y
    { 10, 12, 164, 0, 12, 30, 3637 }, // z
    { 8, 19, 131, 0, 15, 38, 3667 }, // {
    { 3, 21, 184, 4, 16, 16, 3705 }, // |
    { 8, 19, 131, 0, 15, 38, 3721 }, // }
    { 11, 5, 191, 0, 10, 14, 3759 }, // ~
    { 0, 0, 87, 0, 0, 0, 0 }, // U+00A0
    { 4, 16, 95, 1, 12, 16, 0 }, // U+00A1
    { 10, 17, 191, 1, 16, 43, 16 }, // U+00A2
    { 12, 16, 191, 0, 16, 48, 59 }, // U+00A3
    { 10, 11, 189, 1, 13, 28, 107 }, // U+00A4
    { 12, 15, 191, 0, 15, 45, 135 }, // U+00A5
    { 3, 21, 184, 4, 16, 16, 180 }, // U+00A6
    { 9, 17, 162, 1, 16, 39, 196 }, // U+00A7
    { 8, 4, 198, 2, 16, 8, 235 }, // U+00A8
    { 16, 17, 277, 1, 16, 68, 243 }, // U+00A9
    { 8, 9, 127, 0, 16, 18, 311 }, // U+00AA
    { 12, 11, 205, 0, 11, 33, 329 }, // U+00AB
    { 11, 7, 191, 0, 9, 20, 362 }, // U+00AC
    { 7, 3, 107, 0, 7, 6, 382 }, // U+00AD
    { 16, 17, 277, 1, 16, 68, 388 }, // U+00AE
    { 12, 3, 167, -1, 18, 9, 456 }, // U+00AF
    { 8, 8, 141, 0, 16, 16, 465 }, // U+00B0
    { 11, 14, 191, 0, 14, 39, 481 }, // U+00B1
    { 8, 10, 126, 0, 18, 20, 520 }, // U+00B2
    { 8, 10, 127, 0, 18, 20, 540 }, // U+00B3
    { 7, 4, 122, 0, 16, 7, 560 }, // U+00B4
    { 12, 17, 218, 1, 12, 51, 567 }, // U+00B5
    { 11, 19, 216, 1, 16, 53, 618 }, // U+00B6
    { 4, 5, 94, 1, 10, 5, 671 }, // U+00B7
    { 6, 5, 88, 0, 0, 8, 676 }, // U+00B8
    { 6, 10, 127, 0, 18, 15, 684 }, // U+00B9
    { 8, 9, 129, 0, 16, 18, 699 }, // U+00BA
    { 12, 11, 205, 0, 11, 33, 717 }, // U+00BB
    { 18, 15, 277, 0, 15, 68, 750 }, // U+00BC
    { 18, 15, 291, 0, 15, 68, 818 }, // U+00BD
    { 18, 16, 282, 0, 16, 72, 886 }, // U+00BE
    { 10, 16, 159, 0, 12, 40, 958 }, // U+00BF
    { 15, 20, 231, 0, 20, 75, 998 }, // U+00C0
    { 15, 20, 231, 0, 20, 75, 1073 }, // U+00C1
    { 15, 20, 231, 0, 20, 75, 1148 }, // U+00C2
    { 15, 20, 231, 0, 20, 75, 1223 }, // U+00C3
    { 15, 20, 231, 0, 20, 75, 1298 }, // U+00C4
    { 15, 19, 231, 0, 19, 72, 1373 }, // U+00C5
    { 19, 15, 317, 0, 15, 72, 1445 }, // U+00C6
    { 12, 21, 214, 1, 16, 63, 1517 }, // U+00C7
    { 10, 20, 187, 1, 20, 50, 1580 }, // U+00C8
    { 10, 20, 187, 1, 20, 50, 1630 }, // U+00C9
    { 10, 20, 187, 1, 20, 50, 1680 }, // U+00CA
    { 10, 20, 187, 1, 20, 50, 1730 }, // U+00CB
    { 8, 20, 130, 0, 20, 40, 1780 }, // U+00CC
    { 8, 20, 130, 0, 20, 40, 1820 }, // U+00CD
    { 10, 20, 130, -1, 20, 50, 1860 }, // U+00CE
    { 8, 20, 130, 0, 20, 40, 1910 }, // U+00CF
    { 15, 15, 244, 0, 15, 57, 1950 }, // U+00D0
    { 15, 20, 268, 1, 20, 75, 2007 }, // U+00D1
    { 15, 21, 264, 1, 20, 79, 2082 }, // U+00D2
    { 15, 21, 264, 1, 20, 79, 2161 }, // U+00D3
    { 15, 21, 264, 1, 20, 79, 2240 }, // U+00D4
    { 15, 21, 264, 1, 20, 79, 2319 }, // U+00D5
    { 15, 21, 264, 1, 20, 79, 2398 }, // U+00D6
    { 10, 10, 191, 1, 12, 25, 2477 }, // U+00D7
    { 15, 17, 264, 1, 16, 64, 2502 }, // U+00D8
    { 13, 21, 252, 1, 20, 69, 2566 }, // U+00D9
    { 13, 21, 252, 1, 20, 69, 2635 }, // U+00DA
    { 13, 21, 252, 1, 20, 69, 2704 }, // U+00DB
    { 13, 21, 252, 1, 20, 69, 2773 }, // U+00DC
    { 14, 20, 209, 0, 20, 70, 2842 }, // U+00DD
    { 12, 15, 209, 1, 15, 45, 2912 }, // U+00DE
    { 13, 17, 235, 1, 16, 56, 2957 }, // U+00DF
    { 11, 17, 200, 0, 16, 47, 3013 }, // U+00E0
    { 11, 17, 200, 0, 16, 47, 3060 }, // U+00E1
    { 11, 17, 200, 0, 16, 47, 3107 }, // U+00E2
    { 11, 17, 200, 0, 16, 47, 3154 }, // U+00E3
    { 11, 17, 200, 0, 16, 47, 3201 }, // U+00E4
    { 11, 19, 200, 0, 18, 53, 3248 }, // U+00E5
    { 19, 13, 306, 0, 12, 62, 3301 }, // U+00E6
    { 11, 17, 172, 0, 12, 47, 3363 }, // U+00E7
    { 12, 17, 199, 0, 16, 51, 3410 }, // U+00E8
    { 12, 17, 199, 0, 16, 51, 3461 }, // U+00E9
    { 12, 17, 199, 0, 16, 51, 3512 }, // U+00EA
    { 12, 17, 199, 0, 16, 51, 3563 }, // U+00EB
    { 7, 16, 100, -1, 16, 28, 3614 }, // U+00EC
    { 7, 16, 100, 1, 16, 28, 3642 }, // U+00ED
    { 10, 16, 100, -2, 16, 40, 3670 }, // U+00EE
    { 8, 16, 100, -1, 16, 32, 3710 }, // U+00EF
    { 12, 17, 209, 1, 16, 51, 3742 }, // U+00F0
    { 12, 16, 217, 1, 16, 48, 3793 }, // U+00F1
    { 13, 17, 208, 0, 16, 56, 3841 }, // U+00F2
    { 13, 17, 208, 0, 16, 56, 3897 }, // U+00F3
    { 13, 17, 208, 0, 16, 56, 3953 }, // U+00F4
    { 13, 17, 208, 0, 16, 56, 4009 }, // U+00F5
    { 13, 17, 208, 0, 16, 56, 4065 }, // U+00F6
    { 11, 11, 191, 0, 13, 31, 4121 }, // U+00F7
    { 12, 13, 206, 0, 12, 39, 4152 }, // U+00F8
    { 11, 17, 217, 1, 16, 47, 4191 }, // U+00F9
    { 11, 17, 217, 1, 16, 47, 4238 }, // U+00FA
    { 11, 17, 217, 1, 16, 47, 4285 }, // U+00FB
    { 11, 17, 217, 1, 16, 47, 4332 }, // U+00FC
    { 12, 21, 190, 0, 16, 63, 4379 }, // U+00FD
    { 12, 21, 211, 1, 16, 63, 4442 }, // U+00FE
    { 12, 21, 190, 0, 16, 63, 4505 }, // U+00FF
    { 15, 19, 231, 0, 19, 72, 0 }, // U+0100
    { 11, 16, 200, 0, 15, 44, 72 }, // U+0101
    { 15, 21, 231, 0, 21, 79, 116 }, // U+0102
    { 11, 18, 200, 0, 17, 50, 195 }, // U+0103
    { 15, 20, 231, 0, 15, 75, 245 }, // U+0104
    { 12, 17, 200, 0, 12, 51, 320 }, // U+0105
    { 12, 21, 214, 1, 20, 63, 371 }, // U+0106
    { 11, 17, 172, 0, 16, 47, 434 }, // U+0107
    { 12, 21, 214, 1, 20, 63, 481 }, // U+0108
    { 11, 17, 172, 0, 16, 47, 544 }, // U+0109
    { 12, 21, 214, 1, 20, 63, 591 }, // U+010A
    { 11, 17, 172, 0, 16, 47, 654 }, // U+010B
    { 12, 21, 214, 1, 20, 63, 701 }, // U+010C
    { 11, 17, 172, 0, 16, 47, 764 }, // U+010D
    { 14, 20, 244, 1, 20, 70, 811 }, // U+010E
    { 17, 17, 211, 0, 16, 73, 881 }, // U+010F
    { 15, 15, 244, 0, 15, 57, 954 }, // U+0110
    { 14, 17, 215, 0, 16, 60, 1011 }, // U+0111
    { 10, 19, 187, 1, 19, 48, 1071 }, // U+0112
    { 12, 16, 199, 0, 15, 48, 1119 }, // U+0113
    { 10, 21, 187, 1, 21, 53, 1167 }, // U+0114
    { 12, 18, 199, 0, 17, 54, 1220 }, // U+0115
    { 10, 20, 187, 1, 20, 50, 1274 }, // U+0116
    { 12, 17, 199, 0, 16, 51, 1324 }, // U+0117
    { 10, 20, 187, 1, 15, 50, 1375 }, // U+0118
    { 12, 17, 197, 0, 12, 51, 1425 }, // U+0119
    { 10, 20, 187, 1, 20, 50, 1476 }, // U+011A
    { 12, 17, 199, 0, 16, 51, 1526 }, // U+011B
    { 13, 21, 241, 1, 20, 69, 1577 }, // U+011C
    { 12, 21, 211, 0, 16, 63, 1646 }, // U+011D
    { 13, 22, 241, 1, 21, 72, 1709 }, // U+011E
    { 12, 22, 211, 0, 17, 66, 1781 }, // U+011F
    { 13, 21, 241, 1, 20, 69, 1847 }, // U+0120
    { 12, 21, 211, 0, 16, 63, 1916 }, // U+0121
    { 13, 21, 241, 1, 16, 69, 1979 }, // U+0122
    { 12, 21, 211, 0, 16, 63, 2048 }, // U+0123
    { 14, 20, 255, 1, 20, 70, 2111 }, // U+0124
    { 15, 20, 217, -2, 20, 75, 2181 }, // U+0125
    { 16, 15, 255, 0, 15, 60, 2256 }, // U+0126
    { 13, 16, 219, 0, 16, 52, 2316 }, // U+0127
    { 9, 20, 130, -1, 20, 45, 2368 }, // U+0128
    { 9, 16, 100, -1, 16, 36, 2413 }, // U+0129
    { 8, 19, 130, 0, 19, 38, 2449 }, // U+012A
    { 8, 15, 100, -1, 15, 30, 2487 }, // U+012B
    { 9, 21, 130, 0, 21, 48, 2517 }, // U+012C
    { 9, 17, 100, -1, 17, 39, 2565 }, // U+012D
    { 8, 20, 130, 0, 15, 40, 2604 }, // U+012E
    { 5, 21, 100, 0, 16, 27, 2644 }, // U+012F
    { 8, 20, 130, 0, 20, 40, 2671 }, // U+0130
    { 4, 12, 100, 1, 12, 12, 2711 }, // U+0131
    { 14, 20, 241, 0, 15, 70, 2723 }, // U+0132
    { 11, 21, 203, 1, 16, 58, 2793 }, // U+0133
    { 10, 25, 110, -2, 20, 63, 2851 }, // U+0134
    { 10, 21, 99, -2, 16, 53, 2914 }, // U+0135
    { 13, 20, 220, 1, 15, 65, 2967 }, // U+0136
    { 12, 21, 207, 1, 16, 63, 3032 }, // U+0137
    { 12, 12, 207, 1, 12, 36, 3095 }, // U+0138
    { 10, 20, 186, 1, 20, 50, 3131 }, // U+0139
    { 7, 20, 99, 1, 20, 35, 3181 }, // U+013A
    { 10, 20, 186, 1, 15, 50, 3216 }, // U+013B
    { 4, 21, 99, 1, 16, 21, 3266 }, // U+013C
    { 11, 15, 186, 1, 15, 42, 3287 }, // U+013D
    { 9, 16, 99, 1, 16, 36, 3329 }, // U+013E
    { 10, 15, 186, 1, 15, 38, 3365 }, // U+013F
    { 8, 16, 123, 1, 16, 32, 3403 }, // U+0140
    { 12, 15, 188, 0, 15, 45, 3435 }, // U+0141
    { 8, 16, 102, -1, 16, 32, 3480 }, // U+0142
    { 15, 20, 268, 1, 20, 75, 3512 }, // U+0143
    { 12, 16, 217, 1, 16, 48, 3587 }, // U+0144
    { 15, 20, 268, 1, 15, 75, 3635 }, // U+0145
    { 12, 17, 217, 1, 12, 51, 3710 }, // U+0146
    { 15, 20, 268, 1, 20, 75, 3761 }, // U+0147
    { 12, 16, 217, 1, 16, 48, 3836 }, // U+0148
    { 16, 15, 258, -1, 15, 60, 3884 }, // U+0149
    { 15, 20, 271, 1, 15, 75, 3944 }, // U+014A
    { 12, 17, 217, 1, 12, 51, 4019 }, // U+014B
    { 15, 20, 264, 1, 19, 75, 4070 }, // U+014C
    { 13, 16, 208, 0, 15, 52, 4145 }, // U+014D
    { 15, 22, 264, 1, 21, 83, 4197 }, // U+014E
    { 13, 18, 208, 0, 17, 59, 4280 }, // U+014F
    { 15, 21, 264, 1, 20, 79, 4339 }, // U+0150
    { 13, 17, 208, 0, 16, 56, 4418 }, // U+0151
    { 19, 17, 324, 1, 16, 81, 4474 }, // U+0152
    { 20, 13, 326, 0, 12, 65, 4555 }, // U+0153
    { 13, 20, 219, 1, 20, 65, 4620 }, // U+0154
    { 9, 16, 149, 1, 16, 36, 4685 }, // U+0155
    { 13, 20, 219, 1, 15, 65, 4721 }, // U+0156
    { 9, 17, 149, 1, 12, 39, 4786 }, // U+0157
    { 13, 20, 219, 1, 20, 65, 4825 }, // U+0158
    { 10, 16, 149, 0, 16, 40, 4890 }, // U+0159
    { 11, 21, 184, 0, 20, 58, 4930 }, // U+015A
    { 10, 17, 167, 0, 16, 43, 4988 }, // U+015B
    { 11, 21, 184, 0, 20, 58, 5031 }, // U+015C
    { 10, 17, 167, 0, 16, 43, 5089 }, // U+015D
    { 11, 21, 184, 0, 16, 58, 5132 }, // U+015E
    { 10, 17, 167, 0, 12, 43, 5190 }, // U+015F
    { 11, 21, 184, 0, 20, 58, 5233 }, // U+0160
    { 10, 17, 167, 0, 16, 43, 5291 }, // U+0161
    { 12, 20, 192, 0, 15, 60, 5334 }, // U+0162
    { 9, 19, 145, 0, 14, 43, 5394 }, // U+0163
    { 12, 20, 192, 0, 20, 60, 5437 }, // U+0164
    { 12, 17, 145, 0, 16, 51, 5497 }, // U+0165
    { 12, 15, 192, 0, 15, 45, 5548 }, // U+0166
    { 9, 15, 145, 0, 14, 34, 5593 }, // U+0167
    { 13, 21, 252, 1, 20, 69, 5627 }, // U+0168
    { 11, 17, 217, 1, 16, 47, 5696 }, // U+0169
    { 13, 20, 252, 1, 19, 65, 5743 }, // U+016A
    { 11, 16, 217, 1, 15, 44, 5808 }, // U+016B
    { 13, 22, 252, 1, 21, 72, 5852 }, // U+016C
    { 11, 18, 217, 1, 17, 50, 5924 }, // U+016D
    { 13, 23, 252, 1, 22, 75, 5974 }, // U+016E
    { 11, 19, 217, 1, 18, 53, 6049 }, // U+016F
    { 13, 21, 252, 1, 20, 69, 6102 }, // U+0170
    { 11, 17, 217, 1, 16, 47, 6171 }, // U+0171
    { 13, 20, 252, 1, 15, 65, 6218 }, // U+0172
    { 11, 17, 217, 1, 12, 47, 6283 }, // U+0173
    { 21, 20, 322, 0, 20, 105, 6330 }, // U+0174
    { 18, 16, 287, 0, 16, 72, 6435 }, // U+0175
    { 14, 20, 209, 0, 20, 70, 6507 }, // U+0176
    { 12, 21, 190, 0, 16, 63, 6577 }, // U+0177
    { 14, 20, 209, 0, 20, 70, 6640 }, // U+0178
    { 12, 20, 193, 0, 20, 60, 6710 }, // U+0179
    { 10, 16, 164, 0, 16, 40, 6770 }, // U+017A
    { 12, 20, 193, 0, 20, 60, 6810 }, // U+017B
    { 10, 16, 164, 0, 16, 40, 6870 }, // U+017C
    { 12, 20, 193, 0, 20, 60, 6910 }, // U+017D
    { 10, 16, 164, 0, 16, 40, 6970 }, // U+017E
    { 8, 16, 128, 1, 16, 32, 7010 }, // U+017F
    { 17, 17, 274, 1, 16, 73, 0 }, // U+01A0
    { 15, 15, 227, 0, 14, 57, 73 }, // U+01A1
    { 18, 17, 295, 1, 16, 77, 130 }, // U+01AF
    { 16, 15, 252, 1, 14, 60, 207 }, // U+01B0
    { 26, 20, 436, 1, 20, 130, 267 }, // U+01C4
    { 25, 16, 408, 1, 16, 100, 397 }, // U+01C5
    { 23, 17, 375, 0, 16, 98, 497 }, // U+01C6
    { 16, 20, 299, 1, 15, 80, 595 }, // U+01C7
    { 16, 21, 290, 1, 16, 84, 675 }, // U+01C8
    { 11, 21, 203, 1, 16, 58, 759 }, // U+01C9
    { 21, 20, 381, 1, 15, 105, 817 }, // U+01CA
    { 21, 21, 373, 1, 16, 111, 922 }, // U+01CB
    { 18, 21, 321, 1, 16, 95, 1033 }, // U+01CC
    { 15, 20, 231, 0, 20, 75, 1128 }, // U+01CD
    { 11, 17, 200, 0, 16, 47, 1203 }, // U+01CE
    { 10, 20, 130, -1, 20, 50, 1250 }, // U+01CF
    { 10, 16, 100, -2, 16, 40, 1300 }, // U+01D0
    { 15, 21, 264, 1, 20, 79, 1340 }, // U+01D1
    { 13, 17, 208, 0, 16, 56, 1419 }, // U+01D2
    { 13, 21, 252, 1, 20, 69, 1475 }, // U+01D3
    { 11, 17, 217, 1, 16, 47, 1544 }, // U+01D4
    { 13, 23, 252, 1, 22, 75, 1591 }, // U+01D5
    { 11, 19, 217, 1, 18, 53, 1666 }, // U+01D6
    { 13, 23, 252, 1, 22, 75, 1719 }, // U+01D7
    { 11, 20, 217, 1, 19, 55, 1794 }, // U+01D8
    { 13, 23, 252, 1, 22, 75, 1849 }, // U+01D9
    { 11, 20, 217, 1, 19, 55, 1924 }, // U+01DA
    { 13, 23, 252, 1, 22, 75, 1979 }, // U+01DB
    { 11, 20, 217, 1, 19, 55, 2054 }, // U+01DC
    { 12, 13, 199, 0, 12, 39, 2109 }, // U+01DD
    { 15, 22, 231, 0, 22, 83, 2148 }, // U+01DE
    { 11, 19, 200, 0, 18, 53, 2231 }, // U+01DF
    { 15, 22, 231, 0, 22, 83, 2284 }, // U+01E0
    { 11, 19, 200, 0, 18, 53, 2367 }, // U+01E1
    { 19, 19, 317, 0, 19, 91, 2420 }, // U+01E2
    { 19, 16, 306, 0, 15, 76, 2511 }, // U+01E3
    { 14, 17, 241, 1, 16, 60, 2587 }, // U+01E4
    { 13, 17, 212, 0, 12, 56, 2647 }, // U+01E5
    { 13, 21, 241, 1, 20, 69, 2703 }, // U+01E6
    { 12, 21, 211, 0, 16, 63, 2772 }, // U+01E7
    { 13, 20, 220, 1, 20, 65, 2835 }, // U+01E8
    { 15, 20, 207, -2, 20, 75, 2900 }, // U+01E9
    { 15, 21, 264, 1, 16, 79, 2975 }, // U+01EA
    { 13, 17, 208, 0, 12, 56, 3054 }, // U+01EB
    { 15, 24, 264, 1, 19, 90, 3110 }, // U+01EC
    { 13, 20, 208, 0, 15, 65, 3200 }, // U+01ED
    { 12, 21, 197, 0, 20, 63, 3265 }, // U+01EE
    { 12, 21, 194, 0, 16, 63, 3328 }, // U+01EF
    { 10, 21, 99, -2, 16, 53, 3391 }, // U+01F0
    { 26, 15, 436, 1, 15, 98, 3444 }, // U+01F1
    { 24, 15, 408, 1, 15, 90, 3542 }, // U+01F2
    { 23, 17, 375, 0, 16, 98, 3632 }, // U+01F3
    { 13, 21, 241, 1, 20, 69, 3730 }, // U+01F4
    { 12, 21, 211, 0, 16, 63, 3799 }, // U+01F5
    { 20, 16, 349, 1, 15, 80, 3862 }, // U+01F6
    { 13, 21, 225, 1, 16, 69, 3942 }, // U+01F7
    { 15, 20, 268, 1, 20, 75, 4011 }, // U+01F8
    { 12, 16, 217, 1, 16, 48, 4086 }, // U+01F9
    { 15, 20, 230, 0, 20, 75, 4134 }, // U+01FA
    { 11, 22, 200, 0, 21, 61, 4209 }, // U+01FB
    { 19, 20, 317, 0, 20, 95, 4270 }, // U+01FC
    { 19, 17, 306, 0, 16, 81, 4365 }, // U+01FD
    { 15, 21, 264, 1, 20, 79, 4446 }, // U+01FE
    { 12, 17, 206, 0, 16, 51, 4525 }, // U+01FF
    { 15, 20, 231, 0, 20, 75, 4576 }, // U+0200
    { 11, 17, 200, 0, 16, 47, 4651 }, // U+0201
    { 15, 21, 231, 0, 21, 79, 4698 }, // U+0202
    { 11, 18, 200, 0, 17, 50, 4777 }, // U+0203
    { 11, 20, 187, 0, 20, 55, 4827 }, // U+0204
    { 12, 17, 199, 0, 16, 51, 4882 }, // U+0205
    { 10, 21, 187, 1, 21, 53, 4933 }, // U+0206
    { 12, 18, 199, 0, 17, 54, 4986 }, // U+0207
    { 10, 20, 130, -2, 20, 50, 5040 }, // U+0208
    { 10, 16, 100, -3, 16, 40, 5090 }, // U+0209
    { 9, 21, 130, 0, 21, 48, 5130 }, // U+020A
    { 9, 17, 100, -1, 17, 39, 5178 }, // U+020B
    { 15, 21, 264, 1, 20, 79, 5217 }, // U+020C
    { 13, 17, 208, 0, 16, 56, 5296 }, // U+020D
    { 15, 22, 264, 1, 21, 83, 5352 }, // U+020E
    { 13, 18, 208, 0, 17, 59, 5435 }, // U+020F
    { 13, 20, 219, 1, 20, 65, 5494 }, // U+0210
    { 11, 16, 149, -1, 16, 44, 5559 }, // U+0211
    { 13, 21, 219, 1, 21, 69, 5603 }, // U+0212
    { 9, 17, 149, 1, 17, 39, 5672 }, // U+0213
    { 13, 21, 252, 1, 20, 69, 5711 }, // U+0214
    { 11, 17, 217, 1, 16, 47, 5780 }, // U+0215
    { 13, 22, 252, 1, 21, 72, 5827 }, // U+0216
    { 11, 18, 217, 1, 17, 50, 5899 }, // U+0217
    { 11, 21, 184, 0, 16, 58, 5949 }, // U+0218
    { 10, 17, 167, 0, 12, 43, 6007 }, // U+0219
    { 12, 20, 192, 0, 15, 60, 6050 }, // U+021A
    { 9, 19, 145, 0, 14, 43, 6110 }, // U+021B
    { 13, 20, 210, 0, 16, 65, 6153 }, // U+021C
    { 10, 17, 169, 0, 12, 43, 6218 }, // U+021D
    { 14, 20, 255, 1, 20, 70, 6261 }, // U+021E
    { 15, 20, 217, -2, 20, 75, 6331 }, // U+021F
    { 7, 4, 0, -12, 16, 7, 0 }, // U+0300
    { 7, 4, 0, -8, 16, 7, 7 }, // U+0301
    { 10, 4, 0, -5, 16, 10, 14 }, // U+0302
    { 10, 4, 0, -12, 16, 10, 24 }, // U+0303
    { 8, 3, 0, -4, 15, 6, 34 }, // U+0304
    { 10, 3, 0, -5, 18, 8, 40 }, // U+0305
    { 9, 5, 0, -4, 17, 12, 48 }, // U+0306
    { 4, 4, 0, -2, 16, 4, 60 }, // U+0307
    { 8, 4, 0, -4, 16, 8, 64 }, // U+0308
    { 5, 6, 0, -9, 18, 8, 72 }, // U+0309
    { 6, 6, 0, -3, 18, 9, 80 }, // U+030A
    { 10, 4, 0, -4, 16, 10, 89 }, // U+030B
    { 10, 4, 0, -5, 16, 10, 99 }, // U+030C
    { 4, 5, 0, -2, 17, 5, 109 }, // U+030D
    { 6, 5, 0, -3, 17, 8, 114 }, // U+030E
    { 9, 4, 0, -12, 16, 9, 122 }, // U+030F
    { 8, 6, 0, -4, 18, 12, 131 }, // U+0310
    { 8, 5, 0, -4, 17, 10, 143 }, // U+0311
    { 5, 6, 0, -2, 15, 8, 153 }, // U+0312
    { 5, 6, 0, -2, 15, 8, 161 }, // U+0313
    { 5, 6, 0, -2, 15, 8, 169 }, // U+0314
    { 5, 6, 0, -2, 15, 8, 177 }, // U+0315
    { 7, 4, 0, -4, -1, 7, 185 }, // U+0316
    { 7, 4, 0, -3, -1, 7, 192 }, // U+0317
    { 4, 5, 0, -2, 0, 5, 199 }, // U+0318
    { 4, 5, 0, -2, 0, 5, 204 }, // U+0319
    { 6, 6, 100, 0, 16, 9, 209 }, // U+031A
    { 6, 5, 0, -2, 16, 8, 218 }, // U+031B
    { 4, 5, 0, -2, 0, 5, 226 }, // U+031C
    { 6, 4, 0, -3, -1, 6, 231 }, // U+031D
    { 6, 4, 0, -3, -1, 6, 237 }, // U+031E
    { 6, 5, 0, -3, 0, 8, 243 }, // U+031F
    { 6, 2, 0, -3, -2, 3, 251 }, // U+0320
    { 5, 7, 0, -5, 2, 9, 254 }, // U+0321
    { 5, 7, 0, 0, 2, 9, 263 }, // U+0322
    { 4, 4, 0, -9, -1, 4, 272 }, // U+0323
    { 8, 4, 0, -4, -1, 8, 276 }, // U+0324
    { 6, 6, 0, -3, 1, 9, 284 }, // U+0325
    { 4, 4, 0, -2, -1, 4, 293 }, // U+0326
    { 6, 5, 0, -3, 0, 8, 297 }, // U+0327
    { 6, 6, 0, -3, 1, 9, 305 }, // U+0328
    { 4, 5, 0, -2, 0, 5, 314 }, // U+0329
    { 8, 4, 0, -4, -1, 8, 319 }, // U+032A
    { 8, 3, 0, -4, -1, 6, 327 }, // U+032B
    { 10, 4, 0, -5, -1, 10, 333 }, // U+032C
    { 10, 4, 0, -5, -1, 10, 343 }, // U+032D
    { 9, 5, 0, -4, 0, 12, 353 }, // U+032E
    { 8, 5, 0, -4, 0, 10, 365 }, // U+032F
    { 10, 4, 0, -5, -1, 10, 375 }, // U+0330
    { 8, 3, 0, -4, -1, 6, 385 }, // U+0331
    { 10, 3, 0, -5, -1, 8, 391 }, // U+0332
    { 9, 5, 0, -5, 0, 12, 399 }, // U+0333
    { 10, 4, 0, -5, 8, 10, 411 }, // U+0334
    { 10, 3, 0, -5, 7, 8, 421 }, // U+0335
    { 16, 3, 0, -8, 7, 12, 429 }, // U+0336
    { 8, 6, 0, -4, 9, 12, 441 }, // U+0337
    { 10, 18, 0, -5, 16, 45, 453 }, // U+0338
    { 4, 5, 0, -2, 0, 5, 498 }, // U+0339
    { 8, 4, 0, -4, -1, 8, 503 }, // U+033A
    { 8, 5, 0, -4, 0, 10, 511 }, // U+033B
    { 8, 3, 0, -4, -1, 6, 521 }, // U+033C
    { 6, 6, 0, -3, 17, 9, 527 }, // U+033D
    { 4, 7, 0, -2, 19, 7, 536 }, // U+033E
    { 9, 5, 0, -5, 21, 12, 543 }, // U+033F
    { 7, 4, 0, -5, 16, 7, 555 }, // U+0340
    { 7, 4, 0, -2, 16, 7, 562 }, // U+0341
    { 10, 4, 0, -5, 16, 10, 569 }, // U+0342
    { 4, 5, 0, -2, 17, 5, 579 }, // U+0343
    { 12, 5, 0, -5, 17, 15, 584 }, // U+0344
    { 4, 4, 0, -1, -1, 4, 599 }, // U+0345
    { 10, 4, 0, -5, 16, 10, 603 }, // U+0346
    { 9, 5, 0, -5, 0, 12, 613 }, // U+0347
    { 6, 5, 0, -3, 0, 8, 625 }, // U+0348
    { 4, 4, 0, -2, -1, 4, 633 }, // U+0349
    { 8, 6, 0, -4, 17, 12, 637 }, // U+034A
    { 8, 9, 0, -4, 20, 18, 649 }, // U+034B
    { 8, 6, 0, -4, 18, 12, 667 }, // U+034C
    { 8, 5, 0, -4, 0, 10, 679 }, // U+034D
    { 4, 5, 0, -2, 0, 5, 689 }, // U+034E
    { 16, 15, 0, -8, 15, 60, 694 }, // U+034F
    { 4, 5, 0, -2, 17, 5, 754 }, // U+0350
    { 4, 6, 0, -2, 17, 6, 759 }, // U+0351
    { 8, 6, 0, -4, 18, 12, 765 }, // U+0352
    { 4, 5, 0, -2, 0, 5, 777 }, // U+0353
    { 4, 5, 0, -2, 0, 5, 782 }, // U+0354
    { 4, 5, 0, -2, 0, 5, 787 }, // U+0355
    { 9, 5, 0, -4, 0, 12, 792 }, // U+0356
    { 4, 6, 0, -2, 17, 6, 804 }, // U+0357
    { 5, 4, 0, 1, 16, 5, 810 }, // U+0358
    { 6, 5, 0, -3, 0, 8, 815 }, // U+0359
    { 8, 5, 0, -4, 0, 10, 823 }, // U+035A
    { 4, 5, 0, -2, 17, 5, 833 }, // U+035B
    { 18, 5, 0, -9, 0, 23, 838 }, // U+035C
    { 18, 5, 0, -9, 17, 23, 861 }, // U+035D
    { 14, 3, 0, -7, 15, 11, 884 }, // U+035E
    { 14, 3, 0, -7, -1, 11, 895 }, // U+035F
    { 18, 4, 0, -9, 16, 18, 906 }, // U+0360
    { 18, 5, 0, -9, 19, 23, 924 }, // U+0361
    { 17, 5, 0, -8, 0, 22, 947 }, // U+0362
    { 6, 6, 0, -3, 18, 9, 969 }, // U+0363
    { 6, 6, 0, -3, 18, 9, 978 }, // U+0364
    { 2, 8, 0, -1, 20, 4, 987 }, // U+0365
    { 6, 6, 0, -3, 18, 9, 991 }, // U+0366
    { 6, 6, 0, -3, 18, 9, 1000 }, // U+0367
    { 5, 6, 0, -2, 18, 8, 1009 }, // U+0368
    { 6, 8, 0, -3, 20, 12, 1017 }, // U+0369
    { 6, 8, 0, -3, 20, 12, 1029 }, // U+036A
    { 9, 6, 0, -4, 18, 14, 1041 }, // U+036B
    { 5, 6, 0, -2, 18, 8, 1055 }, // U+036C
    { 4, 7, 0, -2, 19, 7, 1063 }, // U+036D
    { 6, 6, 0, -3, 18, 9, 1070 }, // U+036E
    { 6, 6, 0, -3, 18, 9, 1079 }, // U+036F
    { 10, 20, 187, 1, 20, 50, 0 }, // U+0400
    { 10, 20, 187, 1, 20, 50, 50 }, // U+0401
    { 16, 16, 255, 0, 15, 64, 100 }, // U+0402
    { 11, 20, 188, 1, 20, 55, 164 }, // U+0403
    { 12, 17, 217, 1, 16, 51, 219 }, // U+0404
    { 11, 17, 182, 0, 16, 47, 270 }, // U+0405
    { 4, 15, 108, 1, 15, 15, 317 }, // U+0406
    { 7, 20, 110, 0, 20, 35, 332 }, // U+0407
    { 8, 20, 110, -2, 15, 40, 367 }, // U+0408
    { 21, 16, 345, 0, 15, 84, 407 }, // U+0409
    { 21, 15, 354, 1, 15, 79, 491 }, // U+040A
    { 15, 15, 259, 0, 15, 57, 570 }, // U+040B
    { 14, 20, 228, 1, 20, 70, 627 }, // U+040C
    { 14, 20, 264, 1, 20, 70, 697 }, // U+040D
    { 14, 21, 215, 0, 20, 74, 767 }, // U+040E
    { 14, 19, 255, 1, 15, 67, 841 }, // U+040F
    { 15, 15, 231, 0, 15, 57, 908 }, // U+0410
    { 12, 15, 216, 1, 15, 45, 965 }, // U+0411
    { 12, 15, 221, 1, 15, 45, 1010 }, // U+0412
    { 11, 15, 188, 1, 15, 42, 1055 }, // U+0413
    { 16, 19, 259, 0, 15, 76, 1097 }, // U+0414
    { 10, 15, 187, 1, 15, 38, 1173 }, // U+0415
    { 21, 15, 332, 0, 15, 79, 1211 }, // U+0416
    { 12, 17, 198, 0, 16, 51, 1290 }, // U+0417
    { 14, 15, 264, 1, 15, 53, 1341 }, // U+0418
    { 14, 20, 264, 1, 20, 70, 1394 }, // U+0419
    { 14, 15, 231, 1, 15, 53, 1464 }, // U+041A
    { 14, 16, 244, 0, 15, 56, 1517 }, // U+041B
    { 17, 15, 314, 1, 15, 64, 1573 }, // U+041C
    { 14, 15, 257, 1, 15, 53, 1637 }, // U+041D
    { 15, 17, 259, 1, 16, 64, 1690 }, // U+041E
    { 13, 15, 254, 1, 15, 49, 1754 }, // U+041F
    { 12, 15, 208, 1, 15, 45, 1803 }, // U+0420
    { 12, 17, 215, 1, 16, 51, 1848 }, // U+0421
    { 12, 15, 192, 0, 15, 45, 1899 }, // U+0422
    { 14, 16, 215, 0, 15, 56, 1944 }, // U+0423
    { 17, 17, 301, 1, 16, 73, 2000 }, // U+0424
    { 14, 15, 222, 0, 15, 53, 2073 }, // U+0425
    { 15, 19, 259, 1, 15, 72, 2126 }, // U+0426
    { 13, 15, 240, 1, 15, 49, 2198 }, // U+0427
    { 20, 15, 356, 1, 15, 75, 2247 }, // U+0428
    { 22, 19, 358, 1, 15, 105, 2322 }, // U+0429
    { 15, 15, 251, 0, 15, 57, 2427 }, // U+042A
    { 17, 15, 307, 1, 15, 64, 2484 }, // U+042B
    { 12, 15, 215, 1, 15, 45, 2548 }, // U+042C
    { 13, 17, 219, 0, 16, 56, 2593 }, // U+042D
    { 20, 17, 339, 1, 16, 85, 2649 }, // U+042E
    { 13, 15, 227, 0, 15, 49, 2734 }, // U+042F
    { 11, 13, 199, 0, 12, 36, 2783 }, // U+0430
    { 13, 18, 208, 0, 17, 59, 2819 }, // U+0431
    { 11, 12, 199, 1, 12, 33, 2878 }, // U+0432
    { 9, 12, 158, 1, 12, 27, 2911 }, // U+0433
    { 14, 15, 212, 0, 12, 53, 2938 }, // U+0434
    { 12, 13, 195, 0, 12, 39, 2991 }, // U+0435
    { 18, 12, 289, 0, 12, 54, 3030 }, // U+0436
    { 10, 13, 172, 0, 12, 33, 3084 }, // U+0437
    { 12, 12, 225, 1, 12, 36, 3117 }, // U+0438
    { 12, 17, 225, 1, 17, 51, 3153 }, // U+0439
    { 12, 12, 205, 1, 12, 36, 3204 }, // U+043A
    { 12, 13, 208, 0, 12, 39, 3240 }, // U+043B
    { 15, 12, 279, 1, 12, 45, 3279 }, // U+043C
    { 11, 12, 219, 1, 12, 33, 3324 }, // U+043D
    { 13, 13, 207, 0, 12, 43, 3357 }, // U+043E
    { 11, 12, 217, 1, 12, 33, 3400 }, // U+043F
    { 12, 17, 212, 1, 12, 51, 3433 }, // U+0440
    { 11, 13, 175, 0, 12, 36, 3484 }, // U+0441
    { 11, 12, 168, 0, 12, 33, 3520 }, // U+0442
    { 13, 17, 190, -1, 12, 56, 3553 }, // U+0443
    { 16, 21, 270, 0, 16, 84, 3609 }, // U+0444
    { 12, 12, 192, 0, 12, 36, 3693 }, // U+0445
    { 13, 15, 217, 1, 12, 49, 3729 }, // U+0446
    { 11, 12, 212, 1, 12, 33, 3778 }, // U+0447
    { 18, 12, 318, 1, 12, 54, 3811 }, // U+0448
    { 19, 15, 318, 1, 12, 72, 3865 }, // U+0449
    { 14, 12, 224, 0, 12, 42, 3937 }, // U+044A
    { 16, 12, 285, 1, 12, 48, 3979 }, // U+044B
    { 11, 12, 197, 1, 12, 33, 4027 }, // U+044C
    { 11, 13, 175, 0, 12, 36, 4060 }, // U+044D
    { 16, 13, 284, 1, 12, 52, 4096 }, // U+044E
    { 12, 12, 202, 0, 12, 36, 4148 }, // U+044F
    { 12, 17, 195, 0, 16, 51, 4184 }, // U+0450
    { 12, 17, 195, 0, 16, 51, 4235 }, // U+0451
    { 13, 21, 218, 0, 16, 69, 4286 }, // U+0452
    { 9, 16, 160, 1, 16, 36, 4355 }, // U+0453
    { 11, 13, 175, 0, 12, 36, 4391 }, // U+0454
    { 10, 13, 166, 0, 12, 33, 4427 }, // U+0455
    { 4, 16, 103, 1, 16, 16, 4460 }, // U+0456
    { 7, 16, 100, 0, 16, 28, 4476 }, // U+0457
    { 7, 21, 99, -2, 16, 37, 4504 }, // U+0458
    { 18, 13, 299, 0, 12, 59, 4541 }, // U+0459
    { 18, 12, 309, 1, 12, 54, 4600 }, // U+045A
    { 13, 16, 218, 0, 16, 52, 4654 }, // U+045B
    { 12, 16, 205, 1, 16, 48, 4706 }, // U+045C
    { 12, 16, 225, 1, 16, 48, 4754 }, // U+045D
    { 13, 22, 190, -1, 17, 72, 4802 }, // U+045E
    { 11, 15, 217, 1, 12, 42, 4874 }, // U+045F
    { 20, 15, 318, 0, 15, 75, 4916 }, // U+0460
    { 18, 12, 295, 0, 12, 54, 4991 }, // U+0461
    { 14, 15, 224, 0, 15, 53, 5045 }, // U+0462
    { 14, 14, 222, 0, 14, 49, 5098 }, // U+0463
    { 19, 17, 317, 1, 16, 81, 5147 }, // U+0464
    { 16, 13, 268, 1, 12, 52, 5228 }, // U+0465
    { 16, 15, 243, 0, 15, 60, 5280 }, // U+0466
    { 14, 12, 213, 0, 12, 42, 5340 }, // U+0467
    { 20, 15, 335, 1, 15, 75, 5382 }, // U+0468
    { 18, 12, 301, 1, 12, 54, 5457 }, // U+0469
    { 17, 15, 268, 0, 15, 64, 5511 }, // U+046A
    { 13, 12, 208, 0, 12, 39, 5575 }, // U+046B
    { 21, 15, 358, 1, 15, 79, 5614 }, // U+046C
    { 18, 12, 293, 1, 12, 54, 5693 }, // U+046D
    { 13, 24, 211, 0, 19, 78, 5747 }, // U+046E
    { 11, 20, 185, 0, 15, 55, 5825 }, // U+046F
    { 16, 15, 294, 1, 15, 60, 5880 }, // U+0470
    { 16, 21, 281, 1, 16, 84, 5940 }, // U+0471
    { 15, 17, 264, 1, 16, 64, 6024 }, // U+0472
    { 12, 13, 206, 0, 12, 39, 6088 }, // U+0473
    { 15, 15, 239, 0, 15, 57, 6127 }, // U+0474
    { 13, 12, 202, 0, 12, 39, 6184 }, // U+0475
    { 15, 20, 239, 0, 20, 75, 6223 }, // U+0476
    { 13, 16, 202, 0, 16, 52, 6298 }, // U+0477
    { 27, 21, 440, 1, 16, 142, 6350 }, // U+0478
    { 25, 17, 392, 0, 12, 107, 6492 }, // U+0479
    { 16, 19, 277, 1, 17, 76, 6599 }, // U+047A
    { 14, 15, 228, 0, 13, 53, 6675 }, // U+047B
    { 21, 24, 363, 1, 23, 126, 6728 }, // U+047C
    { 18, 21, 319, 1, 20, 95, 6854 }, // U+047D
    { 20, 19, 319, 0, 19, 95, 6949 }, // U+047E
    { 18, 16, 295, 0, 16, 72, 7044 }, // U+047F
    { 13, 21, 226, 1, 16, 69, 7116 }, // U+0480
    { 11, 17, 175, 0, 12, 47, 7185 }, // U+0481
    { 11, 15, 203, 1, 14, 42, 7232 }, // U+0482
    { 9, 5, 0, -10, 16, 12, 7274 }, // U+0483
    { 9, 4, 0, -10, 16, 9, 7286 }, // U+0484
    { 5, 5, 0, -8, 17, 7, 7295 }, // U+0485
    { 5, 5, 0, -8, 17, 7, 7302 }, // U+0486
    { 10, 5, 0, -5, 20, 13, 7309 }, // U+0487
    { 24, 23, 0, -12, 17, 138, 7322 }, // U+0488
    { 24, 24, 0, -12, 18, 144, 7460 }, // U+0489
    { 18, 25, 305, 1, 20, 113, 7604 }, // U+048A
    { 16, 22, 267, 1, 17, 88, 7717 }, // U+048B
    { 13, 15, 213, 0, 15, 49, 7805 }, // U+048C
    { 13, 16, 205, 0, 16, 52, 7854 }, // U+048D
    { 12, 15, 209, 1, 15, 45, 7906 }, // U+048E
    { 12, 17, 211, 1, 12, 51, 7951 }, // U+048F
    { 11, 19, 193, 1, 19, 53, 8002 }, // U+0490
    { 9, 15, 171, 1, 15, 34, 8055 }, // U+0491
    { 12, 15, 186, 0, 15, 45, 8089 }, // U+0492
    { 10, 12, 164, 0, 12, 30, 8134 }, // U+0493
    { 14, 21, 245, 1, 15, 74, 8164 }, // U+0494
    { 11, 18, 201, 1, 12, 50, 8238 }, // U+0495
    { 22, 20, 343, 0, 15, 110, 8288 }, // U+0496
    { 21, 17, 312, -1, 12, 90, 8398 }, // U+0497
    { 12, 21, 198, 0, 16, 63, 8488 }, // U+0498
    { 10, 17, 172, 0, 12, 43, 8551 }, // U+0499
    { 15, 20, 252, 1, 15, 75, 8594 }, // U+049A
    { 13, 17, 219, 1, 12, 56, 8669 }, // U+049B
    { 13, 15, 223, 1, 15, 49, 8725 }, // U+049C
    { 12, 12, 206, 1, 12, 36, 8774 }, // U+049D
    { 15, 15, 231, 0, 15, 57, 8810 }, // U+049E
    { 13, 16, 209, 0, 16, 52, 8867 }, // U+049F
    { 16, 15, 244, 0, 15, 60, 8919 }, // U+04A0
    { 15, 12, 232, 0, 12, 45, 8979 }, // U+04A1
    { 17, 20, 280, 1, 15, 85, 9024 }, // U+04A2
    { 14, 17, 248, 1, 12, 60, 9109 }, // U+04A3
    { 17, 15, 278, 1, 15, 64, 9169 }, // U+04A4
    { 15, 12, 253, 1, 12, 45, 9233 }, // U+04A5
    { 22, 21, 375, 1, 15, 116, 9278 }, // U+04A6
    { 17, 18, 296, 1, 12, 77, 9394 }, // U+04A7
    { 15, 17, 259, 1, 16, 64, 9471 }, // U+04A8
    { 13, 13, 219, 0, 12, 43, 9535 }, // U+04A9
    { 12, 21, 214, 1, 16, 63, 9578 }, // U+04AA
    { 11, 17, 172, 0, 12, 47, 9641 }, // U+04AB
    { 12, 20, 193, 0, 15, 60, 9688 }, // U+04AC
    { 12, 17, 183, 0, 12, 51, 9748 }, // U+04AD
    { 14, 15, 209, 0, 15, 53, 9799 }, // U+04AE
    { 12, 17, 191, 0, 12, 51, 9852 }, // U+04AF
    { 14, 15, 209, 0, 15, 53, 9903 }, // U+04B0
    { 12, 17, 191, 0, 12, 51, 9956 }, // U+04B1
    { 16, 20, 248, 0, 15, 80, 10007 }, // U+04B2
    { 13, 17, 211, 0, 12, 56, 10087 }, // U+04B3
    { 19, 20, 310, 0, 15, 95, 10143 }, // U+04B4
    { 17, 17, 264, 0, 12, 73, 10238 }, // U+04B5
    { 16, 20, 268, 1, 15, 80, 10311 }, // U+04B6
    { 14, 17, 242, 1, 12, 60, 10391 }, // U+04B7
    { 13, 15, 245, 1, 15, 49, 10451 }, // U+04B8
    { 12, 12, 220, 1, 12, 36, 10500 }, // U+04B9
    { 13, 15, 245, 1, 15, 49, 10536 }, // U+04BA
    { 12, 16, 217, 1, 16, 48, 10585 }, // U+04BB
    { 19, 17, 316, 0, 16, 81, 10633 }, // U+04BC
    { 15, 13, 236, -1, 12, 49, 10714 }, // U+04BD
    { 19, 21, 316, 0, 16, 100, 10763 }, // U+04BE
    { 15, 17, 236, -1, 12, 64, 10863 }, // U+04BF
    { 8, 15, 130, 0, 15, 30, 10927 }, // U+04C0
    { 21, 20, 333, 0, 20, 105, 10957 }, // U+04C1
    { 18, 17, 289, 0, 17, 77, 11062 }, // U+04C2
    { 14, 21, 253, 1, 15, 74, 11139 }, // U+04C3
    { 12, 18, 218, 1, 12, 54, 11213 }, // U+04C4
    { 18, 20, 279, 0, 15, 90, 11267 }, // U+04C5
    { 15, 17, 242, 0, 12, 64, 11357 }, // U+04C6
    { 14, 21, 255, 1, 15, 74, 11421 }, // U+04C7
    { 12, 18, 221, 1, 12, 54, 11495 }, // U+04C8
    { 17, 20, 286, 1, 15, 85, 11549 }, // U+04C9
    { 15, 17, 248, 1, 12, 64, 11634 }, // U+04CA
    { 13, 20, 245, 1, 15, 65, 11698 }, // U+04CB
    { 12, 17, 219, 1, 12, 51, 11763 }, // U+04CC
    { 21, 20, 345, 1, 15, 105, 11814 }, // U+04CD
    { 18, 17, 309, 1, 12, 77, 11919 }, // U+04CE
    { 8, 15, 130, 0, 15, 30, 11996 }, // U+04CF
    { 15, 20, 231, 0, 20, 75, 12026 }, // U+04D0
    { 11, 18, 200, 0, 17, 50, 12101 }, // U+04D1
    { 15, 20, 231, 0, 20, 75, 12151 }, // U+04D2
    { 11, 17, 200, 0, 16, 47, 12226 }, // U+04D3
    { 19, 15, 317, 0, 15, 72, 12273 }, // U+04D4
    { 19, 13, 306, 0, 12, 62, 12345 }, // U+04D5
    { 10, 20, 187, 1, 20, 50, 12407 }, // U+04D6
    { 12, 18, 199, 0, 17, 54, 12457 }, // U+04D7
    { 15, 17, 272, 1, 16, 64, 12511 }, // U+04D8
    { 12, 13, 199, 0, 12, 39, 12575 }, // U+04D9
    { 15, 21, 272, 1, 20, 79, 12614 }, // U+04DA
    { 12, 17, 199, 0, 16, 51, 12693 }, // U+04DB
    { 21, 20, 333, 0, 20, 105, 12744 }, // U+04DC
    { 18, 16, 289, 0, 16, 72, 12849 }, // U+04DD
    { 12, 21, 198, 0, 20, 63, 12921 }, // U+04DE
    { 10, 17, 172, 0, 16, 43, 12984 }, // U+04DF
    { 12, 16, 197, 0, 15, 48, 13027 }, // U+04E0
    { 12, 17, 194, 0, 12, 51, 13075 }, // U+04E1
    { 14, 19, 264, 1, 19, 67, 13126 }, // U+04E2
    { 12, 15, 225, 1, 15, 45, 13193 }, // U+04E3
    { 14, 20, 264, 1, 20, 70, 13238 }, // U+04E4
    { 12, 16, 225, 1, 16, 48, 13308 }, // U+04E5
    { 15, 21, 264, 1, 20, 79, 13356 }, // U+04E6
    { 13, 17, 208, 0, 16, 56, 13435 }, // U+04E7
    { 15, 17, 264, 1, 16, 64, 13491 }, // U+04E8
    { 12, 13, 208, 0, 12, 39, 13555 }, // U+04E9
    { 15, 20, 264, 1, 19, 75, 13594 }, // U+04EA
    { 12, 17, 208, 0, 16, 51, 13669 }, // U+04EB
    { 13, 21, 217, 0, 20, 69, 13720 }, // U+04EC
    { 11, 17, 175, 0, 16, 47, 13789 }, // U+04ED
    { 14, 20, 215, 0, 19, 70, 13836 }, // U+04EE
    { 13, 20, 190, -1, 15, 65, 13906 }, // U+04EF
    { 14, 21, 215, 0, 20, 74, 13971 }, // U+04F0
    { 13, 21, 190, -1, 16, 69, 14045 }, // U+04F1
    { 14, 21, 215, 0, 20, 74, 14114 }, // U+04F2
    { 12, 21, 190, 0, 16, 63, 14188 }, // U+04F3
    { 13, 20, 240, 1, 20, 65, 14251 }, // U+04F4
    { 11, 16, 212, 1, 16, 44, 14316 }, // U+04F5
    { 11, 20, 187, 1, 15, 55, 14360 }, // U+04F6
    { 9, 17, 159, 1, 12, 39, 14415 }, // U+04F7
    { 17, 20, 307, 1, 20, 85, 14454 }, // U+04F8
    { 16, 16, 285, 1, 16, 64, 14539 }, // U+04F9
    { 12, 21, 186, 0, 15, 63, 14603 }, // U+04FA
    { 10, 17, 164, 0, 12, 43, 14666 }, // U+04FB
    { 15, 21, 243, 0, 15, 79, 14709 }, // U+04FC
    { 13, 17, 215, 0, 12, 56, 14788 }, // U+04FD
    { 14, 15, 223, 0, 15, 53, 14844 }, // U+04FE
    { 12, 12, 193, 0, 12, 36, 14897 }, // U+04FF
    { 15, 20, 231, 0, 15, 75, 0 }, // U+1EA0
    { 11, 17, 200, 0, 12, 47, 75 }, // U+1EA1
    { 15, 22, 231, 0, 22, 83, 122 }, // U+1EA2
    { 11, 19, 200, 0, 18, 53, 205 }, // U+1EA3
    { 15, 21, 231, 0, 21, 79, 258 }, // U+1EA4
    { 13, 18, 200, 0, 17, 59, 337 }, // U+1EA5
    { 15, 21, 231, 0, 21, 79, 396 }, // U+1EA6
    { 12, 18, 200, -1, 17, 54, 475 }, // U+1EA7
    { 15, 22, 231, 0, 22, 83, 529 }, // U+1EA8
    { 13, 20, 200, 0, 19, 65, 612 }, // U+1EA9
    { 15, 22, 231, 0, 22, 83, 677 }, // U+1EAA
    { 11, 20, 200, 0, 19, 55, 760 }, // U+1EAB
    { 15, 25, 231, 0, 20, 94, 815 }, // U+1EAC
    { 11, 21, 200, 0, 16, 58, 909 }, // U+1EAD
    { 15, 22, 231, 0, 22, 83, 967 }, // U+1EAE
    { 11, 19, 200, 0, 18, 53, 1050 }, // U+1EAF
    { 15, 22, 231, 0, 22, 83, 1103 }, // U+1EB0
    { 11, 19, 200, 0, 18, 53, 1186 }, // U+1EB1
    { 15, 22, 231, 0, 22, 83, 1239 }, // U+1EB2
    { 11, 20, 200, 0, 19, 55, 1322 }, // U+1EB3
    { 15, 22, 231, 0, 22, 83, 1377 }, // U+1EB4
    { 11, 20, 200, 0, 19, 55, 1460 }, // U+1EB5
    { 15, 26, 231, 0, 21, 98, 1515 }, // U+1EB6
    { 11, 22, 200, 0, 17, 61, 1613 }, // U+1EB7
    { 10, 20, 187, 1, 15, 50, 1674 }, // U+1EB8
    { 12, 17, 199, 0, 12, 51, 1724 }, // U+1EB9
    { 10, 22, 187, 1, 22, 55, 1775 }, // U+1EBA
    { 12, 19, 199, 0, 18, 57, 1830 }, // U+1EBB
    { 10, 20, 187, 1, 20, 50, 1887 }, // U+1EBC
    { 12, 17, 199, 0, 16, 51, 1937 }, // U+1EBD
    { 12, 21, 187, 1, 21, 63, 1988 }, // U+1EBE
    { 14, 18, 199, 0, 17, 63, 2051 }, // U+1EBF
    { 13, 21, 187, -2, 21, 69, 2114 }, // U+1EC0
    { 13, 18, 199, -1, 17, 59, 2183 }, // U+1EC1
    { 11, 22, 187, 1, 22, 61, 2242 }, // U+1EC2
    { 13, 20, 199, 0, 19, 65, 2303 }, // U+1EC3
    { 10, 22, 187, 1, 22, 55, 2368 }, // U+1EC4
    { 12, 20, 199, 0, 19, 60, 2423 }, // U+1EC5
    { 10, 25, 187, 1, 20, 63, 2483 }, // U+1EC6
    { 12, 21, 199, 0, 16, 63, 2546 }, // U+1EC7
    { 8, 21, 130, 0, 21, 42, 2609 }, // U+1EC8
    { 5, 18, 100, 1, 18, 23, 2651 }, // U+1EC9
    { 8, 20, 130, 0, 15, 40, 2674 }, // U+1ECA
    { 4, 21, 100, 1, 16, 21, 2714 }, // U+1ECB
    { 15, 21, 264, 1, 16, 79, 2735 }, // U+1ECC
    { 13, 17, 208, 0, 12, 56, 2814 }, // U+1ECD
    { 15, 22, 264, 1, 21, 83, 2870 }, // U+1ECE
    { 13, 19, 208, 0, 18, 62, 2953 }, // U+1ECF
    { 15, 22, 264, 1, 21, 83, 3015 }, // U+1ED0
    { 14, 18, 208, 0, 17, 63, 3098 }, // U+1ED1
    { 15, 22, 264, 1, 21, 83, 3161 }, // U+1ED2
    { 14, 18, 208, -1, 17, 63, 3244 }, // U+1ED3
    { 15, 23, 264, 1, 22, 87, 3307 }, // U+1ED4
    { 13, 20, 208, 0, 19, 65, 3394 }, // U+1ED5
    { 15, 23, 264, 1, 22, 87, 3459 }, // U+1ED6
    { 13, 20, 208, 0, 19, 65, 3546 }, // U+1ED7
    { 15, 25, 264, 1, 20, 94, 3611 }, // U+1ED8
    { 13, 21, 208, 0, 16, 69, 3705 }, // U+1ED9
    { 17, 21, 274, 1, 20, 90, 3774 }, // U+1EDA
    { 15, 17, 227, 0, 16, 64, 3864 }, // U+1EDB
    { 17, 21, 274, 1, 20, 90, 3928 }, // U+1EDC
    { 15, 17, 227, 0, 16, 64, 4018 }, // U+1EDD
    { 17, 23, 274, 1, 22, 98, 4082 }, // U+1EDE
    { 15, 19, 227, 0, 18, 72, 4180 }, // U+1EDF
    { 17, 21, 274, 1, 20, 90, 4252 }, // U+1EE0
    { 15, 17, 227, 0, 16, 64, 4342 }, // U+1EE1
    { 17, 21, 274, 1, 16, 90, 4406 }, // U+1EE2
    { 15, 19, 227, 0, 14, 72, 4496 }, // U+1EE3
    { 13, 20, 252, 1, 15, 65, 4568 }, // U+1EE4
    { 11, 17, 217, 1, 12, 47, 4633 }, // U+1EE5
    { 13, 22, 252, 1, 21, 72, 4680 }, // U+1EE6
    { 11, 19, 217, 1, 18, 53, 4752 }, // U+1EE7
    { 18, 21, 295, 1, 20, 95, 4805 }, // U+1EE8
    { 16, 17, 252, 1, 16, 68, 4900 }, // U+1EE9
    { 18, 21, 295, 1, 20, 95, 4968 }, // U+1EEA
    { 16, 17, 252, 1, 16, 68, 5063 }, // U+1EEB
    { 18, 22, 295, 1, 21, 99, 5131 }, // U+1EEC
    { 16, 19, 252, 1, 18, 76, 5230 }, // U+1EED
    { 18, 21, 295, 1, 20, 95, 5306 }, // U+1EEE
    { 16, 17, 252, 1, 16, 68, 5401 }, // U+1EEF
    { 18, 21, 295, 1, 16, 95, 5469 }, // U+1EF0
    { 16, 19, 252, 1, 14, 76, 5564 }, // U+1EF1
    { 14, 20, 209, 0, 20, 70, 5640 }, // U+1EF2
    { 12, 21, 190, 0, 16, 63, 5710 }, // U+1EF3
    { 14, 20, 209, 0, 15, 70, 5773 }, // U+1EF4
    { 12, 17, 190, 0, 12, 51, 5843 }, // U+1EF5
    { 14, 21, 209, 0, 21, 74, 5894 }, // U+1EF6
    { 12, 23, 190, 0, 18, 69, 5968 }, // U+1EF7
    { 14, 20, 209, 0, 20, 70, 6037 }, // U+1EF8
    { 12, 21, 190, 0, 16, 63, 6107 }, // U+1EF9
    { 0, 0, 167, 0, 0, 0, 0 }, // U+2000
    { 0, 0, 333, 0, 0, 0, 0 }, // U+2001
    { 0, 0, 167, 0, 0, 0, 0 }, // U+2002
    { 0, 0, 333, 0, 0, 0, 0 }, // U+2003
    { 0, 0, 111, 0, 0, 0, 0 }, // U+2004
    { 0, 0, 83, 0, 0, 0, 0 }, // U+2005
    { 0, 0, 56, 0, 0, 0, 0 }, // U+2006
    { 0, 0, 191, 0, 0, 0, 0 }, // U+2007
    { 0, 0, 94, 0, 0, 0, 0 }, // U+2008
    { 0, 0, 55, 0, 0, 0, 0 }, // U+2009
    { 0, 0, 33, 0, 0, 0, 0 }, // U+200A
    { 0, 0, 0, 0, 0, 0, 0 }, // U+200B
    { 0, 0, 0, 0, 0, 0, 0 }, // U+200C
    { 0, 0, 0, 0, 0, 0, 0 }, // U+200D
    { 6, 18, 0, -1, 15, 27, 0 }, // U+200E
    { 6, 18, 0, -5, 15, 27, 27 }, // U+200F
    { 7, 3, 107, 0, 7, 6, 54 }, // U+2010
    { 7, 3, 107, 0, 7, 6, 60 }, // U+2011
    { 12, 3, 192, 0, 9, 9, 66 }, // U+2012
    { 10, 3, 167, 0, 7, 8, 75 }, // U+2013
    { 21, 3, 333, 0, 7, 16, 83 }, // U+2014
    { 21, 3, 333, 0, 7, 16, 99 }, // U+2015
    { 9, 21, 184, 1, 16, 48, 115 }, // U+2016
    { 10, 5, 137, -1, 0, 13, 163 }, // U+2017
    { 5, 6, 72, 0, 15, 8, 176 }, // U+2018
    { 5, 6, 72, 0, 15, 8, 184 }, // U+2019
    { 5, 6, 95, 0, 3, 8, 192 }, // U+201A
    { 5, 6, 72, 0, 15, 8, 200 }, // U+201B
    { 10, 6, 148, 0, 15, 15, 208 }, // U+201C
    { 10, 6, 148, 0, 15, 15, 223 }, // U+201D
    { 10, 6, 171, 0, 3, 15, 238 }, // U+201E
    { 10, 6, 148, 0, 15, 15, 253 }, // U+201F
    { 9, 16, 171, 1, 16, 36, 268 }, // U+2020
    { 9, 16, 173, 1, 16, 36, 304 }, // U+2021
    { 6, 7, 125, 1, 11, 11, 340 }, // U+2022
    { 7, 9, 125, 1, 12, 16, 351 }, // U+2023
    { 5, 5, 167, 3, 4, 7, 367 }, // U+2024
    { 10, 5, 192, 1, 4, 13, 374 }, // U+2025
    { 16, 5, 285, 1, 4, 20, 387 }, // U+2026
    { 4, 5, 94, 1, 8, 5, 407 }, // U+2027
    { 0, 0, 200, 0, 0, 0, 412 }, // U+2028
    { 0, 0, 200, 0, 0, 0, 412 }, // U+2029
    { 6, 16, 0, -1, 13, 24, 412 }, // U+202A
    { 6, 16, 0, -5, 13, 24, 436 }, // U+202B
    { 6, 18, 0, -3, 15, 27, 460 }, // U+202C
    { 6, 18, 0, -3, 15, 27, 487 }, // U+202D
    { 6, 18, 0, -3, 15, 27, 514 }, // U+202E
    { 0, 0, 55, 0, 0, 0, 541 }, // U+202F
    { 27, 17, 427, 0, 16, 115, 541 }, // U+2030
    { 35, 17, 556, 0, 16, 149, 656 }, // U+2031
    { 7, 6, 101, 0, 15, 11, 805 }, // U+2032
    { 12, 6, 175, 0, 15, 18, 816 }, // U+2033
    { 16, 6, 248, 0, 15, 24, 834 }, // U+2034
    { 6, 6, 141, 1, 15, 9, 858 }, // U+2035
    { 11, 6, 214, 1, 15, 17, 867 }, // U+2036
    { 15, 6, 288, 1, 15, 23, 884 }, // U+2037
    { 9, 7, 136, 0, 2, 16, 907 }, // U+2038
    { 7, 11, 122, 0, 11, 20, 923 }, // U+2039
    { 7, 11, 122, 0, 11, 20, 943 }, // U+203A
    { 16, 17, 283, 1, 16, 68, 963 }, // U+203B
    { 10, 16, 190, 1, 15, 40, 1031 }, // U+203C
    { 10, 17, 159, 0, 16, 43, 1071 }, // U+203D
    { 12, 3, 167, -1, 18, 9, 1114 }, // U+203E
    { 13, 5, 203, 0, 0, 17, 1123 }, // U+203F
    { 13, 5, 203, 0, 17, 17, 1140 }, // U+2040
    { 9, 14, 141, 0, 9, 32, 1157 }, // U+2041
    { 24, 20, 373, 0, 16, 120, 1189 }, // U+2042
    { 6, 3, 107, 1, 7, 5, 1309 }, // U+2043
    { 11, 15, 43, -4, 15, 42, 1314 }, // U+2044
    { 6, 19, 110, 1, 15, 29, 1356 }, // U+2045
    { 6, 19, 110, 0, 15, 29, 1385 }, // U+2046
    { 20, 17, 316, 0, 16, 85, 1414 }, // U+2047
    { 15, 17, 254, 0, 16, 64, 1499 }, // U+2048
    { 15, 17, 254, 1, 16, 64, 1563 }, // U+2049
    { 11, 12, 196, 0, 12, 33, 1627 }, // U+204A
    { 12, 19, 216, 1, 16, 57, 1660 }, // U+204B
    { 11, 12, 218, 1, 12, 33, 1717 }, // U+204C
    { 12, 12, 218, 1, 12, 36, 1750 }, // U+204D
    { 11, 10, 181, 0, 6, 28, 1786 }, // U+204E
    { 5, 15, 95, 1, 12, 19, 1814 }, // U+204F
    { 13, 22, 200, 0, 17, 72, 1833 }, // U+2050
    { 11, 21, 181, 0, 16, 58, 1905 }, // U+2051
    { 9, 17, 141, 0, 16, 39, 1963 }, // U+2052
    { 21, 4, 333, 0, 8, 21, 2002 }, // U+2053
    { 13, 5, 200, 0, 0, 17, 2023 }, // U+2054
    { 12, 11, 187, 0, 11, 33, 2040 }, // U+2055
    { 10, 17, 193, 1, 16, 43, 2073 }, // U+2056
    { 20, 6, 312, 0, 15, 30, 2116 }, // U+2057
    { 16, 17, 291, 1, 16, 68, 2146 }, // U+2058
    { 16, 17, 291, 1, 16, 68, 2214 }, // U+2059
    { 4, 17, 95, 1, 16, 17, 2282 }, // U+205A
    { 13, 18, 231, 1, 17, 59, 2299 }, // U+205B
    { 17, 17, 284, 0, 16, 73, 2358 }, // U+205C
    { 4, 17, 94, 1, 16, 17, 2431 }, // U+205D
    { 4, 17, 95, 1, 16, 17, 2448 }, // U+205E
    { 0, 0, 74, 0, 0, 0, 2465 }, // U+205F
    { 0, 0, 200, 0, 0, 0, 2465 }, // U+2060
    { 0, 0, 200, 0, 0, 0, 2465 }, // U+2061
    { 0, 0, 200, 0, 0, 0, 2465 }, // U+2062
    { 0, 0, 200, 0, 0, 0, 2465 }, // U+2063
    { 0, 0, 200, 0, 0, 0, 2465 }, // U+2064
    { 0, 0, 0, 0, 0, 0, 2465 }, // U+2066
    { 0, 0, 0, 0, 0, 0, 2465 }, // U+2067
    { 0, 0, 0, 0, 0, 0, 2465 }, // U+2068
    { 0, 0, 0, 0, 0, 0, 2465 }, // U+2069
    { 6, 18, 0, -3, 15, 27, 2465 }, // U+206A
    { 6, 18, 0, -3, 15, 27, 2492 }, // U+206B
    { 6, 18, 0, -3, 15, 27, 2519 }, // U+206C
    { 6, 18, 0, -3, 15, 27, 2546 }, // U+206D
    { 6, 18, 0, -3, 15, 27, 2573 }, // U+206E
    { 6, 18, 0, -3, 15, 27, 2600 }, // U+206F
    { 8, 10, 126, 0, 18, 20, 0 }, // U+2070
    { 4, 11, 65, 0, 16, 11, 20 }, // U+2071
    { 8, 10, 127, 0, 18, 20, 31 }, // U+2074
    { 8, 10, 127, 0, 18, 20, 51 }, // U+2075
    { 8, 10, 127, 0, 18, 20, 71 }, // U+2076
    { 8, 10, 127, 0, 18, 20, 91 }, // U+2077
    { 8, 10, 127, 0, 18, 20, 111 }, // U+2078
    { 8, 10, 127, 0, 18, 20, 131 }, // U+2079
    { 7, 7, 120, 0, 16, 13, 151 }, // U+207A
    { 7, 3, 120, 0, 14, 6, 164 }, // U+207B
    { 7, 5, 120, 0, 15, 9, 170 }, // U+207C
    { 4, 12, 81, 1, 19, 12, 179 }, // U+207D
    { 4, 12, 81, 0, 19, 12, 191 }, // U+207E
    { 7, 8, 141, 1, 13, 14, 203 }, // U+207F
    { 8, 10, 127, 0, 7, 20, 217 }, // U+2080
    { 6, 10, 127, 0, 7, 15, 237 }, // U+2081
    { 8, 10, 127, 0, 7, 20, 252 }, // U+2082
    { 8, 10, 127, 0, 7, 20, 272 }, // U+2083
    { 8, 10, 127, 0, 7, 20, 292 }, // U+2084
    { 8, 10, 127, 0, 7, 20, 312 }, // U+2085
    { 8, 10, 127, 0, 7, 20, 332 }, // U+2086
    { 8, 10, 127, 0, 7, 20, 352 }, // U+2087
    { 8, 10, 127, 0, 7, 20, 372 }, // U+2088
    { 8, 10, 127, 0, 7, 20, 392 }, // U+2089
    { 7, 7, 120, 0, 5, 13, 412 }, // U+208A
    { 7, 3, 120, 0, 3, 6, 425 }, // U+208B
    { 7, 5, 120, 0, 4, 9, 431 }, // U+208C
    { 4, 12, 81, 1, 8, 12, 440 }, // U+208D
    { 4, 12, 81, 0, 8, 12, 452 }, // U+208E
    { 8, 8, 130, 0, 5, 16, 464 }, // U+2090
    { 8, 8, 129, 0, 5, 16, 480 }, // U+2091
    { 8, 8, 135, 0, 5, 16, 496 }, // U+2092
    { 8, 7, 125, 0, 5, 14, 512 }, // U+2093
    { 8, 8, 129, 0, 5, 16, 526 }, // U+2094
    { 7, 10, 141, 1, 8, 18, 542 }, // U+2095
    { 8, 10, 132, 1, 8, 20, 560 }, // U+2096
    { 3, 10, 65, 1, 8, 8, 580 }, // U+2097
    { 12, 7, 211, 1, 5, 21, 588 }, // U+2098
    { 7, 7, 141, 1, 5, 13, 609 }, // U+2099
    { 7, 10, 137, 1, 5, 18, 622 }, // U+209A
    { 7, 8, 109, 0, 5, 14, 640 }, // U+209B
    { 6, 10, 91, 0, 7, 15, 654 }, // U+209C
    { 12, 16, 191, 0, 16, 48, 0 }, // U+20A0
    { 13, 18, 203, 0, 16, 59, 48 }, // U+20A1
    { 12, 17, 191, 0, 16, 51, 107 }, // U+20A2
    { 11, 15, 191, 0, 15, 42, 158 }, // U+20A3
    { 12, 16, 191, 0, 16, 48, 200 }, // U+20A4
    { 18, 17, 325, 1, 14, 77, 248 }, // U+20A5
    { 12, 15, 191, 0, 15, 45, 325 }, // U+20A6
    { 17, 16, 297, 1, 15, 68, 370 }, // U+20A7
    { 18, 16, 306, 1, 15, 72, 438 }, // U+20A8
    { 16, 15, 246, 0, 15, 60, 510 }, // U+20A9
    { 17, 15, 306, 1, 15, 64, 570 }, // U+20AA
    { 14, 20, 215, 0, 16, 70, 634 }, // U+20AB
    { 12, 16, 191, 0, 15, 48, 704 }, // U+20AC
    { 12, 15, 191, 0, 15, 45, 752 }, // U+20AD
    { 12, 15, 191, 0, 15, 45, 797 }, // U+20AE
    { 21, 21, 337, 0, 16, 111, 842 }, // U+20AF
    { 12, 21, 203, 0, 16, 63, 953 }, // U+20B0
    { 12, 15, 191, 0, 15, 45, 1016 }, // U+20B1
    { 13, 18, 245, 1, 16, 59, 1061 }, // U+20B2
    { 14, 15, 217, 0, 15, 53, 1120 }, // U+20B3
    { 12, 17, 191, 0, 16, 51, 1173 }, // U+20B4
    { 12, 18, 212, 1, 16, 54, 1224 }, // U+20B5
    { 14, 15, 232, 0, 14, 53, 1278 }, // U+20B6
    { 15, 18, 244, 0, 16, 68, 1331 }, // U+20B7
    { 12, 15, 191, 0, 15, 45, 1399 }, // U+20B8
    { 10, 15, 191, 1, 15, 38, 1444 }, // U+20B9
    { 12, 16, 191, 0, 15, 48, 1482 }, // U+20BA
    { 17, 17, 271, 0, 16, 73, 1530 }, // U+20BB
    { 17, 15, 291, 1, 15, 64, 1603 }, // U+20BC
    { 13, 15, 200, 0, 15, 49, 1667 }, // U+20BD
    { 15, 17, 263, 1, 17, 64, 1716 }, // U+20BE
    { 11, 20, 191, 1, 17, 55, 1780 }, // U+20BF
    { 11, 16, 175, 0, 12, 44, 1835 }, // U+20C0
    { 12, 3, 194, 0, 9, 9, 0 }, // U+2212
    { 18, 16, 257, 0, 16, 72, 0 }, // U+FB00
    { 13, 16, 228, 0, 16, 52, 72 }, // U+FB01
    { 13, 16, 231, 0, 16, 52, 124 }, // U+FB02
    { 21, 16, 357, 0, 16, 84, 176 }, // U+FB03
    { 21, 16, 360, 0, 16, 84, 260 }, // U+FB04
    { 15, 17, 261, 1, 16, 64, 344 }, // U+FB05
    { 19, 17, 310, 0, 16, 81, 408 }, // U+FB06
    { 20, 20, 333, 0, 16, 100, 0 }, // U+FFFD
};

static const EpdUnicodeInterval notosans_10_boldIntervals[] = {
    { 0x0, 0x0, 0x0 },
    { 0xD, 0xD, 0x1 },
    { 0x20, 0x7E, 0x2 },
    { 0xA0, 0x17F, 0x61 },
    { 0x1A0, 0x1A1, 0x141 },
    { 0x1AF, 0x1B0, 0x143 },
    { 0x1C4, 0x21F, 0x145 },
    { 0x300, 0x36F, 0x1A1 },
    { 0x400, 0x4FF, 0x211 },
    { 0x1EA0, 0x1EF9, 0x311 },
    { 0x2000, 0x2064, 0x36B },
    { 0x2066, 0x2071, 0x3D0 },
    { 0x2074, 0x208E, 0x3DC },
    { 0x2090, 0x209C, 0x3F7 },
    { 0x20A0, 0x20C0, 0x404 },
    { 0x2212, 0x2212, 0x425 },
    { 0xFB00, 0xFB06, 0x426 },
    { 0xFFFD, 0xFFFD, 0x42D },
};

static const EpdFontGroup notosans_10_boldGroups[] = {
    { 0, 2186, 4125, 97, 0 },
    { 2186, 1978, 4975, 96, 97 },
    { 4164, 2523, 7832, 128, 193 },
    { 6687, 2495, 7112, 96, 321 },
    { 9182, 877, 1267, 112, 417 },
    { 10059, 6486, 16347, 256, 529 },
    { 16545, 1624, 6777, 90, 785 },
    { 18169, 1466, 3002, 111, 875 },
    { 19635, 396, 694, 42, 986 },
    { 20031, 1281, 2044, 33, 1028 },
    { 21312, 11, 9, 1, 1061 },
    { 21323, 235, 553, 7, 1062 },
    { 21558, 89, 100, 1, 1069 },
};

static const uint16_t notosans_10_boldKernLeftCodepoints[] = {
    0x0022, 0x0026, 0x0027, 0x0028, 0x002C, 0x002D, 0x002E, 0x003A, 0x0041, 0x0042, 0x0043, 0x0044,
    0x0045, 0x0046, 0x004B, 0x004C, 0x004F, 0x0050, 0x0051, 0x0052, 0x0054, 0x0055, 0x0056, 0x0057,
    0x0058, 0x0059, 0x005A, 0x005B, 0x005F, 0x0061, 0x0062, 0x0063, 0x0065, 0x0066, 0x0068, 0x006D,
    0x006E, 0x006F, 0x0070, 0x0072, 0x0074, 0x0076, 0x0077, 0x0078, 0x0079, 0x007B, 0x00A1, 0x00AB,
    0x00BB, 0x00BF, 0x00C0, 0x00C1, 0x00C2, 0x00C3, 0x00C4, 0x00C5, 0x00C6, 0x00C7, 0x00C8, 0x00C9,
    0x00CA, 0x00CB, 0x00D0, 0x00D2, 0x00D3, 0x00D4, 0x00D5, 0x00D6, 0x00D8, 0x00D9, 0x00DA, 0x00DB,
    0x00DC, 0x00DD, 0x00DE, 0x00E0, 0x00E1, 0x00E2, 0x00E3, 0x00E4, 0x00E5, 0x00E6, 0x00E8, 0x00E9,
    0x00EA, 0x00EB, 0x00EE, 0x00EF, 0x00F0, 0x00F2, 0x00F3, 0x00F4, 0x00F5, 0x00F6, 0x00F8, 0x00FD,
    0x00FE, 0x00FF, 0x0100, 0x0101, 0x0102, 0x0103, 0x0104, 0x0105, 0x0106, 0x0108, 0x010A, 0x010C,
    0x010E, 0x010F, 0x0110, 0x0112, 0x0113, 0x0114, 0x0115, 0x0116, 0x0117, 0x0118, 0x0119, 0x011A,
    0x011B, 0x0125, 0x0129, 0x012B, 0x012E, 0x0136, 0x0138, 0x0139, 0x013B, 0x013D, 0x013E, 0x013F,
    0x0141, 0x0144, 0x0146, 0x0149, 0x014B, 0x014C, 0x014D, 0x014E, 0x014F, 0x0150, 0x0151, 0x0152,
    0x0153, 0x0155, 0x0157, 0x0159, 0x0162, 0x0163, 0x0164, 0x0165, 0x0166, 0x0167, 0x0168, 0x016A,
    0x016C, 0x016E, 0x0170, 0x0172, 0x0174, 0x0175, 0x0176, 0x0177, 0x0178, 0x0179, 0x017B, 0x017D,
    0x01A0, 0x01A1, 0x01AF, 0x01B0, 0x01FA, 0x01FB, 0x01FC, 0x01FD, 0x01FE, 0x020B, 0x021A, 0x021B,
    0x0400, 0x0401, 0x0402, 0x0403, 0x0404, 0x0405, 0x0409, 0x040A, 0x040B, 0x040C, 0x040E, 0x0410,
    0x0411, 0x0412, 0x0413, 0x0414, 0x0415, 0x0416, 0x0417, 0x041A, 0x041E, 0x0420, 0x0421, 0x0422,
    0x0423, 0x0424, 0x0425, 0x0426, 0x0429, 0x042A, 0x042C, 0x042D, 0x042E, 0x0430, 0x0431, 0x0432,
    0x0433, 0x0434, 0x0435, 0x0436, 0x0437, 0x0438, 0x0439, 0x043A, 0x043B, 0x043C, 0x043D, 0x043E,
    0x043F, 0x0440, 0x0441, 0x0442, 0x0443, 0x0444, 0x0445, 0x0446, 0x0447, 0x0448, 0x0449, 0x044A,
    0x044B, 0x044C, 0x044D, 0x044E, 0x044F, 0x0450, 0x0451, 0x0452, 0x0453, 0x0454, 0x0455, 0x0457,
    0x0458, 0x0459, 0x045A, 0x045B, 0x045C, 0x045D, 0x045E, 0x045F, 0x0460, 0x0461, 0x0462, 0x0463,
    0x0464, 0x0465, 0x0466, 0x0467, 0x0468, 0x0469, 0x046E, 0x0471, 0x0472, 0x0473, 0x0474, 0x0475,
    0x0476, 0x0477, 0x0478, 0x0479, 0x047A, 0x047B, 0x047C, 0x047D, 0x047E, 0x047F, 0x0480, 0x048A,
    0x048B, 0x048C, 0x048D, 0x048E, 0x048F, 0x0490, 0x0491, 0x0492, 0x0493, 0x0496, 0x0497, 0x0498,
    0x0499, 0x049A, 0x049B, 0x049C, 0x049D, 0x049E, 0x049F, 0x04A0, 0x04A1, 0x04A2, 0x04A3, 0x04A4,
    0x04A5, 0x04A9, 0x04AA, 0x04AB, 0x04AC, 0x04AD, 0x04AE, 0x04AF, 0x04B0, 0x04B1, 0x04B2, 0x04B3,
    0x04B4, 0x04B5, 0x04B6, 0x04B7, 0x04BC, 0x04BD, 0x04BE, 0x04BF, 0x04C1, 0x04C2, 0x04C5, 0x04C6,
    0x04C9, 0x04CA, 0x04CD, 0x04CE, 0x04D0, 0x04D1, 0x04D2, 0x04D3, 0x04D4, 0x04D5, 0x04D6, 0x04D7,
    0x04D8, 0x04D9, 0x04DA, 0x04DB, 0x04DC, 0x04DD, 0x04DE, 0x04DF, 0x04E3, 0x04E5, 0x04E6, 0x04E7,
    0x04E8, 0x04E9, 0x04EA, 0x04EB, 0x04EC, 0x04ED, 0x04EE, 0x04EF, 0x04F0, 0x04F1, 0x04F2, 0x04F3,
    0x04F5, 0x04F6, 0x04F7, 0x04F9, 0x04FA, 0x04FB, 0x04FC, 0x04FD, 0x04FE, 0x04FF, 0x1EA0, 0x1EA1,
    0x1EA2, 0x1EA3, 0x1EA4, 0x1EA5, 0x1EA6, 0x1EA7, 0x1EA8, 0x1EA9, 0x1EAA, 0x1EAB, 0x1EAC, 0x1EAD,
    0x1EAE, 0x1EAF, 0x1EB0, 0x1EB1, 0x1EB2, 0x1EB3, 0x1EB4, 0x1EB5, 0x1EB6, 0x1EB7, 0x1EB8, 0x1EB9,
    0x1EBA, 0x1EBB, 0x1EBC, 0x1EBD, 0x1EBE, 0x1EBF, 0x1EC0, 0x1EC1, 0x1EC2, 0x1EC3, 0x1EC4, 0x1EC5,
    0x1EC6, 0x1EC7, 0x1ECC, 0x1ECD, 0x1ECE, 0x1ECF, 0x1ED0, 0x1ED1, 0x1ED2, 0x1ED3, 0x1ED4, 0x1ED5,
    0x1ED6, 0x1ED7, 0x1ED8, 0x1ED9, 0x1EDA, 0x1EDB, 0x1EDC, 0x1EDD, 0x1EDE, 0x1EDF, 0x1EE0, 0x1EE1,
    0x1EE2, 0x1EE3, 0x1EE4, 0x1EE6, 0x1EE8, 0x1EE9, 0x1EEA, 0x1EEB, 0x1EEC, 0x1EED, 0x1EEE, 0x1EEF,
    0x1EF0, 0x1EF1, 0x1EF2, 0x1EF3, 0x1EF4, 0x1EF5, 0x1EF6, 0x1EF7, 0x1EF8, 0x1EF9, 0x2013, 0x2014,
    0x2015, 0x2018, 0x2019, 0x201A, 0x201C, 0x201D, 0x201E, 0x2039, 0x203A, 0xFB00,
};

static const uint8_t notosans_10_boldKernLeftClassIds[] = {
      1,   2,   1,   3,   4,   5,   4,   6,   7,   8,   9,  10,  11,  12,   9,  13,
     10,  14,  10,  15,  16,  17,  18,  18,   9,  19,  20,   3,  21,  22,  23,  24,
     23,  25,  22,  22,  22,  23,  23,  26,  24,  27,  27,  28,  27,   3,  29,  30,
     31,  32,   7,   7,   7,   7,   7,   7,  11,   9,  11,  11,  11,  11,  10,  10,
     10,  10,  10,  10,  10,  17,  17,  17,  17,  19,  14,  22,  22,  22,  22,  22,
     22,  23,  23,  23,  23,  23,  33,  33,  23,  23,  23,  23,  23,  23,  23,  27,
     23,  27,   7,  22,   7,  22,  34,  22,   9,   9,   9,   9,  10,  35,  10,  11,
     23,  11,  23,  11,  23,  11,  23,  11,  23,  22,  36,  33,  37,   9,  28,  13,
     13,  13,  35,  13,  13,  22,  22,  22,  22,  10,  23,  10,  23,  10,  23,  11,
     23,  26,  26,  26,  16,  24,  16,  38,  16,  24,  17,  17,  17,  17,  17,  17,
     18,  27,  19,  27,  19,  20,  20,  20,  39,  40,  41,  42,   7,  22,  11,  23,
     10,  33,  16,  24,  43,  43,  44,  45,  46,  47,  48,  48,  44,  49,  50,  51,
     52,  53,  45,  54,  43,  49,  53,  49,  55,  56,  46,  45,  50,  57,  49,  54,
     54,  48,  48,  55,  55,  58,  59,  60,  61,  62,  63,  64,  60,  65,  65,  64,
     65,  65,  65,  63,  65,  63,  66,  61,  67,  63,  64,  62,  65,  65,  62,  68,
     65,  68,  63,  63,  65,  63,  63,  69,  70,  66,  71,  72,  73,  68,  68,  74,
     64,  65,  67,  65,  55,  75,  76,  68,  46,  66,  51,  77,  51,  77,  78,  63,
     55,  63,  50,  75,  50,  75,  67,  67,  55,  63,  55,  63,  55,  75,  46,  54,
     62,  76,  68,  56,  63,  79,  80,  81,  82,  83,  84,  78,  60,  83,  84,  49,
     64,  49,  64,  49,  64,  54,  62,  81,  80,  63,  46,  66,  79,  80,  85,  86,
     85,  86,  83,  84,  54,  62,  54,  62,  87,  88,  87,  88,  49,  64,  54,  62,
     54,  62,  54,  62,  51,  58,  51,  58,  43,  88,  43,  88,  55,  63,  55,  63,
     49,  64,  78,  60,  65,  65,  55,  63,  55,  63,  55,  63,  55,  63,  50,  67,
     50,  67,  50,  67,  65,  79,  80,  65,  81,  82,  83,  84,  49,  84,   7,  22,
      7,  22,   7,  22,   7,  22,   7,  22,   7,  22,   7,  22,   7,  22,   7,  22,
      7,  22,   7,  22,   7,  22,  11,  23,  11,  23,  11,  23,  11,  23,  11,  23,
     11,  23,  11,  23,  11,  23,  10,  23,  10,  23,  10,  23,  10,  23,  10,  23,
     10,  23,  10,  23,  39,  40,  39,  40,  39,  40,  39,  40,  39,  40,  17,  17,
     41,  42,  41,  42,  41,  42,  41,  42,  41,  42,  19,  27,  19,  27,  19,  27,
     19,  27,   5,   5,   5,   1,   1,   4,   1,   1,   4,  30,  31,  25,
};

static const uint16_t notosans_10_boldKernRightCodepoints[] = {
    0x0021, 0x0022, 0x0026, 0x0027, 0x0029, 0x002C, 0x002D, 0x002E, 0x003A, 0x003B, 0x003F, 0x0041,
    0x0043, 0x0047, 0x0049, 0x004A, 0x004F, 0x0051, 0x0054, 0x0055, 0x0056, 0x0057, 0x0058, 0x0059,
    0x005A, 0x005D, 0x0061, 0x0062, 0x0063, 0x0064, 0x0065, 0x0066, 0x0067, 0x0068, 0x006A, 0x006B,
    0x006C, 0x006D, 0x006E, 0x006F, 0x0070, 0x0071, 0x0072, 0x0073, 0x0074, 0x0075, 0x0076, 0x0077,
    0x0078, 0x0079, 0x007A, 0x007D, 0x00AB, 0x00BB, 0x00C0, 0x00C1, 0x00C2, 0x00C3, 0x00C4, 0x00C5,
    0x00C6, 0x00C7, 0x00D2, 0x00D3, 0x00D4, 0x00D5, 0x00D6, 0x00D8, 0x00D9, 0x00DA, 0x00DB, 0x00DC,
    0x00DD, 0x00E0, 0x00E1, 0x00E2, 0x00E3, 0x00E4, 0x00E5, 0x00E6, 0x00E7, 0x00E8, 0x00E9, 0x00EA,
    0x00EB, 0x00F2, 0x00F3, 0x00F4, 0x00F5, 0x00F6, 0x00F8, 0x00F9, 0x00FA, 0x00FB, 0x00FC, 0x00FD,
    0x00FE, 0x00FF, 0x0100, 0x0101, 0x0102, 0x0103, 0x0104, 0x0105, 0x0106, 0x0107, 0x0108, 0x0109,
    0x010A, 0x010B, 0x010C, 0x010D, 0x010F, 0x0111, 0x0113, 0x0115, 0x0117, 0x0119, 0x011B, 0x011C,
    0x011D, 0x011E, 0x011F, 0x0120, 0x0121, 0x0122, 0x0123, 0x0125, 0x0127, 0x0129, 0x0137, 0x0138,
    0x013A, 0x013C, 0x013E, 0x0140, 0x0144, 0x0146, 0x014B, 0x014C, 0x014D, 0x014E, 0x014F, 0x0150,
    0x0151, 0x0152, 0x0153, 0x0155, 0x0157, 0x015B, 0x015F, 0x0162, 0x0163, 0x0164, 0x0165, 0x0166,
    0x0167, 0x0168, 0x0169, 0x016A, 0x016B, 0x016C, 0x016D, 0x016E, 0x016F, 0x0170, 0x0171, 0x0172,
    0x0173, 0x0174, 0x0175, 0x0176, 0x0177, 0x0178, 0x0179, 0x017A, 0x017B, 0x017C, 0x017D, 0x017E,
    0x01A0, 0x01A1, 0x01AF, 0x01B0, 0x01FA, 0x01FB, 0x01FC, 0x01FD, 0x01FE, 0x01FF, 0x0219, 0x021A,
    0x021B, 0x0402, 0x0404, 0x0405, 0x0408, 0x0409, 0x040B, 0x040E, 0x0410, 0x0414, 0x0416, 0x0417,
    0x041B, 0x041E, 0x0421, 0x0422, 0x0423, 0x0424, 0x0425, 0x0427, 0x042A, 0x042D, 0x042F, 0x0430,
    0x0431, 0x0432, 0x0433, 0x0434, 0x0435, 0x0436, 0x0437, 0x0438, 0x0439, 0x043A, 0x043B, 0x043C,
    0x043D, 0x043E, 0x043F, 0x0440, 0x0441, 0x0442, 0x0443, 0x0444, 0x0445, 0x0446, 0x0447, 0x0448,
    0x0449, 0x044A, 0x044B, 0x044C, 0x044D, 0x044E, 0x044F, 0x0450, 0x0451, 0x0452, 0x0453, 0x0454,
    0x0455, 0x0457, 0x0458, 0x0459, 0x045A, 0x045B, 0x045C, 0x045D, 0x045E, 0x045F, 0x0460, 0x0461,
    0x0462, 0x0465, 0x0466, 0x0467, 0x0469, 0x046D, 0x046E, 0x0470, 0x0472, 0x0473, 0x0474, 0x0475,
    0x0476, 0x0477, 0x0478, 0x0479, 0x047A, 0x047B, 0x047C, 0x047D, 0x047E, 0x047F, 0x0480, 0x0481,
    0x048B, 0x048C, 0x048D, 0x048F, 0x0491, 0x0492, 0x0495, 0x0496, 0x0497, 0x0498, 0x0499, 0x049B,
    0x049D, 0x049F, 0x04A0, 0x04A1, 0x04A3, 0x04A5, 0x04A7, 0x04A8, 0x04A9, 0x04AA, 0x04AB, 0x04AC,
    0x04AD, 0x04AE, 0x04AF, 0x04B0, 0x04B1, 0x04B2, 0x04B3, 0x04B4, 0x04B5, 0x04B6, 0x04B7, 0x04B8,
    0x04B9, 0x04BB, 0x04BC, 0x04BD, 0x04BE, 0x04BF, 0x04C1, 0x04C2, 0x04C4, 0x04C5, 0x04C6, 0x04C8,
    0x04CA, 0x04CB, 0x04CC, 0x04CE, 0x04D0, 0x04D1, 0x04D2, 0x04D3, 0x04D4, 0x04D5, 0x04D7, 0x04D8,
    0x04D9, 0x04DA, 0x04DB, 0x04DC, 0x04DD, 0x04DE, 0x04DF, 0x04E3, 0x04E5, 0x04E6, 0x04E7, 0x04E8,
    0x04E9, 0x04EA, 0x04EB, 0x04EC, 0x04ED, 0x04EE, 0x04EF, 0x04F0, 0x04F1, 0x04F2, 0x04F3, 0x04F4,
    0x04F5, 0x04F7, 0x04F9, 0x04FA, 0x04FC, 0x04FD, 0x04FE, 0x04FF, 0x1EA0, 0x1EA1, 0x1EA2, 0x1EA3,
    0x1EA4, 0x1EA5, 0x1EA6, 0x1EA7, 0x1EA8, 0x1EA9, 0x1EAA, 0x1EAB, 0x1EAC, 0x1EAD, 0x1EAE, 0x1EAF,
    0x1EB0, 0x1EB1, 0x1EB2, 0x1EB3, 0x1EB4, 0x1EB5, 0x1EB6, 0x1EB7, 0x1EB9, 0x1EBB, 0x1EBD, 0x1EBF,
    0x1EC1, 0x1EC3, 0x1EC5, 0x1EC7, 0x1ECC, 0x1ECD, 0x1ECE, 0x1ECF, 0x1ED0, 0x1ED1, 0x1ED2, 0x1ED3,
    0x1ED4, 0x1ED5, 0x1ED6, 0x1ED7, 0x1ED8, 0x1ED9, 0x1EDA, 0x1EDB, 0x1EDC, 0x1EDD, 0x1EDE, 0x1EDF,
    0x1EE0, 0x1EE1, 0x1EE2, 0x1EE3, 0x1EE4, 0x1EE5, 0x1EE6, 0x1EE7, 0x1EE8, 0x1EE9, 0x1EEA, 0x1EEB,
    0x1EEC, 0x1EED, 0x1EEE, 0x1EEF, 0x1EF0, 0x1EF1, 0x1EF2, 0x1EF4, 0x1EF5, 0x1EF6, 0x1EF7, 0x1EF8,
    0x1EF9, 0x2013, 0x2014, 0x2015, 0x2018, 0x2019, 0x201A, 0x201C, 0x201D, 0x201E, 0x2026, 0x2039,
    0x203A, 0xFB00, 0xFB01, 0xFB02, 0xFB03, 0xFB04,
};

static const uint8_t notosans_10_boldKernRightClassIds[] = {
      1,   2,   3,   2,   4,   5,   6,   5,   7,   7,   8,   9,  10,  10,  11,  12,
     10,  10,  13,  14,  15,  15,  16,  17,  18,   4,  19,  20,  21,  21,  21,  22,
     23,  20,  24,  20,  20,  25,  25,  21,  25,  21,  25,  26,  22,  25,  27,  27,
     27,  27,  28,   4,  29,  30,   9,   9,   9,   9,   9,   9,  31,  10,  10,  10,
     10,  10,  10,  10,  14,  14,  14,  14,  17,  21,  19,  19,  19,  19,  19,  19,
     21,  21,  21,  21,  21,  21,  21,  21,  21,  21,  21,  25,  25,  25,  25,  27,
     20,  27,   9,  19,   9,  19,   9,  19,  10,  21,  10,  21,  10,  21,  10,  21,
     21,  21,  21,  21,  21,  21,  21,  10,  23,  10,  23,  10,  23,  10,  23,  20,
     32,  33,  20,  25,  20,  20,  20,  20,  25,  25,  25,  10,  21,  10,  21,  10,
     21,  10,  21,  25,  25,  26,  26,  13,  22,  13,  22,  13,  22,  14,  25,  14,
     25,  14,  25,  14,  25,  14,  25,  14,  25,  15,  27,  17,  27,  17,  18,  28,
     18,  28,  18,  28,  10,  21,  14,  25,   9,  19,  31,  19,  10,  21,  26,  13,
     22,  34,  35,  36,  37,  38,  34,  39,  40,  41,  42,  43,  38,  35,  35,  34,
     39,  44,  42,  45,  34,  43,  46,  47,  48,  49,  49,  50,  51,  52,  53,  49,
     49,  49,  54,  49,  49,  51,  49,  49,  51,  55,  56,  51,  52,  49,  57,  49,
     49,  55,  49,  49,  53,  49,  58,  51,  51,  59,  49,  51,  60,  61,  62,  54,
     49,  59,  49,  49,  56,  49,  63,  64,  65,  66,  40,  50,  66,  66,  43,  45,
     63,  47,  67,  64,  67,  64,  63,  47,  63,  47,  63,  47,  63,  64,  63,  47,
     66,  65,  59,  66,  66,  65,  66,  42,  52,  43,  53,  66,  66,  59,  68,  55,
     66,  66,  66,  63,  47,  63,  47,  34,  55,  69,  70,  69,  70,  42,  52,  68,
     55,  45,  57,  45,  57,  66,  71,  72,  71,  72,  42,  52,  66,  73,  50,  66,
     66,  45,  57,  66,  40,  74,  40,  74,  40,  74,  47,  75,  74,  75,  74,  42,
     52,  43,  53,  49,  49,  63,  47,  63,  47,  63,  47,  43,  53,  39,  56,  39,
     56,  39,  56,  45,  57,  66,  49,  65,  42,  52,  42,  52,   9,  19,   9,  19,
      9,  19,   9,  19,   9,  19,   9,  19,   9,  19,   9,  19,   9,  19,   9,  19,
      9,  19,   9,  19,  21,  21,  21,  21,  21,  21,  21,  21,  10,  21,  10,  21,
     10,  21,  10,  21,  10,  21,  10,  21,  10,  21,  10,  21,  10,  21,  10,  21,
     10,  21,  10,  21,  14,  25,  14,  25,  14,  25,  14,  25,  14,  25,  14,  25,
     14,  25,  17,  17,  27,  17,  27,  17,  27,   6,   6,   6,  76,   2,   5,  76,
      2,   5,   5,  29,  30,  22,  22,  22,  22,  22,
};

static const uint16_t notosans_10_boldKernRowOffsets[] = {
        0,    29,    32,    37,    54,    61,    66,    72,    73,    75,    82,    83,    87,    93,   100,   101,
      117,   119,   130,   143,   145,   146,   147,   150,   151,   154,   159,   162,   163,   167,   173,   182,
      186,   187,   193,   200,   202,   203,   208,   214,   217,   227,   230,   231,   244,   269,   275,   277,
      288,   303,   332,   351,   353,   357,   369,   385,   402,   420,   426,   438,   446,   457,   469,   481,
      493,   495,   499,   511,   529,   535,   549,   553,   557,   559,   564,   566,   573,   581,   584,   609,
      616,   632,   635,   640,   642,   654,   656,   659,   662,
};

static const uint8_t notosans_10_boldKernSparseCols[] = {
      8,  12,  14,  16,  18,  20,  22,  24,  25,  30,  32,  33,  37,  38,  39,  40,
     41,  43,  46,  49,  52,  53,  54,  55,  58,  60,  67,  72,  73,  12,  14,  16,
     11,  23,  36,  43,  61,   9,  12,  13,  14,  16,  33,  36,  38,  43,  44,  54,
     56,  62,  66,  67,  68,  70,  12,  33,  38,  41,  51,  54,  67,  33,  41,  43,
     44,  56,   1,   9,  11,  12,  14,  16,   4,   9,  28,   4,   8,  12,  14,  15,
     16,  17,  11,   3,   4,   7,   8,   1,   9,  12,  13,  14,  16,   2,   4,   8,
     15,  17,  28,  30,  28,   2,   4,   5,   7,   8,   9,  12,  18,  20,  22,  24,
     25,  26,  27,  28,  29,   4,   8,   4,   7,   8,   9,  18,  20,  22,  24,  25,
     28,  29,   2,   4,   7,   8,   9,  18,  20,  22,  24,  25,  27,  28,  29,   9,
     28,  11,   1,   1,  26,  27,   1,   1,   3,   4,   1,   4,  18,  20,  22,   1,
      4,   7,  20,  11,  12,  14,  16,  12,  14,  16,  33,  39,  67,  12,  14,  15,
     16,  33,  38,  41,  44,  67,  11,  12,  14,  16,   3,   1,   9,  11,  12,  14,
     16,   0,   1,   3,   7,  19,  31,  75,   3,  32,  11,   0,   1,   3,   7,  75,
      8,  10,  12,  14,  15,  16,  19,  21,  26,   8,   9,  10,  12,  14,  15,  16,
     18,  20,  22,  19,  21,  26,  36,   1,  33,  38,  44,  54,  55,  56,  64,  66,
     67,  68,  69,  75,   1,   4,   5,   6,  29,  33,  34,  37,  39,  40,  43,  46,
     47,  48,  49,  50,  51,  52,  53,  54,  55,  56,  57,  59,  67,  28,  34,  43,
     56,  62,  70,   4,  43,   1,   4,  33,  38,  44,  51,  54,  55,  57,  67,  75,
      1,   5,   6,  28,  34,  43,  44,  46,  47,  50,  54,  55,  56,  62,  70,   1,
      4,   5,   6,  28,  29,  34,  35,  37,  39,  40,  43,  45,  46,  47,  48,  49,
     50,  51,  52,  53,  56,  57,  58,  59,  62,  70,  71,  72,   1,  29,  33,  34,
     36,  38,  43,  44,  50,  54,  55,  56,  64,  66,  67,  68,  70,  74,  75,  51,
     55,   3,  51,  56,  57,   4,  36,  37,  40,  43,  44,  49,  53,  54,  55,  56,
     61,   4,  33,  37,  38,  39,  40,  41,  42,  49,  51,  53,  57,  66,  67,  68,
     72,   4,   5,   6,  28,  29,  37,  38,  39,  40,  41,  43,  46,  49,  50,  53,
     57,  72,   1,   3,   4,   6,  33,  35,  37,  38,  39,  40,  41,  42,  45,  49,
     51,  53,  57,  67,   1,  33,  38,  51,  54,  55,   1,  33,  38,  39,  41,  45,
     49,  51,  54,  55,  56,  57,   3,  33,  38,  41,  45,  51,  54,  55,   1,   4,
      5,  37,  39,  40,  41,  49,  50,  53,  75,   1,   4,  33,  36,  37,  40,  44,
     49,  53,  54,  56,  61,   1,  33,  38,  39,  41,  45,  49,  51,  54,  55,  56,
     57,   5,  33,  34,  38,  43,  44,  46,  50,  56,  57,  71,  75,  33,  58,   1,
     33,  50,  57,   1,   4,  37,  39,  40,  41,  46,  49,  50,  53,  57,  75,   1,
      6,  33,  38,  39,  41,  43,  44,  45,  51,  54,  55,  56,  57,  63,  69,  71,
     75,   1,  33,  36,  54,  55,  61,   1,   4,   5,  37,  38,  39,  40,  41,  49,
     50,  53,  58,  60,  75,  33,  38,  45,  57,   1,  33,  58,  60,  36,  61,   1,
     33,  36,  54,  55,   4,  49,   1,  33,  44,  54,  66,  67,  68,   1,  46,  54,
     55,  56,  63,  69,  71,   4,  66,  68,   4,   5,  28,  29,  33,  34,  37,  39,
     40,  43,  46,  49,  51,  52,  54,  55,  56,  62,  63,  65,  69,  70,  71,  72,
     73,   4,   5,  39,  46,  49,  50,  53,   4,   5,  33,  39,  46,  49,  51,  52,
     56,  58,  62,  65,  67,  70,  71,  72,   4,  46,  49,  54,  56,  62,  70,  71,
     46,  56,   4,  39,  46,  49,  56,  58,  62,  65,  71,  72,  73,  74,   4,  49,
     33,  66,  68,   1,  51,  55,
};

static const int8_t notosans_10_boldKernSparseValues[] = {
     -23,    7,    7,    3,  -13,  -20,  -10,  -10,  -10,  -27,   23,    7,  -10,    7,  -23,  -20,
       7,   -3,  -13,  -23,    7,  -17,   10,    7,   10,   10,    7,  -20,   -7,  -20,   -7,  -10,
      30,   13,   33,  -10,   20,  -17,  -23,   -7,  -20,  -20,  -17,   20,   -7,  -13,  -27,  -13,
     -20,  -17,  -20,  -23,  -20,  -20,  -13,  -13,   -7,   -3,   -3,   -7,  -13,   -4,   -1,   -1,
      -1,   -1,  -23,   -7,   17,  -23,  -13,  -20,   -3,   -7,   -7,  -13,   -7,  -10,   -3,   -7,
      -3,   -3,   20,    7,  -20,    7,   -7,  -27,   -7,   -7,   -3,   -7,  -10,   -3,  -43,  -17,
      -7,   -3,   -7,  -10,   -3,   -7,  -20,  -13,    7,  -23,   -7,    7,  -27,  -23,  -23,  -17,
     -20,   -7,  -13,  -20,  -10,   -7,   -3,  -17,    7,  -13,   -3,   -7,   -7,   -3,   -3,   -3,
     -10,   -3,  -10,  -20,    7,  -20,   -7,  -17,  -17,  -17,  -10,  -13,   -7,  -27,  -10,   -3,
      -7,   32,   -3,   -3,   -7,   -3,    7,   20,   13,   -7,   13,  -53,   -7,   -7,   -3,   13,
     -13,    7,   -7,   17,   -7,   -3,  -10,  -10,   -3,  -10,  -10,   -3,   -3,  -20,  -10,   -7,
     -27,  -20,   -7,   -7,   -7,  -13,   33,  -13,  -10,  -13,   17,  -23,   -7,   37,  -23,  -13,
     -20,   39,   35,   48,   44,   10,   23,   31,   17,   39,   17,   44,   45,   54,   47,   31,
      -7,    7,   20,   23,   17,   20,    7,   13,   17,  -10,   -3,    7,   23,   23,   17,   20,
     -10,   -7,   -7,    7,   17,   17,   17,  -23,  -17,   -7,  -10,   -7,   -7,   -7,   -7,  -13,
     -20,  -17,   -7,  -10,    7,  -17,  -13,  -10,  -10,    7,   -7,   -8,  -23,   -8,  -12,  -13,
      -7,  -10,  -13,  -13,   -3,   -3,  -10,   -3,   -3,  -10,  -13,   -7,    3,   -7,   -7,  -10,
      -7,   -7,   -7,   -7,   -3,  -30,   -3,  -20,   -7,  -10,   -7,   -7,   -7,   -7,  -10,  -20,
       7,   -3,   -3,   -7,   -7,  -13,   -3,   -3,   -7,   -7,   -3,   -3,   -7,   -7,  -17,    7,
     -23,   -7,   -3,  -17,   -7,  -13,   -7,  -26,  -40,  -35,  -10,  -12,  -17,  -13,   -3,  -31,
     -24,  -10,   -7,  -17,   -7,  -17,   17,  -10,   -3,   -7,  -10,  -17,  -23,   -3,  -23,   -7,
      17,   -6,  -12,  -20,   -3,  -10,   -7,  -10,   -7,  -13,  -17,  -20,  -17,   -3,  -13,   -3,
      -3,   -3,   -3,   -5,   -3,   10,   30,   10,   13,   -3,   -8,   10,   10,   -3,   10,   -7,
      23,  -13,   -7,   -3,  -13,   -7,   -3,   -7,   -3,   -3,   -5,   -3,   -3,   -3,   -3,   -3,
      -7,  -43,   -3,   -3,   -7,   -3,  -20,   -7,  -17,  -20,   -7,   -3,   -8,  -17,   -3,  -13,
      -3,  -20,   -3,   -4,  -13,   -3,  -12,   -3,   -6,  -10,  -12,  -10,  -13,  -10,   -3,   -8,
      -5,   -5,   -3,   -7,   -3,  -13,  -11,   -7,   -3,   -3,   -2,  -20,  -12,   -3,  -10,   -7,
      -3,   -7,   -3,  -10,   -3,   -3,   -1,  -10,   -3,   -3,   -3,   -7,   -3,   -3,   10,  -13,
      -7,   -7,  -10,  -10,   -3,  -13,   -3,  -10,   13,   -3,    7,  -10,   33,    7,   10,   -5,
       7,    8,   -5,  -10,   20,   -2,  -13,  -12,   -3,   -7,   -7,   -3,   -7,   -3,  -10,   -3,
      -3,   -3,   -3,   -5,   -3,   -5,   -3,   -7,   -7,   -7,   -3,   -7,   10,  -10,   -1,    7,
      -7,   -3,   -3,    7,  -13,   -7,   -7,  -10,   -3,   -3,  -17,  -10,  -17,  -10,   13,  -27,
      -3,  -20,   -7,   -3,   -3,   -3,  -23,   -7,   -7,  -20,  -15,  -13,   -7,   -7,  -10,   -7,
     -10,   -3,  -13,   27,  -10,  -17,    7,   10,  -13,   -7,   -7,    8,  -10,  -10,   -3,  -13,
      -3,  -10,    8,    8,   13,   -7,  -10,   -3,   -7,   10,    7,   14,    5,   10,    7,   -3,
     -13,   13,  -10,  -17,  -13,   -7,  -13,  -13,  -13,   -7,  -10,   -7,  -10,  -23,   -7,  -17,
     -10,  -10,   -7,   -7,   -7,  -13,   -3,   -3,  -20,  -13,  -20,  -10,    7,   -7,  -13,  -23,
     -17,  -10,  -23,  -20,   -7,   -7,  -13,  -13,  -17,   -7,   -7,  -17,  -13,  -17,  -23,  -17,
     -27,  -17,   -7,  -10,   -3,  -13,   -3,  -10,  -17,   -7,    7,  -20,  -13,  -17,   -7,   -7,
     -17,    7,   -7,  -10,    7,   -7,  -10,  -13,  -10,   -7,  -10,   -7,  -17,   -7,  -17,   -7,
      -3,   -3,  -20,  -20,  -17,  -17,  -13,    7,   -7,  -10,  -13,  -13,  -13,   -3,  -13,   -3,
      -7,   -3,   -3,   -3,   -7,   -3,
};

static const EpdLigaturePair notosans_10_boldLigaturePairs[] = {
    { 0x00660066, 0xFB00 }, // f f -> U+FB00
    { 0x00660069, 0xFB01 }, // f i -> U+FB01
    { 0x0066006C, 0xFB02 }, // f l -> U+FB02
    { 0xFB000069, 0xFB03 }, // U+FB00 i -> U+FB03
    { 0xFB00006C, 0xFB04 }, // U+FB00 l -> U+FB04
};

static const EpdFontData notosans_10_bold = {
    notosans_10_boldBitmaps,
    notosans_10_boldGlyphs,
    notosans_10_boldIntervals,
    18,
    28,
    23,
    -7,
    true,
    notosans_10_boldGroups,
    13,
    nullptr,
    nullptr,  // kernLeftClasses: built-in fonts use the split arrays below
    nullptr,  // kernRightClasses
    notosans_10_boldKernLeftCodepoints,
    notosans_10_boldKernLeftClassIds,
    notosans_10_boldKernRightCodepoints,
    notosans_10_boldKernRightClassIds,
    nullptr,  // kernMatrix: built-in fonts use the sparse form below
    notosans_10_boldKernRowOffsets,
    notosans_10_boldKernSparseCols,
    notosans_10_boldKernSparseValues,
    478,
    474,
    88,
    76,
    notosans_10_boldLigaturePairs,
    5,
};
