/**
 * generated by fontconvert.py
 * name: notoserif_10_bolditalic
 * size: 10
 * mode: 2-bit  compressed: true
 * Command used: fontconvert.py notoserif_10_bolditalic 10 ../builtinFonts/source/NotoSerif/NotoSerif-BoldItalic.ttf --2bit --compress --pnum
 */
#pragma once
#include "EpdFontData.h"

static const uint8_t notoserif_10_bolditalicBitmaps[25928] = {
    0x8D, 0x58, 0xCD, 0x6F, 0x1D, 0xD5, 0x15, 0x3F, 0x33, 0x03, 0xB9, 0x2A, 0x57, 0xF6, 0x4D, 0x25,
    0x47, 0x2C, 0xF2, 0x31, 0x5D, 0x64, 0x81, 0xC0, 0xC9, 0x50, 0xC9, 0xAA, 0x9E, 0xD4, 0x67, 0xCF,
    0x10, 0x2F, 0x58, 0xB0, 0xC0, 0x1B, 0x2B, 0x0B, 0x54, 0x39, 0xEB, 0x6E, 0x92, 0x0A, 0x57, 0x20,
    0xD5, 0x7E, 0x33, 0x94, 0x7F, 0x20, 0x1B, 0xCA, 0x02, 0x24, 0xBC, 0x60, 0xC1, 0x06, 0xE9, 0x51,
    0x90, 0x1A, 0xA4, 0xE7, 0x37, 0x17, 0x22, 0x95, 0x05, 0x8B, 0x8E, 0x81, 0xB6, 0x52, 0x51, 0x95,
    0x11, 0x0D, 0x45, 0x6D, 0x05, 0xB9, 0x24, 0x13, 0x31, 0x0E, 0xF3, 0xD1, 0xDF, 0xB9, 0xF3, 0x9E,
    0x9F, 0xE3, 0xB4, 0x55, 0xC7, 0x33, 0xF7, 0xF9, 0xCD, 0xCC, 0xB9, 0xF7, 0x9C, 0xDF, 0xF9, 0x9D,
    0x8F, 0xFB, 0xDC, 0xD2, 0x2B, 0x3D, 0x83, 0xBF, 0x4C, 0x68, 0xA1, 0x65, 0x24, 0x69, 0x9E, 0xF8,
    0x08, 0x29, 0xA6, 0x15, 0x7C, 0x0E, 0x02, 0xDA, 0x0E, 0x69, 0xB4, 0x4C, 0xD7, 0xFA, 0x34, 0xEC,
    0xD1, 0xCE, 0x93, 0x44, 0xA7, 0x1E, 0xA3, 0xC5, 0x1E, 0xF5, 0x96, 0x68, 0x69, 0xA8, 0xDA, 0xE6,
    0x91, 0x7B, 0xFF, 0xA0, 0x3D, 0xED, 0x7C, 0xA8, 0xDD, 0xEB, 0xD1, 0x13, 0xFF, 0x7A, 0x33, 0x6E,
    0x0B, 0x39, 0x4F, 0xF3, 0x73, 0x34, 0x77, 0x8A, 0x4E, 0xF5, 0x88, 0x9C, 0x88, 0x44, 0x42, 0x69,
    0xE9, 0x7D, 0x35, 0x10, 0xBF, 0x5F, 0x96, 0x7F, 0x59, 0x10, 0x35, 0x79, 0x0D, 0x51, 0x9B, 0x51,
    0x60, 0x1E, 0x7A, 0xA2, 0xD8, 0xFA, 0x31, 0x4E, 0x13, 0xBE, 0x9B, 0xFB, 0x6D, 0x44, 0x19, 0x91,
    0x26, 0x4A, 0xAC, 0x02, 0xE4, 0xD6, 0xB4, 0x44, 0xEA, 0x59, 0xCA, 0xE9, 0xBC, 0xBA, 0xA0, 0xA9,
    0xAF, 0x9E, 0x8E, 0x68, 0x4B, 0x41, 0xBB, 0x2D, 0x7F, 0x11, 0xC3, 0xB9, 0x5F, 0x34, 0xD4, 0x7F,
    0xF1, 0xAB, 0x8F, 0x93, 0xE0, 0x8B, 0x3F, 0xAC, 0x6A, 0x12, 0xBE, 0xD0, 0x34, 0x77, 0x1E, 0x43,
    0x7F, 0x59, 0x26, 0x34, 0x5C, 0x56, 0x44, 0xD9, 0xF9, 0x73, 0xE4, 0x25, 0xAA, 0xA0, 0x43, 0x87,
    0xAC, 0xD9, 0x38, 0x3F, 0x22, 0x1A, 0xA9, 0x64, 0x32, 0xEC, 0xFA, 0xB8, 0x17, 0x5F, 0xE3, 0x07,
    0x3A, 0x8D, 0xDC, 0x36, 0xDB, 0x27, 0xFF, 0xA3, 0x6F, 0x73, 0x0A, 0xDD, 0x46, 0x03, 0x88, 0x36,
    0x01, 0x16, 0x71, 0x84, 0xFF, 0x42, 0x4D, 0xC1, 0x5E, 0x6B, 0x48, 0xB4, 0x2F, 0xD7, 0xDD, 0x74,
    0xBB, 0xA3, 0xD1, 0x7B, 0x66, 0x87, 0xFF, 0x73, 0x32, 0x52, 0x9A, 0x06, 0x44, 0x15, 0x79, 0x78,
    0x23, 0x27, 0x95, 0x91, 0x8F, 0xF7, 0x13, 0x0A, 0x23, 0x7B, 0xD2, 0xEC, 0xC4, 0xF2, 0x78, 0xD7,
    0xCB, 0x89, 0x2E, 0xD9, 0x59, 0x60, 0x77, 0x49, 0x0C, 0x77, 0x80, 0x67, 0x89, 0x3D, 0x21, 0xD9,
    0x09, 0x5B, 0xF9, 0x98, 0x68, 0xCC, 0x33, 0xBB, 0x05, 0xCF, 0x8C, 0xE7, 0xDB, 0x44, 0x57, 0x21,
    0xF8, 0x26, 0xF5, 0x86, 0xB4, 0xFD, 0x4E, 0x22, 0x6F, 0xE9, 0x74, 0x3F, 0x7A, 0xFF, 0x1B, 0x72,
    0x3F, 0x4E, 0xBC, 0x0F, 0x89, 0x60, 0x5E, 0x3E, 0x3B, 0xD3, 0x36, 0x3B, 0xF1, 0x65, 0x34, 0xBB,
    0xC3, 0x87, 0xD2, 0x0A, 0xFE, 0xF6, 0xB4, 0xA4, 0x1E, 0x1B, 0x6F, 0x52, 0xB3, 0xBE, 0xD6, 0x79,
    0x3D, 0xB4, 0xCF, 0x4F, 0x11, 0x3F, 0xB8, 0x42, 0x64, 0xD8, 0x32, 0x0F, 0x00, 0x43, 0x67, 0xA2,
    0xD3, 0x44, 0x7D, 0xA2, 0x4D, 0xA2, 0x21, 0x6B, 0xED, 0xC2, 0x88, 0x88, 0x24, 0xD1, 0x1C, 0x11,
    0x7C, 0x72, 0xB6, 0x9B, 0x3A, 0xC8, 0x69, 0xBF, 0xF2, 0xF2, 0x65, 0xA9, 0x57, 0x94, 0x5E, 0xF1,
    0xA3, 0x95, 0x80, 0x56, 0x42, 0x66, 0xD1, 0xEE, 0x0A, 0x55, 0x2B, 0x54, 0xAE, 0x38, 0x26, 0xF4,
    0x72, 0x7F, 0x43, 0x8B, 0xA6, 0x73, 0x49, 0x46, 0xB1, 0x16, 0xB7, 0xB4, 0x7A, 0xE3, 0x00, 0x2E,
    0x8B, 0x12, 0xB0, 0xDC, 0x25, 0xAA, 0xD9, 0x6E, 0x07, 0xA0, 0x56, 0x14, 0xB7, 0xBA, 0x5B, 0x00,
    0xF7, 0xEA, 0x38, 0x72, 0x8B, 0x20, 0x71, 0x0C, 0x24, 0x2E, 0x01, 0x36, 0x4B, 0x56, 0xB8, 0xD0,
    0x85, 0x7D, 0x12, 0xE6, 0x2F, 0xE3, 0xAB, 0x79, 0x08, 0xDC, 0x9B, 0xA3, 0x33, 0xEB, 0x5B, 0x14,
    0xB6, 0x15, 0xAE, 0x92, 0xEE, 0x93, 0x87, 0x2C, 0x5F, 0xC4, 0x4B, 0x32, 0xBE, 0x8F, 0xE2, 0x79,
    0x0C, 0x79, 0xB7, 0x22, 0xBB, 0x2E, 0xEE, 0x9D, 0xC6, 0x27, 0xB4, 0xA6, 0xF0, 0xD5, 0x82, 0x64,
    0x3B, 0x61, 0x26, 0x59, 0x6D, 0x64, 0x49, 0xE7, 0x0B, 0x7A, 0xBE, 0xA0, 0x4F, 0x8D, 0xF7, 0xB2,
    0x99, 0x17, 0xF9, 0xA2, 0xCC, 0x7E, 0xB9, 0xF1, 0x59, 0x8B, 0x95, 0x3A, 0xBF, 0xC7, 0x89, 0x07,
    0xAE, 0xB4, 0x8D, 0xD3, 0x36, 0xEE, 0x1F, 0x7F, 0xE6, 0x45, 0x73, 0x82, 0x18, 0x2B, 0xD5, 0x46,
    0x8F, 0x6C, 0xE4, 0xE4, 0x15, 0xEC, 0x4D, 0xB7, 0x78, 0xD2, 0x33, 0xEF, 0x79, 0x66, 0x77, 0x43,
    0x07, 0xCD, 0x94, 0xA3, 0x41, 0xE1, 0x14, 0x95, 0xD0, 0x5B, 0x2A, 0xD9, 0x0C, 0x3A, 0x24, 0xD2,
    0x24, 0x7D, 0x26, 0xAB, 0x3C, 0x33, 0x3D, 0xF3, 0x91, 0xCC, 0x56, 0xFC, 0x44, 0x59, 0x16, 0x22,
    0x08, 0xFD, 0xB6, 0x3E, 0xBF, 0x5E, 0xF5, 0x1C, 0x73, 0x1C, 0xA4, 0x92, 0x9A, 0x54, 0xC4, 0x78,
    0x8C, 0x88, 0x0A, 0x26, 0x23, 0xDF, 0x48, 0x78, 0x9E, 0xED, 0x6E, 0xFE, 0xB8, 0xF0, 0x8A, 0x6D,
    0x91, 0x85, 0x92, 0xCF, 0x65, 0xCF, 0x5C, 0x03, 0xE5, 0xA9, 0xD5, 0xF2, 0x86, 0x09, 0xDD, 0x72,
    0x97, 0xAA, 0x11, 0x9F, 0x65, 0xE8, 0x99, 0x99, 0xC5, 0x97, 0x73, 0x77, 0xBF, 0x12, 0xF9, 0xB6,
    0xEA, 0x7C, 0x9A, 0x6C, 0xFB, 0xC9, 0xAE, 0xFA, 0x53, 0x25, 0xEA, 0x8A, 0xA9, 0xEB, 0x1A, 0x90,
    0x79, 0x53, 0xEA, 0xAD, 0x80, 0x82, 0x09, 0xC6, 0x36, 0xA7, 0x98, 0x59, 0xDC, 0x05, 0x00, 0x39,
    0x9C, 0xA2, 0xC7, 0x7F, 0x07, 0x07, 0x98, 0x98, 0x89, 0x6C, 0xCA, 0x44, 0xE6, 0xAE, 0x87, 0xDC,
    0x00, 0xEF, 0x32, 0x86, 0x30, 0x21, 0x88, 0x18, 0x28, 0x56, 0x5F, 0x64, 0x96, 0xD9, 0x96, 0xCF,
    0xEB, 0x51, 0x27, 0xDD, 0xFD, 0x1F, 0x59, 0xDF, 0x4F, 0xDE, 0xC4, 0x87, 0x98, 0xCC, 0x80, 0x48,
    0xB9, 0xD6, 0xC9, 0x10, 0x9D, 0x6C, 0x90, 0xCC, 0x74, 0xA5, 0xB2, 0x91, 0xB2, 0xA1, 0x8A, 0xD9,
    0xC7, 0x24, 0x0A, 0xC6, 0x4A, 0x4D, 0x75, 0xC1, 0x22, 0x71, 0x47, 0x25, 0x8E, 0xE8, 0x14, 0x81,
    0xED, 0x5F, 0x1D, 0xF0, 0xDC, 0x22, 0x81, 0x52, 0x4E, 0x26, 0x93, 0x74, 0xC7, 0x28, 0x6F, 0xCF,
    0x0C, 0xCF, 0xAB, 0x97, 0xCC, 0xB0, 0xEF, 0xBB, 0xF9, 0xB0, 0x1F, 0x78, 0xD9, 0xB0, 0xBF, 0xE2,
    0x65, 0xA6, 0xBF, 0x22, 0x74, 0xD6, 0x0F, 0xD4, 0x27, 0x7A, 0x59, 0x15, 0x2D, 0x9D, 0x71, 0xA2,
    0x85, 0x6E, 0x6A, 0xC8, 0x1E, 0x03, 0x99, 0x1D, 0x58, 0xD3, 0x41, 0x0A, 0xCA, 0xC3, 0x70, 0x0E,
    0xC5, 0x90, 0x87, 0x17, 0x18, 0xA8, 0xBF, 0x61, 0x70, 0xAF, 0x63, 0xF0, 0x56, 0x61, 0x84, 0x04,
    0x3F, 0xE8, 0x8C, 0x0B, 0x34, 0x2D, 0x6D, 0x37, 0x11, 0x01, 0x94, 0x63, 0x40, 0xC8, 0x55, 0x30,
    0xCF, 0x69, 0x28, 0x2C, 0x54, 0x9B, 0x38, 0x2D, 0x67, 0xA7, 0xD7, 0x0A, 0x0A, 0x57, 0x41, 0x52,
    0x10, 0x37, 0xC6, 0x35, 0x86, 0x6C, 0x7B, 0x19, 0x2E, 0x45, 0x4A, 0xAD, 0x14, 0xA4, 0x84, 0x71,
    0x4B, 0x61, 0xBC, 0x82, 0x2F, 0x95, 0xCB, 0xBB, 0xB1, 0x8E, 0xDB, 0xFD, 0x49, 0x3E, 0x84, 0xFC,
    0xD8, 0xCF, 0xBC, 0x42, 0xE6, 0x12, 0x25, 0x00, 0xCC, 0xE5, 0x94, 0x63, 0x93, 0x40, 0xCC, 0xF0,
    0x1E, 0xBA, 0xF8, 0x7B, 0x98, 0xFC, 0x80, 0xFC, 0x7B, 0x23, 0x72, 0xDB, 0x2E, 0x8F, 0x60, 0x7D,
    0xE4, 0xA1, 0xF8, 0x35, 0xD6, 0x33, 0x6A, 0x58, 0xCE, 0x42, 0x18, 0x32, 0xB6, 0x18, 0x1A, 0x1E,
    0x6A, 0x8E, 0x2F, 0x68, 0x17, 0x41, 0xFD, 0x94, 0x60, 0x52, 0x03, 0xF2, 0x43, 0x4D, 0xAC, 0x09,
    0x6E, 0xDE, 0x4D, 0x35, 0x59, 0x6D, 0x1C, 0x8E, 0x9C, 0xF8, 0x95, 0x12, 0x2F, 0xF6, 0x30, 0xCB,
    0x92, 0x5D, 0x0F, 0x51, 0x49, 0xCD, 0x3A, 0xCA, 0x45, 0xCB, 0xBC, 0xE1, 0x3C, 0xC0, 0x13, 0x70,
    0xF0, 0x40, 0x65, 0x57, 0xCB, 0xBB, 0xCF, 0xC1, 0x14, 0x0B, 0x03, 0xCB, 0x8E, 0x1E, 0x94, 0xA5,
    0x4E, 0xB6, 0x5E, 0x3F, 0x2C, 0xCB, 0x41, 0x41, 0x12, 0x9F, 0x71, 0x3B, 0x71, 0xBC, 0x80, 0x19,
    0x83, 0xE7, 0x0A, 0xB7, 0x70, 0x4B, 0x99, 0x3B, 0x06, 0x30, 0x44, 0xF7, 0xC3, 0xD0, 0x56, 0x29,
    0x32, 0x32, 0xAE, 0x24, 0x66, 0x26, 0xE3, 0xCF, 0xDF, 0x83, 0x31, 0x13, 0x18, 0x9D, 0xB6, 0x4C,
    0x6B, 0x8A, 0x33, 0xFF, 0x26, 0x1E, 0x2A, 0x2E, 0x1A, 0x98, 0x21, 0xEE, 0x28, 0x06, 0xE3, 0x9B,
    0xF5, 0x98, 0xD5, 0xB0, 0x36, 0xC4, 0xAC, 0xC8, 0x98, 0x35, 0xA9, 0x59, 0x15, 0xAE, 0x16, 0xB8,
    0x21, 0x0B, 0x9B, 0xDF, 0x82, 0x36, 0xC2, 0x54, 0x98, 0x68, 0x92, 0x05, 0xBB, 0xBC, 0x3F, 0x9E,
    0x65, 0x41, 0x88, 0x79, 0x5D, 0x4C, 0x17, 0x56, 0x79, 0x01, 0x3F, 0x38, 0x70, 0xB3, 0x4D, 0x57,
    0x87, 0x01, 0x3A, 0x64, 0xA8, 0x60, 0x63, 0xE1, 0x2E, 0xD0, 0x9E, 0x79, 0x6F, 0x2F, 0xF6, 0x73,
    0x30, 0x31, 0x10, 0x04, 0xFF, 0x21, 0xFB, 0xEF, 0x6A, 0x67, 0x47, 0x8E, 0xE5, 0xB9, 0xDA, 0x45,
    0x2F, 0xE2, 0x9E, 0x03, 0xB9, 0x18, 0x05, 0x9C, 0xC6, 0xA7, 0x19, 0xCD, 0x11, 0xC3, 0xC9, 0x98,
    0x36, 0x29, 0xAF, 0x85, 0xD7, 0xDC, 0x12, 0x45, 0xD1, 0x2B, 0x30, 0x9F, 0x67, 0x40, 0x68, 0x59,
    0x58, 0xC5, 0x50, 0xBB, 0xD9, 0x0E, 0x36, 0xC4, 0x26, 0xD7, 0x29, 0x8E, 0x53, 0x97, 0xDC, 0xAF,
    0xED, 0x25, 0x68, 0x9A, 0x7B, 0x05, 0xC2, 0xEB, 0xEE, 0x45, 0x76, 0xA7, 0x76, 0x38, 0x1F, 0x19,
    0xE4, 0x62, 0x07, 0x6E, 0x09, 0x8D, 0x07, 0x43, 0x7F, 0x6A, 0x24, 0x84, 0x9F, 0x37, 0xF3, 0x28,
    0x09, 0xEF, 0x9A, 0x45, 0x08, 0xDE, 0x2E, 0x96, 0x30, 0x7E, 0x51, 0xBC, 0x83, 0x71, 0xAF, 0xFC,
    0xA4, 0x24, 0xE7, 0x83, 0xE6, 0x3A, 0x32, 0xAA, 0x6E, 0x57, 0x91, 0x8E, 0x92, 0xC6, 0xE3, 0x11,
    0xD4, 0x27, 0x99, 0x94, 0x0A, 0x93, 0x99, 0x61, 0xCB, 0x5A, 0x45, 0xAA, 0xE2, 0x72, 0x03, 0x84,
    0x33, 0x2F, 0xE1, 0xC9, 0x23, 0xE4, 0x70, 0x14, 0xB7, 0x77, 0x2A, 0xE4, 0x66, 0x53, 0x63, 0xC8,
    0x63, 0x34, 0x19, 0x59, 0x38, 0x47, 0x8E, 0x0E, 0x5E, 0xC7, 0x7C, 0x10, 0xF0, 0x12, 0xC9, 0x03,
    0x50, 0x95, 0x09, 0xD2, 0x4A, 0x6C, 0x68, 0x92, 0xDA, 0x90, 0x54, 0x68, 0xBC, 0x91, 0x71, 0xAE,
    0x93, 0x99, 0x5B, 0xFA, 0xDA, 0xA9, 0xC2, 0x04, 0x17, 0x6A, 0x48, 0x0C, 0xD3, 0x52, 0x40, 0x33,
    0x06, 0x32, 0x63, 0x38, 0x20, 0x06, 0xF0, 0x1D, 0x6F, 0xEA, 0x43, 0xE1, 0xD3, 0xA0, 0xB8, 0xBF,
    0x61, 0x10, 0xBE, 0x65, 0x17, 0xBE, 0x1C, 0x23, 0x1C, 0x22, 0x80, 0xA4, 0x86, 0xD3, 0x10, 0xC2,
    0x4E, 0xBD, 0x36, 0xE3, 0x6D, 0x71, 0x84, 0xB7, 0x0F, 0xAC, 0xEF, 0x56, 0x1C, 0x67, 0xFF, 0x75,
    0x7D, 0x66, 0xE6, 0x5E, 0xD5, 0xAD, 0x1F, 0x4F, 0x63, 0x1A, 0x0E, 0xF2, 0xE1, 0x28, 0x51, 0x76,
    0xE1, 0x1C, 0xBF, 0x0A, 0x5D, 0x9E, 0x42, 0xC0, 0x3A, 0xB5, 0xD5, 0x67, 0x0C, 0xBD, 0x6A, 0xA0,
    0xD9, 0xA6, 0x09, 0xFB, 0xDD, 0xCE, 0x5E, 0x86, 0x89, 0x57, 0x04, 0x1A, 0x3E, 0xCF, 0x64, 0xA1,
    0x0C, 0x3C, 0xDE, 0x65, 0xF4, 0xCB, 0x28, 0x06, 0x45, 0x8C, 0x84, 0x17, 0x44, 0x32, 0x3B, 0x63,
    0x69, 0x27, 0x58, 0x77, 0xA6, 0x28, 0xAF, 0xC9, 0xE5, 0x41, 0x54, 0x68, 0x16, 0x2A, 0xA4, 0xF6,
    0x0A, 0xF5, 0x1D, 0x26, 0x5F, 0x30, 0xE4, 0x4F, 0x0A, 0x4D, 0xD0, 0xB6, 0x66, 0x65, 0xE3, 0x4B,
    0xB3, 0xE4, 0xEB, 0xE1, 0x95, 0x40, 0xEF, 0xD0, 0xB4, 0x3A, 0x1F, 0xCE, 0x47, 0x47, 0x08, 0x84,
    0xC0, 0x81, 0x5C, 0x44, 0x69, 0xAD, 0x2A, 0xFF, 0xA6, 0xB8, 0xA9, 0xB4, 0x8B, 0x34, 0xE6, 0x25,
    0x41, 0xE2, 0x01, 0x6D, 0x01, 0x71, 0x09, 0x71, 0x05, 0xF1, 0x79, 0xF0, 0x6F, 0x0E, 0xA2, 0xA7,
    0x70, 0xF5, 0x71, 0x6D, 0x52, 0xFC, 0x1B, 0x74, 0x53, 0x6D, 0x57, 0x1F, 0xC2, 0x46, 0xD5, 0x3E,
    0x32, 0x80, 0xCC, 0x5D, 0x8D, 0x44, 0x99, 0x08, 0x23, 0x81, 0xDC, 0x3C, 0xAE, 0x45, 0xA0, 0xB8,
    0x89, 0xCB, 0x90, 0xBB, 0x8F, 0xA6, 0xE7, 0xFB, 0x04, 0x38, 0x4D, 0xF4, 0x60, 0xAB, 0xB9, 0x38,
    0x35, 0x74, 0x15, 0xAB, 0x17, 0x6E, 0x2E, 0x6E, 0xCA, 0x1C, 0xDE, 0xD0, 0x48, 0xA7, 0x46, 0x44,
    0xC2, 0x28, 0xA3, 0x10, 0x80, 0x41, 0x71, 0x1A, 0xE3, 0x4F, 0x0A, 0xCC, 0x64, 0x7E, 0x5B, 0xF6,
    0xC8, 0xFB, 0x76, 0xAF, 0x1A, 0x92, 0x77, 0x47, 0x57, 0x68, 0x04, 0xBE, 0x8B, 0x6A, 0x44, 0x4F,
    0xCB, 0x7D, 0x26, 0xE2, 0xA6, 0xB5, 0xFD, 0x07, 0xB8, 0x0E, 0x9E, 0x6D, 0x31, 0x43, 0x0A, 0x04,
    0x51, 0x0C, 0x3C, 0x91, 0x7E, 0x16, 0x39, 0x88, 0xD1, 0x79, 0xC9, 0xDB, 0x08, 0x5F, 0xF1, 0x3D,
    0x57, 0x16, 0x06, 0xC2, 0x62, 0x6F, 0x9B, 0xA9, 0x79, 0xC6, 0xA7, 0xC7, 0x80, 0xE5, 0x68, 0x1F,
    0xBD, 0x04, 0x6E, 0xF5, 0x13, 0x1F, 0xAE, 0xCB, 0xB8, 0xFF, 0xB1, 0x06, 0x1E, 0x43, 0xD6, 0x65,
    0x03, 0x45, 0xE4, 0x15, 0xF3, 0x70, 0xE4, 0x22, 0x40, 0x44, 0x3F, 0x07, 0x45, 0x88, 0xDB, 0xAB,
    0x23, 0x20, 0x43, 0x21, 0x80, 0xCB, 0xF7, 0x11, 0xF6, 0xEF, 0x5F, 0xAC, 0x28, 0x47, 0xC5, 0xCC,
    0xFC, 0xBC, 0x4B, 0x8F, 0x9D, 0xAE, 0x96, 0x91, 0x4C, 0xA0, 0xEE, 0xD6, 0x71, 0x38, 0xC4, 0x48,
    0xE3, 0xE4, 0xFE, 0x97, 0x17, 0xB3, 0x10, 0xD1, 0x4C, 0x29, 0x14, 0x58, 0x3B, 0x92, 0xBF, 0xB8,
    0x47, 0x36, 0xCC, 0x8F, 0xAE, 0x18, 0x23, 0x7F, 0xA0, 0x56, 0x1F, 0x74, 0x7F, 0xF1, 0x55, 0xFA,
    0xF9, 0x0E, 0xED, 0x0C, 0x87, 0xC3, 0x2B, 0x38, 0x9E, 0x5C, 0xC2, 0xD1, 0xEB, 0xF5, 0x1E, 0x5B,
    0x5C, 0x40, 0xD5, 0xA3, 0x93, 0xC5, 0x4C, 0x5A, 0x5A, 0xE9, 0x6E, 0x82, 0x23, 0xBD, 0xE3, 0x34,
    0x6B, 0x3E, 0x5A, 0xD1, 0xE3, 0x6F, 0xDA, 0xE6, 0x74, 0xCB, 0xDE, 0xF9, 0x9C, 0xDC, 0x8F, 0x22,
    0x6F, 0x55, 0x4B, 0x47, 0xCF, 0x53, 0xBE, 0x48, 0x57, 0xCE, 0xD2, 0xD9, 0x13, 0xEB, 0x6B, 0x60,
    0xDE, 0x2E, 0x24, 0x65, 0xE4, 0x10, 0x3D, 0x1C, 0x71, 0x63, 0x01, 0x80, 0xF0, 0x3D, 0x03, 0x77,
    0xF4, 0x00, 0xED, 0x04, 0x32, 0x39, 0x97, 0x32, 0xEA, 0xEA, 0x6C, 0x08, 0x16, 0x07, 0x6F, 0xD7,
    0x89, 0x32, 0x1D, 0x7D, 0x90, 0x24, 0x2C, 0xD3, 0x67, 0x15, 0x66, 0x8D, 0xC4, 0x77, 0x48, 0xEC,
    0x5F, 0xA7, 0x24, 0x0D, 0xE6, 0xC8, 0x43, 0x1B, 0x7F, 0xBE, 0xE6, 0xB2, 0xC0, 0x55, 0x81, 0xE7,
    0x41, 0xDD, 0x7E, 0x26, 0xA7, 0x5F, 0x4D, 0x18, 0xC8, 0xEB, 0xA6, 0x85, 0x97, 0x57, 0x52, 0x8F,
    0xFC, 0x64, 0x2D, 0x38, 0xBC, 0x69, 0x88, 0xD6, 0xFC, 0xBF, 0x67, 0x62, 0xF2, 0x22, 0xA7, 0x55,
    0x7F, 0x96, 0xC9, 0x1F, 0x86, 0xE5, 0xFF, 0x87, 0xBA, 0xE1, 0xDB, 0xCD, 0x81, 0xBA, 0xBC, 0x2F,
    0x8B, 0x0B, 0xD7, 0x60, 0xA9, 0xCA, 0x7F, 0xA9, 0x0C, 0x9E, 0x36, 0x61, 0x1B, 0x85, 0x6B, 0xDD,
    0x52, 0x3F, 0x3A, 0xB4, 0x54, 0xD7, 0xFC, 0x91, 0xB3, 0x0F, 0xC7, 0x99, 0xF7, 0x0E, 0x6A, 0x49,
    0x0A, 0xD7, 0xFB, 0x9F, 0x4D, 0x34, 0x48, 0xE8, 0x81, 0x38, 0x1D, 0x90, 0x6D, 0xDE, 0x6D, 0x7C,
    0x70, 0x9C, 0x96, 0x5D, 0x29, 0x3A, 0x99, 0x75, 0x35, 0xA0, 0x3B, 0xD6, 0x46, 0xE8, 0x5D, 0x47,
    0x84, 0x2D, 0x02, 0xDA, 0x94, 0x84, 0x4A, 0x7C, 0x96, 0x98, 0xA0, 0xDA, 0xED, 0xDA, 0x22, 0x9C,
    0xDE, 0x4D, 0xCE, 0x1D, 0x9C, 0x97, 0x1A, 0x52, 0xAF, 0xA4, 0xE8, 0xCC, 0x02, 0x74, 0xF6, 0x2B,
    0x14, 0xAE, 0x23, 0x13, 0x23, 0x55, 0x3D, 0x88, 0xFA, 0x02, 0x89, 0x3B, 0x0D, 0xC9, 0x6F, 0x52,
    0x52, 0xC8, 0x43, 0xCA, 0x66, 0xBD, 0x31, 0x40, 0xAA, 0xA1, 0x62, 0xD5, 0xA1, 0xEE, 0xF0, 0xD5,
    0x24, 0x03, 0x4A, 0x27, 0x26, 0x0A, 0x8E, 0xD5, 0xCC, 0x76, 0x93, 0xC8, 0x1C, 0xBE, 0x0E, 0x12,
    0xEE, 0x55, 0x63, 0x18, 0x31, 0xA6, 0x74, 0x27, 0xCC, 0xA6, 0x6F, 0xC1, 0x91, 0x24, 0x26, 0xDF,
    0xF0, 0xEA, 0x03, 0xA4, 0x3D, 0xBA, 0x65, 0x61, 0xB2, 0x1B, 0xA6, 0x28, 0x16, 0x7A, 0x50, 0x53,
    0x2E, 0xCC, 0x68, 0xBA, 0xF3, 0x6D, 0x84, 0x80, 0x21, 0xF5, 0x51, 0x42, 0xEA, 0x06, 0xD9, 0x4C,
    0x18, 0xDC, 0x40, 0x07, 0xF1, 0x2C, 0xF6, 0x9F, 0x40, 0x3B, 0x44, 0x34, 0xB1, 0x1E, 0xA1, 0xF1,
    0x73, 0x99, 0xAB, 0x4C, 0x1D, 0xE8, 0xC7, 0x1A, 0x8E, 0xB1, 0x56, 0x4D, 0xCD, 0xD5, 0xD8, 0xA6,
    0xCF, 0x05, 0x27, 0x0A, 0x6E, 0x37, 0xBE, 0x11, 0xF7, 0xD2, 0x17, 0x0A, 0x51, 0x86, 0xD7, 0x11,
    0xEA, 0xE1, 0x6A, 0xA1, 0xB2, 0x18, 0x79, 0x5A, 0x8F, 0x05, 0xDA, 0x9A, 0x5A, 0xE4, 0x7E, 0x52,
    0xC9, 0x3C, 0x88, 0xD0, 0x08, 0x03, 0x09, 0x79, 0x0F, 0x2D, 0xBF, 0x37, 0xE9, 0xD9, 0x69, 0x81,
    0x82, 0xDB, 0x2D, 0x41, 0x3C, 0x82, 0x74, 0x34, 0xA3, 0xED, 0x00, 0xA6, 0x02, 0xC4, 0x04, 0x20,
    0x32, 0x80, 0x58, 0x10, 0x8B, 0x27, 0x53, 0xCA, 0x62, 0x77, 0x0F, 0x73, 0x76, 0x61, 0x06, 0xD3,
    0x3B, 0xA4, 0xA9, 0x72, 0x21, 0xAB, 0x6D, 0xF9, 0x57, 0x92, 0xFF, 0x79, 0x4E, 0x33, 0x4A, 0xA1,
    0x2D, 0xBE, 0xDB, 0x92, 0xFB, 0xDD, 0x65, 0xED, 0x55, 0x4A, 0x7B, 0xA5, 0xE2, 0x42, 0xA2, 0x59,
    0x3F, 0x68, 0x96, 0x28, 0xCB, 0x61, 0xC0, 0xB2, 0x07, 0x39, 0xFE, 0x9D, 0x60, 0xC2, 0xAB, 0x83,
    0x1A, 0xC0, 0xB5, 0xF7, 0x61, 0xC7, 0x86, 0xA8, 0xFB, 0x3F, 0x39, 0x8F, 0x3A, 0xF6, 0x35, 0x1A,
    0xFC, 0xDB, 0x13, 0xBC, 0xED, 0x95, 0x5B, 0x4F, 0x76, 0xBF, 0x03, 0xAC, 0x05, 0x77, 0x6A, 0xF1,
    0xCF, 0x81, 0x28, 0xFB, 0xD2, 0x1C, 0x47, 0xF7, 0x32, 0x4B, 0x44, 0xD3, 0xD0, 0xA3, 0x13, 0xE0,
    0x5F, 0xAE, 0x7E, 0x6D, 0xFC, 0xA7, 0x72, 0xA4, 0x38, 0x6C, 0xB8, 0x3C, 0x6E, 0xB8, 0xF5, 0x63,
    0x32, 0x1B, 0x09, 0xBD, 0xAB, 0xA6, 0xBB, 0xB6, 0x4B, 0x4E, 0x2E, 0xF2, 0xB4, 0xF1, 0x3F, 0xBB,
    0x9F, 0x3D, 0xF1, 0x5B, 0x61, 0x3E, 0xA5, 0x4B, 0xDC, 0x81, 0x78, 0x84, 0x89, 0x31, 0xC0, 0x1F,
    0x20, 0xA7, 0x8E, 0xD1, 0xA2, 0xA4, 0x77, 0xEE, 0x45, 0xE1, 0x07, 0xD3, 0x6D, 0xE0, 0xF1, 0x54,
    0x6F, 0xFB, 0x7A, 0xA0, 0xF4, 0x69, 0xA5, 0x4F, 0xC9, 0xAC, 0x2F, 0xF2, 0x25, 0x91, 0x1B, 0xEF,
    0xB6, 0x46, 0xC1, 0xC0, 0x2F, 0x28, 0xEE, 0xD4, 0x69, 0x48, 0xC5, 0x3A, 0xF0, 0x72, 0x24, 0x17,
    0x17, 0x2D, 0x7C, 0x1C, 0x61, 0xB8, 0xF5, 0x54, 0x26, 0xF7, 0x6E, 0x5C, 0xD0, 0xF2, 0xD3, 0x8D,
    0xD5, 0x48, 0xFE, 0xD9, 0x7F, 0x86, 0xE4, 0x5F, 0xFD, 0xD7, 0x49, 0x56, 0x3E, 0x47, 0x30, 0xB2,
    0x37, 0xB3, 0x60, 0xB6, 0x03, 0x13, 0x15, 0x58, 0x5D, 0xA3, 0xE9, 0x19, 0x60, 0x6F, 0x1F, 0xA2,
    0xBE, 0x04, 0x93, 0x0E, 0x91, 0xA9, 0xFF, 0x3B, 0x54, 0x3D, 0xB4, 0x55, 0xF2, 0x02, 0x78, 0x68,
    0xCB, 0x1E, 0x1D, 0xA7, 0x36, 0xDA, 0x85, 0x11, 0xCC, 0x8A, 0x73, 0xF0, 0xFA, 0x22, 0x32, 0x42,
    0x0F, 0xF3, 0x5E, 0x01, 0xC0, 0x28, 0x67, 0xA8, 0x4D, 0xEE, 0xF7, 0x11, 0x39, 0xD3, 0xF2, 0xC8,
    0xDB, 0x1A, 0xCC, 0x83, 0x1F, 0x65, 0x4E, 0xEC, 0x76, 0xFB, 0x6B, 0xBB, 0x67, 0xAD, 0xCE, 0x5C,
    0x2C, 0x16, 0x81, 0x79, 0xC0, 0x8D, 0x32, 0xB7, 0xC1, 0x70, 0x54, 0x7E, 0x36, 0x48, 0xAE, 0xC4,
    0xAF, 0x98, 0x16, 0xAD, 0xC2, 0xB1, 0x92, 0x82, 0x6C, 0xD6, 0x03, 0x4F, 0x63, 0xEA, 0xA4, 0xE1,
    0x5F, 0x61, 0xE4, 0xA1, 0x02, 0x72, 0x50, 0x43, 0xB0, 0x21, 0x77, 0xDE, 0xA2, 0x2C, 0xFF, 0x0F,
    0x07, 0xB3, 0xD5, 0xCF, 0xEF, 0x7B, 0xDB, 0xB7, 0xA7, 0xBA, 0xC9, 0xED, 0x08, 0x6F, 0xD6, 0xA7,
    0xAB, 0xD8, 0x85, 0x5C, 0xBB, 0xD0, 0xE3, 0xB0, 0x22, 0x5A, 0x50, 0x79, 0x6F, 0x71, 0x6B, 0xB3,
    0xE7, 0x9B, 0xB3, 0x4E, 0xF4, 0x6F, 0xAD, 0x58, 0x4D, 0x88, 0xDC, 0xC8, 0x15, 0xFE, 0x24, 0xCD,
    0x58, 0xCE, 0xCA, 0x33, 0xF2, 0xC1, 0x26, 0x10, 0x7B, 0xA6, 0x7C, 0xF0, 0xC1, 0x2C, 0xED, 0x51,
    0x0E, 0x3E, 0xF4, 0x82, 0x7A, 0x54, 0xD8, 0x87, 0x3D, 0x6C, 0xC0, 0x7D, 0x88, 0x73, 0x59, 0x88,
    0x73, 0x0E, 0x04, 0x0F, 0xA4, 0x21, 0x13, 0xE8, 0x19, 0x69, 0x77, 0x0F, 0x21, 0x37, 0x5F, 0x92,
    0xCB, 0xE6, 0x30, 0xE4, 0xBC, 0x1B, 0x6C, 0x18, 0x82, 0x0F, 0xE3, 0x6E, 0xD9, 0x73, 0x0E, 0xC8,
    0x1B, 0x42, 0x0E, 0xB9, 0xC8, 0xAC, 0x13, 0x02, 0x0B, 0x59, 0xE1, 0xD5, 0x1A, 0xD9, 0x56, 0xB7,
    0xF2, 0xBD, 0x52, 0x8F, 0xC7, 0x1B, 0x1C, 0xF0, 0xFC, 0xB4, 0xA5, 0x1A, 0xB7, 0x5A, 0xEF, 0xD3,
    0xAB, 0xF7, 0xBE, 0xFA, 0xDE, 0x2B, 0x01, 0x76, 0xE9, 0x54, 0x56, 0x01, 0x40, 0x5B, 0xA9, 0x93,
    0x3A, 0x89, 0x97, 0xF8, 0xDA, 0xD7, 0x81, 0x8E, 0x10, 0xE3, 0xE7, 0x80, 0x03, 0xB8, 0x1A, 0xE3,
    0xD2, 0xF9, 0xAA, 0xF6, 0xFF, 0xB2, 0x13, 0xFC, 0xA8, 0x1F, 0x9D, 0xC7, 0x66, 0x07, 0xA3, 0x4B,
    0x18, 0x5D, 0x41, 0xFC, 0xC3, 0x7E, 0xF4, 0x2C, 0xF3, 0x1A, 0x8D, 0x1C, 0xC8, 0x60, 0x3E, 0xEE,
    0x14, 0x88, 0x6E, 0xA6, 0xD8, 0xF1, 0x52, 0xD4, 0x9E, 0x46, 0xCD, 0x6B, 0x3C, 0xE7, 0x27, 0x3F,
    0x86, 0xD7, 0x94, 0xC0, 0x0E, 0xDA, 0xF3, 0x1E, 0x60, 0xD1, 0xCA, 0x99, 0x5E, 0x85, 0x6A, 0x1A,
    0xBC, 0xF7, 0x61, 0x65, 0xCC, 0x2F, 0x20, 0x89, 0x9A, 0xD4, 0xF7, 0x74, 0xC7, 0x49, 0x3B, 0xB6,
    0x1C, 0xCB, 0xAE, 0x5C, 0xB9, 0xD8, 0x4F, 0xFC, 0x69, 0x94, 0xB9, 0xA5, 0xD2, 0x4E, 0xB1, 0x40,
    0xAF, 0x3B, 0xB0, 0xCA, 0x35, 0xA0, 0xE2, 0x63, 0xA7, 0x29, 0x30, 0xD6, 0x84, 0x21, 0xC4, 0x04,
    0x78, 0x77, 0xBA, 0x65, 0x4E, 0x8B, 0x5F, 0x1D, 0x3E, 0x3A, 0xA2, 0x7F, 0x59, 0xDE, 0x7E, 0xFA,
    0x32, 0xD1, 0xD9, 0xFF, 0x73, 0x9C, 0xCB, 0xF1, 0xBC, 0xB6, 0xF3, 0xD0, 0xC9, 0xBA, 0x4E, 0x0E,
    0xBB, 0x82, 0xDB, 0x24, 0x8B, 0xAA, 0x58, 0xB6, 0x4B, 0x5F, 0xDF, 0xF3, 0xCB, 0x81, 0x3D, 0xCD,
    0x11, 0xA7, 0xF0, 0xD2, 0x8B, 0x4E, 0xBA, 0xEE, 0xA4, 0x43, 0x4F, 0x07, 0x13, 0x58, 0x7D, 0x84,
    0xCB, 0xC3, 0x20, 0x5C, 0x69, 0xE7, 0x8B, 0xF8, 0x39, 0x9C, 0x27, 0xE7, 0x92, 0x45, 0xE2, 0x86,
    0x41, 0x75, 0x65, 0x6D, 0xBB, 0xD3, 0xB9, 0x93, 0xE3, 0xD4, 0xE3, 0x1C, 0x0B, 0x8F, 0x33, 0x9E,
    0xFC, 0x2B, 0xDF, 0xD7, 0xCA, 0x93, 0x9D, 0x6E, 0x74, 0xAF, 0xBB, 0x6C, 0xE9, 0xC2, 0xCD, 0x18,
    0x9C, 0xF1, 0xC4, 0x98, 0xDB, 0x2F, 0xE0, 0xFB, 0xE8, 0x29, 0x10, 0x70, 0xB8, 0x8A, 0x8D, 0xCF,
    0x11, 0x28, 0x2D, 0x3F, 0xDC, 0xDE, 0x72, 0x76, 0x53, 0xE5, 0xEB, 0xCD, 0x55, 0xEC, 0xEC, 0x60,
    0xD8, 0xC3, 0xCA, 0xB2, 0xDC, 0x79, 0xC2, 0x96, 0x1F, 0xC7, 0x4D, 0x76, 0xF6, 0x46, 0x66, 0x82,
    0xDE, 0x1E, 0x88, 0x8B, 0x71, 0x71, 0xA3, 0xFF, 0x5D, 0x8F, 0x90, 0x87, 0x4D, 0x79, 0x65, 0x2D,
    0xA4, 0x47, 0xE1, 0xD2, 0xA9, 0x3C, 0xEC, 0x2C, 0xE4, 0xAB, 0xE5, 0x42, 0xDE, 0xCB, 0x17, 0xEE,
    0x84, 0x83, 0x53, 0x6B, 0x61, 0xD8, 0xE9, 0x8E, 0xD4, 0xFA, 0x32, 0xF0, 0x1D, 0x8F, 0xF8, 0x69,
    0x9A, 0xC2, 0xFC, 0x55, 0x79, 0x6F, 0x7D, 0xAD, 0xB3, 0xD6, 0xE9, 0xAD, 0x2B, 0xB9, 0x90, 0xEF,
    0x1F, 0xE2, 0xC0, 0x3F, 0xF5, 0xFE, 0x15, 0xE0, 0xC6, 0x0D, 0xCD, 0x8B, 0xC2, 0x80, 0x09, 0x7C,
    0x85, 0x77, 0x14, 0x70, 0x19, 0xD8, 0x86, 0x9D, 0x62, 0x79, 0x1E, 0x9B, 0x9F, 0x61, 0x5C, 0xCF,
    0xF8, 0xC1, 0x59, 0xCC, 0xFB, 0xC0, 0x06, 0x1C, 0xF2, 0xA1, 0x87, 0x0B, 0x2B, 0xD8, 0xEE, 0x21,
    0x2A, 0xCD, 0xAF, 0xB9, 0x9F, 0xF4, 0x70, 0xBA, 0xF5, 0x62, 0xE2, 0x16, 0xA8, 0xDD, 0xDC, 0xAA,
    0xBD, 0xCC, 0xAE, 0xFC, 0xCC, 0x29, 0xFD, 0xD4, 0x29, 0x14, 0xCF, 0x20, 0x71, 0x8B, 0x48, 0x7B,
    0x45, 0xAC, 0xFD, 0x17, 0x5F, 0x3F, 0x59, 0x68, 0x54, 0x7E, 0x9E, 0xB7, 0x77, 0x20, 0x68, 0xCC,
    0x77, 0x02, 0x48, 0x72, 0xBC, 0x66, 0x1A, 0x3D, 0x2F, 0xC7, 0x55, 0xD1, 0x1E, 0x71, 0x55, 0x44,
    0x55, 0xA1, 0xAA, 0x02, 0xDD, 0xFF, 0x7B, 0x38, 0xD5, 0xD4, 0xEA, 0x9F, 0x01, 0x02, 0x44, 0xFC,
    0x37, 0x07, 0xE1, 0xBF, 0x9B, 0x59, 0xC5, 0xF7, 0xF3, 0x58, 0x72, 0x72, 0xCF, 0x2B, 0x4F, 0x16,
    0x28, 0xAC, 0xDC, 0xCE, 0xED, 0xCC, 0x49, 0xA3, 0xCA, 0x9E, 0x40, 0xDD, 0x44, 0xCF, 0xD7, 0x43,
    0x1F, 0x43, 0x85, 0x61, 0xC8, 0x88, 0x89, 0xE7, 0xEF, 0xB8, 0x70, 0x3F, 0x49, 0x9C, 0xDD, 0xCC,
    0x79, 0x5A, 0xD8, 0x4F, 0x0B, 0xF7, 0xAF, 0xB9, 0x7F, 0x5D, 0x87, 0x97, 0x71, 0xE1, 0xC2, 0x2C,
    0xC0, 0x25, 0xBA, 0xF0, 0x0A, 0xDC, 0xC1, 0xC9, 0xC2, 0xCA, 0x60, 0x15, 0x4E, 0x0A, 0x3B, 0xF7,
    0xC8, 0x86, 0x6C, 0x89, 0xCF, 0x4C, 0xBB, 0x0A, 0x6E, 0x5A, 0x70, 0x09, 0x3E, 0x4B, 0xFF, 0xC3,
    0xEF, 0x9F, 0xFC, 0x02, 0xF0, 0x17, 0x42, 0x4E, 0x71, 0x75, 0xA4, 0x31, 0x78, 0x77, 0x24, 0x21,
    0xBF, 0xC7, 0xFB, 0x9C, 0xE9, 0x2B, 0xBC, 0x81, 0xE0, 0x15, 0xC4, 0x63, 0xBC, 0xAD, 0x82, 0x6B,
    0xD6, 0xCE, 0x17, 0x05, 0x2F, 0x14, 0xBC, 0x3F, 0x37, 0x70, 0x1F, 0x7C, 0x75, 0x5D, 0xC7, 0x2F,
    0x77, 0x7D, 0x0D, 0x0F, 0xFC, 0x65, 0x89, 0x1E, 0xA0, 0xCB, 0x87, 0xA3, 0xF0, 0x1C, 0xDE, 0xB7,
    0xFA, 0x27, 0x38, 0x49, 0x34, 0x63, 0x80, 0x37, 0x61, 0x34, 0x99, 0xC4, 0x01, 0xE6, 0x57, 0x24,
    0xBB, 0x43, 0xFA, 0xE7, 0x96, 0x04, 0x45, 0x48, 0xD3, 0x9F, 0xF5, 0x42, 0x85, 0x62, 0x78, 0x87,
    0xFE, 0x3D, 0xCE, 0xF6, 0xFC, 0xF3, 0xC4, 0xBF, 0x25, 0xF1, 0xAF, 0x2B, 0xFE, 0x15, 0xF4, 0xCF,
    0xDE, 0xF3, 0x4F, 0x25, 0x08, 0x52, 0xB4, 0xB4, 0x9E, 0x93, 0x47, 0x33, 0x4F, 0x4E, 0x05, 0x95,
    0x52, 0x63, 0x30, 0xB1, 0x98, 0xE8, 0x74, 0xE2, 0x65, 0xF1, 0xAD, 0xF4, 0xDC, 0x73, 0xC9, 0x9F,
    0x31, 0x91, 0x9B, 0xF9, 0x54, 0x59, 0xAF, 0xE2, 0x90, 0x10, 0xCB, 0x97, 0xD8, 0x46, 0x32, 0xFC,
    0x4A, 0xD8, 0xF8, 0x25, 0x07, 0x7B, 0x97, 0x83, 0x73, 0x8D, 0xDC, 0xF1, 0x84, 0x4C, 0xCB, 0x5C,
    0xC3, 0x5C, 0xEF, 0x1C, 0x06, 0x16, 0xD9, 0x46, 0xEA, 0x08, 0xFD, 0x6A, 0xC9, 0xE1, 0x94, 0x0C,
    0xF3, 0x9B, 0x64, 0x0F, 0x5F, 0xB8, 0x68, 0x0B, 0x94, 0x85, 0xE3, 0x85, 0x97, 0xFB, 0xE0, 0x8B,
    0xC2, 0x31, 0xDF, 0x40, 0x7F, 0xEE, 0x78, 0xE1, 0xD5, 0x55, 0x86, 0x23, 0x7A, 0x49, 0x80, 0xBB,
    0x26, 0x57, 0xA7, 0x8F, 0x17, 0x3E, 0xA4, 0x18, 0x60, 0x23, 0x10, 0xEF, 0xF7, 0xF4, 0xED, 0x38,
    0xE1, 0xDD, 0xDB, 0xB4, 0x5D, 0xA2, 0x6C, 0xE3, 0xD2, 0x15, 0x49, 0x72, 0x71, 0x7C, 0x71, 0x31,
    0x92, 0xE5, 0x35, 0x3F, 0xE1, 0xB8, 0x30, 0x12, 0xCE, 0x76, 0x26, 0x32, 0xAE, 0x19, 0xD1, 0x79,
    0x24, 0xA3, 0xF3, 0x31, 0x6B, 0x10, 0x11, 0x1B, 0x7E, 0x39, 0x6F, 0xD2, 0x14, 0x19, 0x99, 0xCB,
    0x3D, 0x79, 0x64, 0xEA, 0xE5, 0x8E, 0x76, 0xB5, 0x9F, 0xB9, 0x5A, 0x69, 0xF5, 0xB7, 0x9B, 0x68,
    0xB2, 0x86, 0x75, 0xA9, 0x8D, 0x00, 0x9F, 0x30, 0x52, 0x14, 0x20, 0x2F, 0xF7, 0x32, 0x37, 0x25,
    0x6F, 0x8D, 0xC8, 0x08, 0x91, 0x62, 0x11, 0xE3, 0xD7, 0xCE, 0xD8, 0x08, 0xD0, 0xF7, 0xA0, 0x5E,
    0xEC, 0xC0, 0x6E, 0xE8, 0x80, 0xCC, 0x73, 0x43, 0xE6, 0x4A, 0xAA, 0x6D, 0x32, 0x02, 0xA5, 0x51,
    0x39, 0x7E, 0x91, 0x47, 0x0F, 0xCD, 0x82, 0xB0, 0x1A, 0xBA, 0x14, 0xFF, 0xAE, 0x42, 0xA4, 0xBB,
    0x04, 0xBD, 0x62, 0x40, 0xB8, 0x86, 0x30, 0xBD, 0x21, 0x52, 0x6C, 0xC8, 0x2A, 0x13, 0x97, 0x30,
    0xD0, 0x6F, 0xFA, 0x41, 0x6F, 0xBF, 0xFD, 0x30, 0x8D, 0x1B, 0x13, 0x53, 0x02, 0xF9, 0x69, 0x2B,
    0x7D, 0xA7, 0x8F, 0x88, 0x15, 0xF0, 0x1C, 0x53, 0x8A, 0x1E, 0xE5, 0x5C, 0x17, 0xA7, 0x8F, 0x84,
    0xE5, 0x3C, 0xC8, 0xE1, 0x3E, 0x2C, 0xE0, 0x3C, 0x34, 0x8A, 0x78, 0x24, 0xAC, 0xFB, 0x26, 0xD6,
    0x6C, 0x26, 0x2C, 0xE2, 0x54, 0x88, 0x33, 0xA2, 0xC8, 0x95, 0xD8, 0x40, 0x8C, 0x4C, 0xD5, 0xAF,
    0xC5, 0x9C, 0xD6, 0x34, 0x76, 0x0A, 0x78, 0x25, 0x62, 0x49, 0xDE, 0x7D, 0x76, 0x0A, 0x94, 0x52,
    0xCC, 0x1F, 0xD0, 0xD0, 0xCB, 0x11, 0x50, 0xC2, 0x42, 0xE8, 0xB9, 0x83, 0x19, 0x6E, 0x87, 0xA8,
    0x36, 0x50, 0x86, 0x66, 0xCA, 0x07, 0x30, 0x64, 0x7C, 0xB8, 0x36, 0xE2, 0x4F, 0x85, 0xE9, 0x5A,
    0x5A, 0xA8, 0xD6, 0x88, 0x34, 0x1B, 0x71, 0xB0, 0x9A, 0x7E, 0x94, 0x78, 0x0D, 0x8B, 0x1E, 0x8D,
    0x23, 0x4D, 0xF3, 0xB1, 0x00, 0x4C, 0x09, 0x61, 0xD7, 0x1C, 0xC8, 0x60, 0xEF, 0x5B, 0x26, 0x2E,
    0x6E, 0x44, 0x40, 0xB1, 0x22, 0x3D, 0xC2, 0x98, 0xCA, 0x8C, 0x2F, 0x6A, 0xCC, 0x68, 0xA1, 0x7D,
    0xC6, 0x3F, 0x75, 0xE9, 0x4F, 0xE6, 0x24, 0x88, 0x0A, 0x47, 0xE3, 0x97, 0xA2, 0xE8, 0x77, 0x6B,
    0x96, 0x9D, 0x62, 0xC2, 0x21, 0x8F, 0xA9, 0xED, 0x59, 0xB4, 0x00, 0x2B, 0x0D, 0xFE, 0xC0, 0x05,
    0x41, 0x03, 0xB6, 0x83, 0x32, 0x50, 0xAB, 0xBD, 0x84, 0x81, 0x8C, 0xA5, 0xC2, 0x18, 0xB2, 0x11,
    0xA7, 0x65, 0x30, 0xF5, 0xE7, 0x1C, 0xDD, 0x1D, 0xDD, 0xCC, 0x9C, 0xC2, 0x29, 0xA4, 0x50, 0xAB,
    0xD4, 0xAA, 0xE9, 0x71, 0x1D, 0xC1, 0xAE, 0x63, 0x7A, 0x39, 0xA6, 0x7F, 0x23, 0x4E, 0x74, 0xC4,
    0xA0, 0xC6, 0x34, 0x8E, 0x74, 0xA4, 0xD5, 0xA3, 0x49, 0xBB, 0x3A, 0xCC, 0xC7, 0x27, 0x58, 0x40,
    0x59, 0x5B, 0x17, 0xBD, 0x3C, 0x06, 0x3C, 0xDA, 0xDB, 0x92, 0xC3, 0xF7, 0x13, 0x2E, 0x2E, 0x7D,
    0x64, 0x3C, 0x37, 0x4B, 0xE0, 0xB3, 0xC7, 0xBC, 0x24, 0x3D, 0xC0, 0xDC, 0xD1, 0xFD, 0xF3, 0xAE,
    0x11, 0xEF, 0x37, 0x29, 0xFC, 0x6B, 0xA6, 0xBC, 0x1D, 0x15, 0x8F, 0x19, 0x08, 0xDD, 0x44, 0xB1,
    0x63, 0x20, 0xA9, 0x0A, 0x19, 0xF9, 0x7F, 0x5E, 0x39, 0x6D, 0x2A, 0xDB, 0x45, 0xC2, 0xE7, 0x2D,
    0xBC, 0x4B, 0x78, 0x9F, 0xF0, 0xEF, 0x11, 0xFE, 0x6E, 0x1D, 0x59, 0x0F, 0xEB, 0xD8, 0xB9, 0x5A,
    0x8D, 0x17, 0x09, 0xDF, 0x21, 0xFC, 0x1A, 0xE1, 0x33, 0xC2, 0x27, 0x2D, 0xFC, 0x32, 0xE1, 0x2F,
    0x62, 0x56, 0x2E, 0xFD, 0x64, 0x56, 0x8C, 0xB9, 0x15, 0x98, 0xF8, 0xB5, 0x7A, 0xE2, 0x3E, 0xF1,
    0x53, 0x9B, 0x42, 0xE8, 0x24, 0x41, 0xE2, 0xD0, 0x21, 0x97, 0xAC, 0xF4, 0x78, 0xAB, 0x4F, 0xCE,
    0x2E, 0x92, 0xB2, 0x0B, 0xE4, 0xF9, 0x79, 0x9E, 0x21, 0xCF, 0x01, 0xE2, 0xDF, 0xE7, 0x14, 0x68,
    0x3D, 0x4B, 0x8F, 0x88, 0xCC, 0xA6, 0xE9, 0x59, 0x60, 0x1D, 0x03, 0x9E, 0xA8, 0x86, 0x6C, 0x3A,
    0x14, 0x29, 0x7C, 0xC6, 0x3A, 0x3A, 0xDE, 0x12, 0x71, 0x56, 0xD9, 0x7E, 0x5C, 0xF6, 0xCD, 0xD7,
    0xA3, 0xCF, 0x57, 0xCA, 0xC5, 0x6A, 0x3B, 0x5F, 0xC6, 0x2F, 0x9A, 0xFA, 0x13, 0x55, 0x9E, 0xE0,
    0x92, 0xB5, 0x53, 0x97, 0x7D, 0x9A, 0x53, 0x2E, 0x32, 0xC9, 0xDC, 0xCD, 0xD4, 0x03, 0x2A, 0x03,
    0x53, 0xDA, 0xA4, 0xFB, 0x55, 0x45, 0xDA, 0x27, 0x0A, 0x06, 0xDB, 0x4C, 0x04, 0xBC, 0x2E, 0x8A,
    0x22, 0x92, 0xD2, 0x56, 0x1F, 0x3E, 0x20, 0x66, 0xBB, 0x39, 0x62, 0x01, 0x98, 0x52, 0x4A, 0x26,
    0x8E, 0x74, 0xCB, 0x05, 0xBB, 0xE5, 0xDC, 0xAE, 0x6F, 0xA5, 0x0E, 0xA5, 0x40, 0x8A, 0x1C, 0xE5,
    0xA5, 0x95, 0xC2, 0x19, 0xF9, 0x04, 0x32, 0x96, 0x25, 0xCC, 0xCE, 0x9A, 0x5B, 0x24, 0xEE, 0x7B,
    0xA4, 0xAC, 0x51, 0xED, 0xD8, 0xBB, 0xBB, 0xDF, 0x70, 0x49, 0xBB, 0x52, 0x81, 0xBD, 0x2F, 0x69,
    0xE6, 0x7F, 0x31, 0x95, 0xD5, 0x4E, 0x5D, 0x51, 0xA9, 0xCA, 0xA0, 0x7E, 0xCB, 0x4E, 0x20, 0xF8,
    0x29, 0x87, 0x48, 0x5D, 0x4F, 0x11, 0x09, 0x94, 0x38, 0x2A, 0xF2, 0xDC, 0x36, 0x54, 0x52, 0x8A,
    0x8C, 0x6F, 0x6D, 0x82, 0xA5, 0x8D, 0x70, 0x93, 0xB6, 0x83, 0x9B, 0xD7, 0xB2, 0x69, 0xE1, 0x6C,
    0x23, 0xF6, 0x13, 0x8C, 0x5B, 0xBA, 0xC9, 0x25, 0x4F, 0x69, 0xE3, 0xF4, 0x22, 0xD1, 0x34, 0xCA,
    0x58, 0x44, 0xEA, 0x06, 0x9F, 0x4F, 0x12, 0xBF, 0xD8, 0x0B, 0x9D, 0xA0, 0x4B, 0x3D, 0xC8, 0xDA,
    0x36, 0xED, 0x30, 0x18, 0xE2, 0x92, 0xE2, 0x5C, 0xD6, 0xC3, 0xB6, 0x17, 0x3B, 0x0C, 0x86, 0xBA,
    0xCA, 0x59, 0x7D, 0x0D, 0xFC, 0x71, 0xD2, 0x2E, 0xB7, 0xC3, 0x60, 0x0C, 0xB8, 0x3B, 0x61, 0x61,
    0x90, 0xFA, 0x60, 0x3E, 0x87, 0xC1, 0x38, 0x41, 0x76, 0x2C, 0x92, 0x25, 0xE7, 0x2F, 0xF1, 0xEF,
    0x36, 0x69, 0x71, 0xFB, 0x70, 0x38, 0xF3, 0xFA, 0x2C, 0x8D, 0x9E, 0x35, 0x39, 0xAD, 0x76, 0x29,
    0x0A, 0xC1, 0xB5, 0x82, 0xEB, 0x9E, 0xDB, 0x2A, 0x3D, 0x52, 0x69, 0x84, 0x66, 0x2A, 0xE6, 0xDA,
    0xD8, 0x22, 0x3A, 0x31, 0x41, 0x12, 0x7C, 0x16, 0x7F, 0x4A, 0x73, 0xB5, 0xB7, 0xDB, 0x98, 0x37,
    0x6F, 0x04, 0xF2, 0xDA, 0x4B, 0x77, 0x54, 0xD2, 0x0F, 0x4C, 0x81, 0x9B, 0x1D, 0xBA, 0xAF, 0xFE,
    0x95, 0xB9, 0xED, 0x1B, 0x01, 0xA6, 0x2E, 0xC4, 0xFC, 0x8E, 0xE9, 0xF0, 0x36, 0x0D, 0x1D, 0x84,
    0x0D, 0x5A, 0x56, 0x7D, 0x5C, 0xDA, 0x05, 0xCD, 0x6B, 0xF5, 0x51, 0x15, 0xBC, 0x5F, 0x90, 0xCA,
    0x51, 0xBF, 0x35, 0xBF, 0x30, 0x33, 0x7F, 0x43, 0xFA, 0x69, 0x46, 0x3B, 0x6A, 0x5C, 0xCD, 0x1D,
    0x39, 0x55, 0xEE, 0xA3, 0x0A, 0xB4, 0x35, 0xEB, 0x80, 0xD6, 0x46, 0xA7, 0x68, 0x0F, 0x02, 0x60,
    0x0F, 0xC1, 0xD4, 0xF1, 0xB2, 0xAD, 0xE3, 0x6F, 0xFB, 0xD8, 0x3B, 0x5D, 0x94, 0x3B, 0x28, 0xD6,
    0xD1, 0x3E, 0xF2, 0x2D, 0x4C, 0x18, 0x72, 0xD6, 0x47, 0x61, 0xF9, 0x98, 0x12, 0xA1, 0xD2, 0x80,
    0x12, 0x2A, 0xAF, 0x4F, 0x36, 0x29, 0x0C, 0xE3, 0xAD, 0x28, 0x6B, 0xA7, 0x52, 0xC9, 0x44, 0xAC,
    0x56, 0x53, 0x64, 0x45, 0xC9, 0x41, 0x29, 0x7C, 0xD5, 0x1E, 0x6C, 0x9A, 0xF6, 0x60, 0xBC, 0x05,
    0x63, 0x20, 0xE5, 0x9D, 0xB5, 0x77, 0x65, 0x11, 0xAD, 0x8E, 0xB3, 0x1B, 0x71, 0xCD, 0xC1, 0x19,
    0xB1, 0x5E, 0xFA, 0x2D, 0x42, 0x22, 0x08, 0xC1, 0xBF, 0xE1, 0x9B, 0xCD, 0x33, 0x15, 0x6B, 0x55,
    0x71, 0x37, 0xBA, 0xA7, 0xB3, 0x6F, 0x61, 0x82, 0xC1, 0x1C, 0x6E, 0x99, 0x0C, 0xFD, 0xBA, 0x84,
    0xDE, 0xC1, 0x0F, 0xEE, 0xDB, 0xCD, 0xD4, 0xCB, 0xC7, 0x7E, 0x1A, 0xF3, 0x15, 0x10, 0x27, 0x11,
    0x61, 0x44, 0x1E, 0x45, 0x56, 0xA5, 0xFE, 0x9E, 0xCF, 0x02, 0xF4, 0xBF, 0xCB, 0x01, 0x67, 0x10,
    0x3C, 0xE5, 0x06, 0xF3, 0xC5, 0x58, 0xBB, 0x95, 0x6C, 0xCB, 0x49, 0xC3, 0xBC, 0xA5, 0xA2, 0x4A,
    0x47, 0x7C, 0xE2, 0x84, 0x94, 0x24, 0x0D, 0x31, 0xBD, 0x4D, 0x40, 0xA3, 0x0E, 0x6F, 0x96, 0x07,
    0x46, 0xA8, 0xB8, 0x4F, 0x57, 0x23, 0x08, 0x0D, 0x25, 0x86, 0x12, 0xC5, 0x48, 0x3A, 0x20, 0x43,
    0x65, 0xEE, 0x18, 0xFF, 0x91, 0xEF, 0xE7, 0x56, 0x42, 0x27, 0xB2, 0x23, 0xDB, 0xB8, 0x57, 0xF2,
    0x70, 0x40, 0x0C, 0x23, 0x0F, 0xE4, 0xD8, 0xB0, 0xF3, 0x9A, 0x3C, 0x1C, 0x10, 0xE3, 0x8D, 0xF2,
    0x70, 0x40, 0x8C, 0x2E, 0xF7, 0xC4, 0x3B, 0x2C, 0x12, 0xEB, 0xBD, 0xD7, 0xE4, 0xE1, 0x80, 0x18,
    0xB7, 0x4D, 0x47, 0xB6, 0xD7, 0x04, 0x99, 0x37, 0x44, 0xE6, 0x97, 0x2D, 0x73, 0x7D, 0x6B, 0x06,
    0xFC, 0x01, 0xE4, 0x45, 0x4C, 0x0B, 0xDC, 0x40, 0xED, 0x36, 0x88, 0x3E, 0x20, 0x68, 0x87, 0xE7,
    0x80, 0xC0, 0x19, 0x81, 0x3F, 0x6E, 0x81, 0x03, 0x02, 0x0F, 0xF6, 0xEA, 0x46, 0xBD, 0xBF, 0x8D,
    0x99, 0x91, 0x98, 0x2C, 0x8E, 0xDB, 0x04, 0xA7, 0x4C, 0x70, 0x22, 0x7D, 0x29, 0x4F, 0x56, 0xE3,
    0x98, 0xED, 0xE2, 0x26, 0xF7, 0x39, 0x23, 0xBF, 0xC0, 0xF8, 0x9B, 0x17, 0x3A, 0x7A, 0xB0, 0xA7,
    0x1B, 0x52, 0xCA, 0xCA, 0x36, 0xE9, 0xF3, 0x87, 0xC4, 0x10, 0x2D, 0x59, 0xE5, 0x74, 0xB6, 0xB9,
    0x3E, 0xF5, 0xDC, 0xE1, 0x30, 0x8C, 0x16, 0xF7, 0xF6, 0xB5, 0xF8, 0x50, 0x73, 0x91, 0x8D, 0x8A,
    0x74, 0xC1, 0xCA, 0x2C, 0x00, 0x93, 0xF9, 0x46, 0xDF, 0xA7, 0xB1, 0xB0, 0xFE, 0x32, 0x83, 0xDB,
    0xE1, 0xBA, 0xEB, 0x92, 0x60, 0x6B, 0x0C, 0x36, 0x8B, 0xEC, 0x53, 0x6E, 0xAB, 0x5E, 0x52, 0xFB,
    0xA6, 0xB3, 0x60, 0xCA, 0x9E, 0x93, 0xE6, 0xD4, 0x8D, 0xB3, 0xAC, 0x9F, 0xB1, 0xBC, 0x0A, 0x65,
    0x95, 0x36, 0x3F, 0x8F, 0xDA, 0x50, 0xA1, 0x3E, 0x03, 0x6B, 0xD2, 0xD0, 0xEC, 0x56, 0x6A, 0xD7,
    0x7C, 0xF7, 0x55, 0xC9, 0xFB, 0x2F, 0x9F, 0x5D, 0x83, 0xE2, 0x66, 0x35, 0x48, 0x7C, 0xA3, 0xF7,
    0x1B, 0xF0, 0x1F, 0x31, 0x5F, 0xAC, 0xDE, 0xD2, 0x42, 0x47, 0x78, 0x6D, 0x5B, 0x2A, 0xD5, 0xD8,
    0xCE, 0xB8, 0x05, 0x7B, 0xCC, 0x8D, 0x46, 0x56, 0xCC, 0x1C, 0x3F, 0xB2, 0x9F, 0xFF, 0x05, 0xAD,
    0x5A, 0x3D, 0x6C, 0xDD, 0xD6, 0x15, 0x3E, 0x24, 0x25, 0xB1, 0xF5, 0xAD, 0x4D, 0x15, 0xB0, 0xD0,
    0x02, 0xB6, 0x45, 0x0F, 0x19, 0x8C, 0x40, 0x36, 0x3B, 0x18, 0x85, 0x5A, 0xC8, 0xBA, 0xB4, 0x33,
    0x78, 0xF0, 0x90, 0x37, 0x58, 0xF0, 0xE0, 0xC1, 0x01, 0xDA, 0xA1, 0x4B, 0x61, 0x15, 0x35, 0x50,
    0x17, 0xB0, 0x45, 0xBA, 0x19, 0xBB, 0x68, 0x71, 0x3B, 0x24, 0x40, 0x85, 0x4E, 0x45, 0x80, 0xA0,
    0x6E, 0xE1, 0xC1, 0x01, 0xA4, 0x47, 0x06, 0x2E, 0x90, 0x21, 0x43, 0xA9, 0xA4, 0x45, 0x06, 0xA3,
    0x30, 0xDB, 0x28, 0xAD, 0x9B, 0x20, 0x0D, 0x1D, 0xD3, 0x0D, 0x2D, 0xF3, 0x91, 0xFD, 0xCE, 0xBD,
    0x7C, 0xFA, 0xB3, 0xEC, 0x3E, 0x89, 0x7A, 0x16, 0xF9, 0xF4, 0x9E, 0xC8, 0x73, 0xBE, 0x7B, 0xEE,
    0xF9, 0xF9, 0xCE, 0xA1, 0x89, 0x86, 0xCF, 0x13, 0x91, 0xEC, 0xE1, 0x34, 0xC6, 0xBF, 0x89, 0x04,
    0x27, 0x27, 0xE5, 0xEF, 0xF8, 0xF4, 0xB3, 0x0C, 0xA7, 0x8F, 0x71, 0x32, 0xEF, 0xE2, 0x64, 0xBD,
    0x92, 0xE3, 0x0A, 0x0B, 0xA7, 0x71, 0xB3, 0xC0, 0x15, 0x35, 0x4E, 0x57, 0x8C, 0x92, 0x28, 0xC5,
    0xC9, 0x8C, 0xA9, 0x24, 0x3B, 0x31, 0x2A, 0x92, 0xB9, 0x53, 0x87, 0x4A, 0x9C, 0x2C, 0xB5, 0xD8,
    0x61, 0x9F, 0x28, 0xAA, 0x7D, 0x2B, 0x97, 0x50, 0x20, 0xC9, 0x89, 0xE7, 0xC8, 0xF3, 0xBB, 0x24,
    0xA9, 0x87, 0xA3, 0x24, 0x69, 0xE2, 0xB0, 0x4B, 0xF2, 0xDE, 0xEE, 0x85, 0x4E, 0x56, 0xE3, 0x62,
    0x7E, 0x1D, 0xDB, 0x87, 0xD3, 0x89, 0x6B, 0x8C, 0x07, 0x1A, 0xC9, 0xF0, 0xF7, 0x14, 0xDE, 0xC9,
    0xFD, 0x44, 0xD3, 0x8B, 0x44, 0x6E, 0xA6, 0x45, 0xEF, 0x0A, 0xE2, 0xDE, 0xC1, 0x21, 0x83, 0x05,
    0xD8, 0x21, 0xCB, 0x63, 0xE1, 0xCE, 0x0A, 0x4E, 0x7C, 0xEF, 0x8E, 0x71, 0xDD, 0xC6, 0x7D, 0x31,
    0x44, 0xF1, 0xF1, 0x00, 0x50, 0x4A, 0x96, 0x0B, 0x38, 0x0E, 0x64, 0x9F, 0xC2, 0xEF, 0xAF, 0x01,
    0x14, 0x14, 0x76, 0xDD, 0xC4, 0xCA, 0x45, 0x2A, 0x12, 0x3B, 0x76, 0x71, 0xA9, 0xC4, 0x5F, 0x25,
    0xFE, 0x1A, 0xE0, 0x88, 0x36, 0x1C, 0xFC, 0x59, 0x86, 0x5F, 0x27, 0x77, 0x75, 0x91, 0xCC, 0x3A,
    0xD5, 0xCB, 0x56, 0x57, 0x42, 0xAE, 0x89, 0xCF, 0x06, 0x35, 0x18, 0x73, 0xB2, 0xD2, 0x92, 0x44,
    0xBC, 0x48, 0x6E, 0xD8, 0x01, 0x46, 0x7D, 0xD5, 0xDA, 0xE1, 0x77, 0xC8, 0xFD, 0x67, 0x42, 0x76,
    0xDF, 0x74, 0x54, 0xE1, 0xFE, 0x1A, 0x58, 0xCE, 0x86, 0x34, 0x44, 0x7E, 0x6B, 0x4C, 0x58, 0xA2,
    0x5B, 0xD0, 0xB5, 0x09, 0xEA, 0x0C, 0x31, 0x9E, 0x28, 0x07, 0x1A, 0x80, 0x01, 0x16, 0x40, 0x91,
    0xD4, 0xFF, 0xF1, 0x3B, 0x40, 0xB1, 0x0E, 0x82, 0xE8, 0xBA, 0x86, 0x42, 0x8B, 0xCD, 0x8E, 0xB6,
    0x35, 0x0D, 0xAC, 0x9F, 0x92, 0xC8, 0xB0, 0xB7, 0xA4, 0x2D, 0x33, 0x08, 0x12, 0xFB, 0x74, 0x4A,
    0xD6, 0xBD, 0x90, 0x0C, 0x46, 0xF2, 0xC3, 0xF6, 0x28, 0xAE, 0x8C, 0xD3, 0xA9, 0x3B, 0xE4, 0xA6,
    0xAC, 0x7F, 0x40, 0x08, 0x66, 0x0C, 0xC7, 0xA1, 0xAF, 0x18, 0x75, 0xC4, 0x5F, 0x8C, 0x61, 0x6B,
    0xEB, 0x7A, 0x1E, 0x0A, 0xDE, 0x60, 0xE7, 0xF5, 0x2B, 0xBE, 0x45, 0xB2, 0x3E, 0x20, 0xE9, 0xF2,
    0xA9, 0xE2, 0x13, 0xBC, 0xD0, 0x67, 0x37, 0xF4, 0xE1, 0xD3, 0x11, 0xC1, 0xCF, 0x2B, 0x78, 0x2D,
    0x7C, 0x0E, 0xD0, 0x33, 0x12, 0x8F, 0xA3, 0x98, 0x82, 0xFA, 0x09, 0xCB, 0x0F, 0x3E, 0x00, 0x36,
    0xF7, 0x2E, 0x56, 0xE2, 0xBC, 0x8F, 0x8F, 0xEE, 0x9F, 0x60, 0x1C, 0x2F, 0x54, 0xBE, 0x4D, 0xEC,
    0xDC, 0xCA, 0xBB, 0x95, 0x7B, 0x2B, 0xFF, 0x56, 0x0E, 0xAE, 0x3C, 0x5C, 0xB9, 0xB8, 0xF2, 0x71,
    0x92, 0x6F, 0x57, 0x21, 0xAD, 0x47, 0xDF, 0x8B, 0xF1, 0x19, 0x75, 0x47, 0x86, 0xA2, 0xCE, 0x06,
    0xC5, 0x87, 0x95, 0xB3, 0x9D, 0x71, 0x08, 0x8E, 0x54, 0x60, 0x7B, 0x39, 0xF2, 0x8D, 0xAA, 0x26,
    0x3B, 0x0D, 0x74, 0xD8, 0x85, 0xCF, 0x86, 0x1D, 0x23, 0x5A, 0x07, 0x34, 0x83, 0xA5, 0xD4, 0x31,
    0x19, 0x33, 0x3E, 0xA0, 0x95, 0x14, 0xDC, 0x2C, 0xA0, 0x78, 0x12, 0x37, 0x9C, 0x54, 0xDB, 0xD4,
    0x65, 0x57, 0x9B, 0x21, 0xAA, 0x6B, 0x15, 0x3D, 0x9C, 0x0A, 0x38, 0x31, 0x20, 0xCA, 0xB1, 0xD3,
    0x66, 0x2C, 0x1E, 0x5F, 0x8C, 0x83, 0x5A, 0x67, 0x4E, 0x24, 0x4E, 0x9C, 0x91, 0x97, 0x82, 0xDC,
    0xCC, 0xB0, 0x75, 0xA5, 0x7B, 0xA3, 0xF0, 0xCE, 0x66, 0xB2, 0xF6, 0x65, 0x47, 0x6F, 0xDD, 0xD1,
    0xF5, 0xAD, 0xB3, 0xFC, 0x84, 0xAC, 0xCF, 0xA0, 0x17, 0x72, 0xE9, 0x20, 0xB5, 0xD2, 0x3D, 0x7B,
    0x98, 0xA6, 0x95, 0xE7, 0x18, 0x34, 0xA8, 0xFA, 0x4D, 0x61, 0x74, 0xAD, 0xBF, 0x33, 0xBB, 0x87,
    0xA0, 0xF3, 0x2A, 0xB2, 0xAA, 0x50, 0xBF, 0x0F, 0x86, 0xA2, 0x9D, 0xC6, 0xAB, 0x3A, 0xFF, 0x5A,
    0xF0, 0x01, 0x73, 0x55, 0xAF, 0x64, 0x10, 0xB5, 0x58, 0x6C, 0xC6, 0x49, 0xD0, 0x58, 0x55, 0xB1,
    0x68, 0x85, 0xF8, 0xF4, 0x2F, 0xF8, 0x10, 0xEF, 0xC3, 0xF9, 0x76, 0x90, 0x4E, 0x8E, 0x13, 0x1D,
    0x47, 0x4E, 0x72, 0x32, 0x9D, 0x5E, 0xB9, 0x44, 0x05, 0x39, 0x01, 0x10, 0x52, 0x6C, 0x49, 0x80,
    0x44, 0xC0, 0x84, 0xA2, 0x82, 0x78, 0xEE, 0xF4, 0x53, 0xEC, 0xD1, 0x2D, 0x29, 0xB6, 0xDB, 0xA4,
    0xD8, 0xD7, 0x63, 0x95, 0x62, 0x6D, 0x84, 0xCB, 0xDC, 0xC5, 0xDC, 0xCC, 0xCD, 0x42, 0xA4, 0x46,
    0x06, 0x4F, 0xF7, 0x37, 0x67, 0x95, 0xBA, 0x8C, 0xC8, 0x8B, 0x71, 0x84, 0x88, 0x22, 0x9F, 0xFF,
    0xB9, 0xCB, 0x08, 0x1A, 0x1D, 0x20, 0x78, 0x21, 0x22, 0xAD, 0x2F, 0x80, 0xE9, 0xAC, 0x4F, 0x43,
    0x0C, 0xA8, 0xB3, 0x48, 0x4E, 0xBD, 0x48, 0xD3, 0x2E, 0x42, 0x0C, 0xE5, 0xA5, 0xC0, 0x7B, 0x01,
    0x69, 0xE5, 0x92, 0xAE, 0x87, 0x6C, 0x51, 0x94, 0x31, 0x0B, 0xE1, 0x64, 0xD4, 0x15, 0x39, 0x37,
    0x23, 0x9A, 0x26, 0x0F, 0x45, 0x68, 0x9A, 0xE4, 0x4C, 0x81, 0x30, 0x9B, 0x7F, 0xC6, 0x77, 0x5B,
    0x63, 0xDC, 0x67, 0x86, 0x64, 0xBF, 0x81, 0x38, 0x64, 0x46, 0xD3, 0xA1, 0x3D, 0xC1, 0xB8, 0x5D,
    0x9D, 0x68, 0x6D, 0x4B, 0x7E, 0x2D, 0x69, 0x9B, 0xD2, 0x9D, 0xE6, 0xF3, 0x1E, 0x61, 0x6D, 0x8B,
    0xED, 0x58, 0x03, 0x89, 0x99, 0x91, 0x0E, 0x47, 0x1C, 0xC7, 0x9B, 0xE0, 0x3E, 0xBF, 0x47, 0x38,
    0x05, 0x73, 0x25, 0x97, 0x89, 0xDD, 0xD5, 0x29, 0x16, 0x39, 0x84, 0x6B, 0x8B, 0xA8, 0x87, 0x3C,
    0xEC, 0xAE, 0x00, 0x94, 0x13, 0x03, 0x2F, 0x90, 0x07, 0x9C, 0x88, 0xBB, 0x5C, 0x64, 0xAA, 0x99,
    0x80, 0xC3, 0x46, 0xC5, 0x4D, 0xC0, 0x81, 0xD3, 0xE5, 0xC8, 0xE9, 0x71, 0xE8, 0x20, 0x9D, 0x67,
    0xF8, 0x42, 0xE4, 0x16, 0xFE, 0x54, 0x7B, 0xF0, 0x7F, 0x8E, 0x29, 0x81, 0xD8, 0x3A, 0xE1, 0x10,
    0x8D, 0x1A, 0xE4, 0xE0, 0x57, 0xBB, 0x58, 0x0B, 0x35, 0x5C, 0x7E, 0x90, 0xEC, 0x47, 0x15, 0x89,
    0xFF, 0x44, 0x20, 0x97, 0x48, 0xEF, 0x2A, 0xC5, 0x77, 0xA1, 0xB0, 0x07, 0x7D, 0x5C, 0x2E, 0x70,
    0x18, 0x7C, 0x54, 0xE1, 0x9C, 0xAE, 0x87, 0x5B, 0xE1, 0x99, 0xD1, 0x5B, 0xBF, 0x5F, 0x19, 0xA9,
    0xDF, 0x8A, 0x1E, 0xEC, 0x1C, 0x5E, 0x1F, 0x8E, 0xC5, 0x75, 0x06, 0x35, 0xDB, 0x82, 0x2D, 0xEC,
    0x87, 0xB8, 0xE2, 0x33, 0x58, 0xAB, 0x00, 0x94, 0x0C, 0x47, 0xF2, 0x62, 0x38, 0x74, 0x62, 0x84,
    0xA2, 0xCF, 0xE9, 0x2E, 0x44, 0x75, 0x00, 0x8D, 0xEB, 0x97, 0xF4, 0x75, 0x01, 0xE4, 0xB8, 0xEF,
    0x2A, 0xCF, 0x2A, 0x19, 0x08, 0x60, 0x00, 0x04, 0x74, 0x88, 0x1C, 0xEA, 0x49, 0xDC, 0x08, 0xE5,
    0x53, 0xFF, 0x27, 0x95, 0x0A, 0x37, 0xE8, 0xCF, 0x98, 0x3A, 0xE1, 0x47, 0xA4, 0xD0, 0x09, 0x2B,
    0xB0, 0xD5, 0xDD, 0x90, 0xCD, 0xEE, 0x3D, 0xD0, 0xCC, 0x1B, 0x64, 0xA0, 0x43, 0x51, 0x41, 0x33,
    0x3B, 0x53, 0x34, 0xD6, 0x09, 0x0A, 0xDC, 0x48, 0x11, 0xF8, 0x8B, 0x1B, 0x7B, 0x21, 0xFC, 0x0C,
    0xF7, 0xCC, 0xE1, 0x8E, 0x68, 0x41, 0x32, 0xCF, 0x40, 0xAD, 0x01, 0x4B, 0xF1, 0xB8, 0xD6, 0xEC,
    0x48, 0xF0, 0x77, 0xBE, 0x31, 0xBD, 0xE8, 0x66, 0x9C, 0x80, 0x9E, 0x27, 0x7A, 0x47, 0xE2, 0x90,
    0x31, 0xE0, 0x25, 0x27, 0x60, 0x8A, 0x05, 0x36, 0x02, 0xEE, 0x2E, 0xCC, 0xD2, 0xC8, 0xB5, 0x71,
    0x6C, 0xFC, 0x13, 0xA9, 0x93, 0x38, 0xAC, 0x29, 0xF4, 0x42, 0xEF, 0x81, 0x93, 0x0B, 0x7F, 0x0A,
    0xA1, 0x30, 0x17, 0x7A, 0xB1, 0x0A, 0x8E, 0x98, 0xED, 0xA6, 0x6A, 0xD5, 0x8E, 0xD4, 0xBE, 0x10,
    0x3D, 0x57, 0x8E, 0xE4, 0x32, 0x8B, 0xC2, 0x3E, 0x48, 0xA6, 0x34, 0x1C, 0xA9, 0xEC, 0x69, 0x2C,
    0x32, 0x60, 0xA1, 0x5D, 0x16, 0xDB, 0x63, 0xC1, 0x2C, 0xDA, 0x60, 0x4A, 0xC3, 0xA7, 0x0C, 0x6A,
    0xE0, 0x69, 0xAC, 0x82, 0xDD, 0x4A, 0x51, 0x7F, 0xBD, 0x2C, 0x27, 0x6E, 0x12, 0x80, 0xC8, 0x9B,
    0x3C, 0x91, 0x3A, 0xB1, 0x40, 0x7A, 0xB0, 0x13, 0x27, 0xEC, 0xA7, 0xA4, 0xE8, 0xDD, 0x3A, 0x74,
    0x63, 0x24, 0x84, 0x58, 0x36, 0xE9, 0x61, 0x0E, 0x3A, 0x97, 0x70, 0x5F, 0x0F, 0x08, 0xE1, 0xD5,
    0xCC, 0xA3, 0x7E, 0x8B, 0x9A, 0xF6, 0xA1, 0x0A, 0x23, 0x7D, 0xB0, 0x78, 0x78, 0x8D, 0x62, 0xAF,
    0xA4, 0x48, 0x5D, 0x4C, 0xE6, 0x32, 0xEF, 0xEB, 0x28, 0x92, 0x11, 0xDE, 0xB9, 0x22, 0xF5, 0x68,
    0x73, 0xC5, 0x5B, 0x0B, 0x45, 0x8D, 0x91, 0x65, 0xC0, 0x8E, 0x0A, 0xA5, 0xA3, 0x79, 0x98, 0x12,
    0xC5, 0x59, 0x0B, 0x9C, 0xF0, 0x9B, 0x4C, 0xF2, 0xE6, 0x75, 0xB7, 0x35, 0x9D, 0xD1, 0xED, 0xAB,
    0xE4, 0x0F, 0x29, 0xBC, 0x1B, 0xFC, 0x75, 0xCD, 0xEE, 0x73, 0x2A, 0xB5, 0x6E, 0xB4, 0x7B, 0xC6,
    0x94, 0x02, 0x81, 0xC3, 0x41, 0x9C, 0xC2, 0xB4, 0x01, 0x2E, 0xF5, 0x51, 0xF5, 0x25, 0x97, 0xFD,
    0x80, 0xDB, 0xAE, 0xEE, 0x11, 0x4E, 0xF0, 0x9C, 0xDD, 0x6B, 0x5E, 0x46, 0x15, 0x31, 0xD4, 0x80,
    0x33, 0x89, 0x8C, 0x01, 0x14, 0x4A, 0xAC, 0x8C, 0x39, 0x49, 0xAE, 0x76, 0xCF, 0xEC, 0x35, 0xF6,
    0xDA, 0xA7, 0x3A, 0x36, 0x6A, 0x12, 0x24, 0xBD, 0xC4, 0x9F, 0x9E, 0x49, 0x36, 0xBC, 0xC2, 0x3A,
    0x16, 0xE9, 0x75, 0xAC, 0x30, 0x23, 0xE7, 0x3D, 0x38, 0xDC, 0x7D, 0xAC, 0x10, 0x65, 0xDE, 0xBB,
    0x8F, 0x3C, 0xF7, 0x6A, 0x0A, 0x2E, 0x89, 0x5A, 0x8E, 0xF4, 0x30, 0xA7, 0x08, 0x02, 0x54, 0x2F,
    0xE8, 0xEE, 0xCA, 0x82, 0xF8, 0x91, 0x7E, 0xD3, 0xB5, 0x23, 0x19, 0x9B, 0x5B, 0x34, 0xF6, 0x4C,
    0x45, 0x71, 0xA5, 0xBF, 0x5E, 0x08, 0xBA, 0x4D, 0x49, 0xDB, 0xBC, 0x33, 0xAF, 0x01, 0x73, 0x0A,
    0x5F, 0x4A, 0xC4, 0xE3, 0x0B, 0xCC, 0x45, 0x94, 0x81, 0xA7, 0x89, 0xB0, 0x12, 0x18, 0x2D, 0x63,
    0x6E, 0xB8, 0x31, 0x55, 0xAC, 0xD9, 0x7D, 0xCD, 0xE5, 0x7B, 0xEA, 0xA7, 0x9A, 0xA7, 0x20, 0x6C,
    0xF2, 0xE6, 0xEE, 0x55, 0xF3, 0xEB, 0x65, 0x1C, 0x5C, 0x22, 0xB8, 0x3F, 0x61, 0xC6, 0x50, 0x2B,
    0x47, 0xDB, 0x2E, 0xB0, 0xAC, 0x8D, 0x89, 0x0C, 0x3F, 0xFF, 0x56, 0xFB, 0xA0, 0x36, 0x09, 0x5B,
    0x34, 0xA1, 0xB6, 0x07, 0x70, 0xEE, 0x00, 0x0E, 0x4C, 0x75, 0x06, 0x66, 0x33, 0x76, 0x04, 0x47,
    0x3E, 0xCC, 0xDC, 0x7F, 0xA4, 0xE2, 0xE3, 0xD0, 0x59, 0x6E, 0xBF, 0x7A, 0x33, 0xA3, 0x9E, 0x8D,
    0xE2, 0x60, 0xA5, 0xCF, 0x55, 0xB7, 0xAD, 0xB1, 0x5F, 0x8D, 0x25, 0x82, 0xD3, 0x09, 0x07, 0x54,
    0xF7, 0x35, 0xC4, 0x08, 0x8A, 0x79, 0x9D, 0xA8, 0x0B, 0xB9, 0x8B, 0x3A, 0xF0, 0x1C, 0x75, 0xDB,
    0x18, 0xF6, 0x09, 0x5B, 0x1B, 0x91, 0x8A, 0x21, 0x89, 0xDC, 0xCE, 0xB0, 0xCD, 0x5A, 0x54, 0xB2,
    0xE4, 0x81, 0x03, 0x0D, 0x33, 0x04, 0xAE, 0x6F, 0x01, 0xB2, 0x0A, 0xC9, 0x04, 0xFE, 0x2B, 0x33,
    0xCB, 0xA7, 0x9F, 0xE6, 0xB6, 0x4F, 0x7F, 0x28, 0x41, 0x24, 0xB2, 0x1E, 0x4E, 0x69, 0x70, 0x80,
    0x28, 0x91, 0xFB, 0xC9, 0x88, 0xBD, 0x37, 0xD1, 0x7A, 0xE2, 0x06, 0x2B, 0x14, 0x7C, 0x82, 0x32,
    0x11, 0x9A, 0x08, 0xB1, 0x8C, 0xE9, 0x87, 0x5A, 0xC6, 0xD2, 0xFA, 0xA0, 0x01, 0x25, 0xCB, 0xFB,
    0x12, 0x1D, 0xD9, 0x6A, 0xE4, 0xDB, 0x85, 0xF4, 0x45, 0x86, 0x81, 0x48, 0xAA, 0x87, 0x22, 0x2E,
    0x97, 0xEF, 0x10, 0xF5, 0x92, 0x6B, 0x25, 0x0C, 0x22, 0xD7, 0x2C, 0xB2, 0x87, 0x70, 0xF8, 0x35,
    0xC2, 0x62, 0x55, 0xBA, 0x3F, 0xC0, 0x1F, 0xBF, 0x4D, 0xBB, 0xC3, 0x45, 0x3F, 0x6A, 0x58, 0x56,
    0xDA, 0x67, 0x59, 0xB7, 0x38, 0x83, 0x9C, 0x62, 0x53, 0x7A, 0x89, 0x1E, 0x1D, 0xEC, 0x25, 0xF6,
    0x09, 0xE1, 0x93, 0x73, 0x5D, 0x27, 0x7F, 0xA3, 0xB3, 0x2B, 0xC8, 0xC2, 0xEF, 0x57, 0x11, 0x75,
    0xC2, 0x94, 0xE9, 0x20, 0x09, 0xF7, 0x61, 0x4D, 0x53, 0xD6, 0x53, 0x5C, 0x61, 0x95, 0x70, 0x4F,
    0x3B, 0xC7, 0x84, 0x81, 0x85, 0xC1, 0x4F, 0x54, 0x3F, 0x1F, 0x90, 0x62, 0x56, 0x4A, 0x28, 0xFC,
    0x37, 0x5A, 0x60, 0xC6, 0x19, 0xD3, 0xDE, 0x6F, 0x0D, 0x9F, 0xD4, 0x10, 0x8D, 0xA7, 0x5F, 0x04,
    0x4A, 0x4A, 0x3A, 0x49, 0x0F, 0xB8, 0x4E, 0xA6, 0x57, 0x9C, 0xB1, 0xCD, 0x7E, 0xC6, 0xD6, 0x35,
    0x4D, 0xA5, 0x05, 0x63, 0x86, 0x47, 0x32, 0x18, 0xA5, 0xE0, 0xFD, 0x10, 0x87, 0xC8, 0xA5, 0xC4,
    0xCA, 0xAC, 0x4C, 0x24, 0x66, 0xE1, 0xC6, 0x46, 0x89, 0x59, 0x43, 0x29, 0x31, 0x68, 0x0B, 0x10,
    0x56, 0x11, 0x52, 0x51, 0x17, 0x02, 0xBA, 0x88, 0x16, 0xE6, 0x94, 0x9A, 0x5C, 0xF7, 0xD6, 0x47,
    0x33, 0xCF, 0x8C, 0x45, 0xB9, 0x3A, 0x2D, 0x29, 0x6B, 0x71, 0xCD, 0x65, 0x2E, 0xC0, 0x6C, 0x40,
    0xAA, 0x5A, 0xAF, 0x31, 0xB9, 0xF7, 0xD2, 0xF5, 0xA6, 0xCE, 0x36, 0x62, 0xB2, 0xEF, 0xA1, 0x2E,
    0x55, 0xBA, 0xC1, 0x69, 0x8B, 0x67, 0xDB, 0x39, 0xE8, 0x0E, 0x31, 0xD1, 0xE2, 0x22, 0x19, 0x0F,
    0x91, 0x7F, 0x5F, 0x0F, 0x69, 0x78, 0xB8, 0x3D, 0x26, 0xFB, 0x7D, 0x70, 0x2A, 0x17, 0x59, 0x1F,
    0x69, 0x7F, 0x74, 0x74, 0x97, 0x98, 0xD4, 0xEB, 0x10, 0x18, 0x39, 0x68, 0xD3, 0xC5, 0xC7, 0x97,
    0x71, 0x37, 0x98, 0x1C, 0x68, 0x00, 0x46, 0x6A, 0x90, 0xC0, 0x54, 0x43, 0x86, 0xEC, 0xC7, 0x90,
    0xF7, 0xD7, 0x0E, 0xF7, 0x19, 0x48, 0x91, 0x91, 0xA2, 0x1C, 0x8A, 0xCF, 0x6B, 0xAE, 0x85, 0xEF,
    0x03, 0xF4, 0x43, 0x12, 0x13, 0xA9, 0x49, 0x72, 0x97, 0xAB, 0x19, 0xB4, 0xE0, 0x10, 0xD9, 0xCF,
    0x05, 0x40, 0xA6, 0xC6, 0x6B, 0x11, 0x56, 0x1A, 0x7D, 0x50, 0x00, 0xDC, 0x0D, 0xAC, 0x56, 0x9E,
    0xC9, 0x01, 0x8F, 0xE7, 0x59, 0x01, 0x66, 0x06, 0x4C, 0x3B, 0x24, 0xBB, 0x91, 0x44, 0x2F, 0x1E,
    0xBA, 0xF7, 0xEA, 0x8F, 0x62, 0xBB, 0x3E, 0x57, 0xAF, 0x4D, 0x0B, 0x33, 0x1D, 0x4E, 0xE0, 0x9F,
    0x60, 0x4B, 0x6A, 0xA4, 0x15, 0xFC, 0x1A, 0xFC, 0xEA, 0x34, 0xFB, 0x24, 0xFA, 0x0D, 0xEE, 0x24,
    0x30, 0x6C, 0xEA, 0xE1, 0xBA, 0x3A, 0x0A, 0x99, 0x97, 0x28, 0x43, 0x16, 0x32, 0xB4, 0x72, 0x2F,
    0x06, 0x27, 0x49, 0x44, 0x8E, 0x7E, 0xA1, 0x36, 0x55, 0xC6, 0xC6, 0xEC, 0x11, 0xE3, 0x63, 0x66,
    0x46, 0x1D, 0xEF, 0x51, 0xCF, 0xFE, 0x74, 0xCE, 0x2E, 0xA6, 0x44, 0x36, 0x0A, 0xE2, 0xB2, 0x4E,
    0xEC, 0xFB, 0xF5, 0xAA, 0x95, 0xAE, 0x3E, 0xF7, 0xE1, 0x61, 0xF5, 0x11, 0x6A, 0x7A, 0x09, 0xA4,
    0x83, 0xB2, 0xF6, 0x8D, 0xD5, 0xDF, 0x84, 0x46, 0xE5, 0x60, 0xB3, 0x87, 0x34, 0xCB, 0x6B, 0x18,
    0x1E, 0x47, 0x94, 0xD8, 0xC0, 0xF0, 0x94, 0x08, 0xDC, 0xEE, 0x36, 0xF5, 0xFD, 0xA8, 0x32, 0x07,
    0x26, 0xA1, 0xE6, 0xBD, 0x8D, 0x33, 0x94, 0x5D, 0x63, 0x34, 0x92, 0xAB, 0xF4, 0xDF, 0x94, 0xB9,
    0xF3, 0xD8, 0x40, 0xF6, 0xD0, 0x7C, 0x13, 0x29, 0xD2, 0x68, 0x42, 0xE1, 0x72, 0x81, 0x6C, 0x10,
    0x60, 0x2A, 0xE4, 0xF9, 0x22, 0x19, 0x57, 0x0C, 0x55, 0x75, 0x6D, 0xEC, 0x62, 0xEC, 0xAA, 0x5E,
    0xA1, 0x0A, 0xEA, 0x04, 0xDC, 0x6F, 0x11, 0xC7, 0x12, 0x77, 0x7E, 0x67, 0x32, 0xC5, 0xC9, 0xF4,
    0xAB, 0x54, 0xC4, 0x93, 0xE7, 0xDB, 0x80, 0x60, 0xD5, 0xA9, 0xF3, 0x8B, 0xCC, 0x3D, 0x9D, 0xBA,
    0x28, 0xA0, 0xE8, 0x0B, 0x71, 0x55, 0x10, 0x1F, 0x13, 0xC9, 0xA2, 0x1D, 0x2F, 0x39, 0xB1, 0x57,
    0x69, 0x6F, 0x40, 0xF6, 0x71, 0x10, 0x8D, 0xA7, 0x60, 0xD3, 0xD1, 0xE1, 0xF6, 0x10, 0xB8, 0x83,
    0x4E, 0x8C, 0x14, 0xCD, 0xD2, 0xE8, 0xA0, 0x10, 0xF8, 0xD5, 0x46, 0xED, 0x6C, 0x33, 0xD8, 0x80,
    0x43, 0x1B, 0x30, 0xA6, 0x9D, 0xD3, 0x40, 0xAB, 0xC7, 0x03, 0x11, 0x4E, 0xBD, 0x77, 0x68, 0x38,
    0x57, 0xF5, 0x6F, 0x12, 0xC9, 0x7F, 0xFC, 0x9A, 0x1E, 0x80, 0xED, 0xC5, 0x66, 0xA4, 0x53, 0xF4,
    0x0E, 0x58, 0x4C, 0xCC, 0x14, 0x65, 0x30, 0x4B, 0x78, 0x88, 0xF3, 0xE9, 0x4B, 0x9F, 0x64, 0x27,
    0xDD, 0xF8, 0xD6, 0xAC, 0x17, 0x2F, 0xE8, 0x76, 0xC4, 0xDF, 0x3C, 0x86, 0xDF, 0xC2, 0x1A, 0x41,
    0xBF, 0x89, 0xE7, 0x0F, 0x48, 0xD2, 0x9A, 0x15, 0xA1, 0xC7, 0xC0, 0x82, 0xC8, 0x4D, 0x34, 0x55,
    0xB8, 0x8A, 0xE6, 0x12, 0x17, 0x84, 0xF6, 0xE3, 0xED, 0x5B, 0x6E, 0xF7, 0x53, 0x0C, 0x00, 0x08,
    0x15, 0x10, 0x35, 0x11, 0xC5, 0xEC, 0x5B, 0x09, 0xA1, 0x05, 0xA1, 0x49, 0x47, 0x3F, 0x08, 0x6B,
    0x86, 0x81, 0x6D, 0x80, 0xB1, 0x73, 0x83, 0x4D, 0xFD, 0x20, 0x34, 0xFE, 0xCE, 0x01, 0x19, 0x55,
    0xE4, 0xFE, 0x65, 0x13, 0x91, 0xD5, 0xED, 0x13, 0x6A, 0x75, 0xF0, 0x3B, 0xFD, 0x50, 0xEB, 0x85,
    0xEA, 0x5C, 0x34, 0xAA, 0x2F, 0x54, 0xB7, 0xDD, 0x9A, 0x83, 0x6A, 0x9B, 0x35, 0x2B, 0x82, 0x11,
    0xE2, 0xD3, 0x53, 0x0C, 0x3F, 0x59, 0xE2, 0x10, 0x45, 0x3D, 0xA7, 0x74, 0x57, 0xEC, 0x15, 0x0C,
    0x5B, 0xD0, 0x27, 0x5B, 0xE8, 0xBE, 0x2D, 0x54, 0x0A, 0x1B, 0xBA, 0x05, 0x74, 0x3B, 0x80, 0x7A,
    0x00, 0x40, 0xF7, 0x43, 0xEF, 0x61, 0x1C, 0x53, 0x38, 0xAE, 0x50, 0xF0, 0xAB, 0x14, 0xA0, 0x9A,
    0x1A, 0x80, 0x11, 0x09, 0xD5, 0x9F, 0x93, 0xF1, 0x5E, 0xD1, 0x0C, 0x03, 0xB9, 0x5F, 0x0C, 0x74,
    0xDD, 0xDF, 0x32, 0x5A, 0x09, 0x90, 0xA9, 0xE6, 0xE0, 0xAB, 0x5D, 0xD8, 0x38, 0x7A, 0xB4, 0xEA,
    0xCB, 0x77, 0x9B, 0x68, 0xE0, 0xE7, 0xA3, 0xFC, 0x78, 0x14, 0xF5, 0xBA, 0x35, 0x1E, 0x35, 0x0D,
    0x81, 0x37, 0xCC, 0xEC, 0x12, 0xCB, 0x61, 0x1B, 0x16, 0xFF, 0x31, 0xEC, 0x54, 0xA8, 0x98, 0x68,
    0x8D, 0x67, 0x01, 0x93, 0xBE, 0x9F, 0xA3, 0xAD, 0xE2, 0xA1, 0xC3, 0x30, 0xED, 0x0E, 0xD3, 0x08,
    0x7C, 0xE4, 0xC0, 0x15, 0x60, 0x3B, 0xA6, 0xDF, 0xCD, 0xF9, 0xF6, 0xB8, 0x0E, 0xE1, 0xFD, 0x7B,
    0xC0, 0x34, 0x8B, 0x2E, 0xF8, 0xFB, 0x89, 0xAE, 0x12, 0xBB, 0xC1, 0x66, 0x7D, 0x8C, 0xF6, 0xE9,
    0x97, 0x21, 0x8D, 0x63, 0x98, 0x7E, 0x70, 0xB4, 0x3D, 0x2E, 0xF1, 0x67, 0xF8, 0x2C, 0xCA, 0xD5,
    0xE4, 0x24, 0xDC, 0x69, 0x77, 0x7B, 0xD8, 0x06, 0x03, 0xB3, 0x5B, 0xEE, 0xB2, 0xB8, 0xF9, 0x10,
    0x0F, 0xF4, 0x80, 0x61, 0xC7, 0x18, 0x94, 0x90, 0xA6, 0x70, 0xF3, 0x43, 0x66, 0xAE, 0xD0, 0x2A,
    0x64, 0xF1, 0xB5, 0xE2, 0xCB, 0xE3, 0x6A, 0x9A, 0x71, 0x10, 0xED, 0x96, 0xAC, 0x68, 0x1E, 0x68,
    0x73, 0x33, 0xB5, 0x57, 0x44, 0x0A, 0x36, 0x87, 0xF1, 0x83, 0xC8, 0x6C, 0xDF, 0xCE, 0x9C, 0xCC,
    0x41, 0x2C, 0x7B, 0xF9, 0x11, 0x9C, 0xBF, 0x9B, 0x4F, 0xA0, 0xCC, 0xFD, 0xB1, 0x98, 0x24, 0xEB,
    0xE1, 0x72, 0x79, 0x8B, 0xAC, 0x47, 0x71, 0x89, 0x91, 0xE6, 0x57, 0x7E, 0x2F, 0xE6, 0xEE, 0x11,
    0x99, 0x15, 0x3C, 0xBC, 0x56, 0x0F, 0xA2, 0xBB, 0x8A, 0x5E, 0x5F, 0x6B, 0x0A, 0x93, 0x6E, 0x54,
    0x51, 0x9C, 0xD8, 0x99, 0x47, 0xD5, 0x4A, 0xD0, 0x19, 0x78, 0x16, 0xA6, 0x52, 0xD2, 0xC4, 0x73,
    0xCF, 0xC0, 0xC7, 0xE9, 0x8B, 0xD3, 0x89, 0x58, 0xBE, 0x7F, 0x26, 0x16, 0x1F, 0x5E, 0x7A, 0xC5,
    0x17, 0x1F, 0xB9, 0xE7, 0x48, 0xFC, 0xCD, 0x7D, 0x13, 0x3C, 0xC3, 0xBD, 0x0D, 0xDD, 0x68, 0x8F,
    0xED, 0xD4, 0xED, 0x97, 0xDB, 0x2D, 0x43, 0x5F, 0x59, 0x39, 0x3D, 0x37, 0x1F, 0xC1, 0x83, 0x3E,
    0x33, 0xC6, 0x18, 0x0F, 0x8F, 0xD0, 0x0F, 0xE0, 0x92, 0x09, 0x2C, 0x16, 0x6E, 0x0A, 0x88, 0xC4,
    0xF3, 0x85, 0x2D, 0xE9, 0x92, 0x5B, 0x06, 0x4F, 0xCD, 0x1D, 0xD4, 0x33, 0x57, 0x5C, 0x94, 0xDD,
    0x6A, 0xD0, 0x8D, 0x52, 0xED, 0x2F, 0xC1, 0xBE, 0xDC, 0x37, 0x1C, 0x47, 0xDE, 0x9E, 0x40, 0x2A,
    0x9B, 0x04, 0x86, 0x59, 0xAC, 0x1E, 0xEB, 0xFD, 0x12, 0xF5, 0xEB, 0xA9, 0xAF, 0x67, 0x60, 0xA5,
    0x6E, 0x47, 0xCC, 0x44, 0xED, 0xD5, 0x18, 0xAA, 0x61, 0xC0, 0x99, 0x54, 0xA0, 0xC7, 0x71, 0xCF,
    0x81, 0xDA, 0xAA, 0xC7, 0xFC, 0x2D, 0xF1, 0x6D, 0xE6, 0x8D, 0x60, 0x9A, 0x15, 0xBD, 0x73, 0xA1,
    0xA4, 0x14, 0xFB, 0x9D, 0xC0, 0x2C, 0x6A, 0xE2, 0xAF, 0xAD, 0xAE, 0x5A, 0x3E, 0x37, 0xD1, 0x8F,
    0x90, 0x6B, 0x1A, 0x45, 0x6E, 0xCE, 0x44, 0x66, 0xA4, 0xEE, 0x27, 0x17, 0x12, 0xC9, 0x43, 0x96,
    0x4D, 0xBC, 0x11, 0x93, 0xFD, 0x72, 0xFC, 0x42, 0x3E, 0x01, 0x8A, 0xE4, 0xF1, 0xF8, 0x9D, 0x49,
    0x4C, 0x8E, 0x96, 0xE9, 0x25, 0x2F, 0x9C, 0x0D, 0x6E, 0x66, 0x75, 0x9F, 0xA3, 0x7B, 0x4D, 0xAD,
    0x99, 0xD6, 0x1F, 0xDB, 0xE8, 0x27, 0xF5, 0x9F, 0x13, 0xA0, 0xCD, 0x6D, 0xE2, 0xEC, 0xFF, 0x43,
    0x50, 0x4F, 0xAB, 0xF9, 0x61, 0x35, 0x0F, 0xC3, 0xC7, 0xDA, 0xA9, 0x5F, 0x63, 0x06, 0x63, 0x3B,
    0x58, 0xFE, 0x65, 0x4C, 0x35, 0x9F, 0x70, 0x4B, 0x72, 0x7B, 0xFB, 0xE9, 0x65, 0x48, 0xCF, 0x54,
    0xE5, 0xB9, 0x86, 0x18, 0x95, 0x4D, 0x99, 0x6C, 0xA8, 0xF1, 0xA1, 0x44, 0x0F, 0x51, 0xFE, 0x07,
    0xC5, 0x59, 0x41, 0x8F, 0xD5, 0xD6, 0x15, 0x3E, 0xB6, 0x19, 0x9C, 0x60, 0x31, 0x9E, 0xC5, 0x50,
    0x55, 0x05, 0xC6, 0x59, 0x64, 0x11, 0x45, 0x43, 0xDC, 0x05, 0x0B, 0x2A, 0xCD, 0x8C, 0x4D, 0x58,
    0xB0, 0xC8, 0x02, 0x16, 0x50, 0x16, 0x59, 0xD0, 0x5F, 0x10, 0x90, 0x3A, 0x52, 0x51, 0xC4, 0x3C,
    0xBB, 0xB0, 0xE8, 0x22, 0x8B, 0xA2, 0x46, 0xB4, 0x0B, 0xBA, 0x60, 0xD9, 0x2A, 0x8D, 0x4A, 0x24,
    0xA4, 0xA6, 0xD2, 0xCC, 0x7B, 0x4E, 0x58, 0xB0, 0xE8, 0xA2, 0x8E, 0xA2, 0xA8, 0x0B, 0xA4, 0xE2,
    0x0A, 0xA8, 0xAA, 0x2C, 0x2A, 0x37, 0x98, 0xD6, 0x41, 0xF6, 0x73, 0xBF, 0xEF, 0x5C, 0xCF, 0x63,
    0x86, 0x36, 0x15, 0xCC, 0x0C, 0xEA, 0x80, 0xAF, 0x67, 0xDE, 0xF3, 0xBD, 0xE7, 0xBB, 0xE7, 0x9E,
    0x7B, 0xBE, 0xEF, 0x5C, 0x8B, 0xF4, 0x3F, 0xA5, 0xEC, 0x1F, 0x5B, 0x95, 0x0C, 0xCF, 0xE6, 0xA5,
    0x83, 0x7F, 0x85, 0x97, 0xDB, 0x5D, 0x1A, 0x64, 0x56, 0x23, 0x51, 0xCA, 0x46, 0xEC, 0x46, 0x12,
    0xB1, 0x6B, 0x19, 0x89, 0x83, 0xC7, 0xC4, 0x29, 0xD1, 0x78, 0x05, 0x3E, 0xF3, 0x33, 0x89, 0xE2,
    0x28, 0x96, 0xE0, 0xB3, 0x56, 0xC4, 0xEE, 0x0A, 0xD9, 0xF4, 0xF3, 0xB1, 0x4C, 0xC5, 0x8D, 0x8C,
    0xEA, 0x8B, 0x4E, 0xB9, 0xB6, 0xEC, 0xE7, 0x51, 0x16, 0x64, 0x11, 0x9F, 0xC7, 0x88, 0x09, 0xAE,
    0x21, 0x2E, 0x8C, 0x8E, 0x71, 0x83, 0x3B, 0x85, 0xB8, 0x5D, 0xBC, 0xA9, 0xB3, 0x93, 0x8D, 0x5A,
    0xFF, 0x76, 0x1E, 0xDC, 0x77, 0x6F, 0xE5, 0x7E, 0x66, 0xDF, 0x42, 0x67, 0xE7, 0xCF, 0x12, 0xA6,
    0xCE, 0x15, 0x0C, 0xE1, 0x0A, 0x1A, 0x0F, 0x8D, 0xF8, 0x82, 0xB1, 0xA6, 0x05, 0x83, 0xED, 0x15,
    0x69, 0xE5, 0x00, 0x9B, 0x05, 0x36, 0xCB, 0xF8, 0xE2, 0xE7, 0x00, 0x14, 0x3C, 0x35, 0x2E, 0x3E,
    0x61, 0x13, 0xCA, 0x28, 0x4B, 0x7C, 0x09, 0xB2, 0xE1, 0x34, 0x9A, 0xF1, 0x4D, 0x8C, 0x3C, 0x8E,
    0x31, 0x68, 0x83, 0x41, 0xAD, 0x1A, 0x7D, 0x1D, 0x34, 0x03, 0xB7, 0xC2, 0xC8, 0x7E, 0x29, 0x32,
    0x7A, 0xF8, 0x18, 0xDF, 0x7E, 0x32, 0xDE, 0x38, 0x8E, 0x9D, 0xDD, 0x34, 0xBF, 0xFC, 0x2B, 0x37,
    0xF7, 0x51, 0x6F, 0x69, 0x9F, 0x58, 0x5D, 0x77, 0x45, 0x92, 0x6E, 0x2C, 0xC9, 0xB5, 0x5A, 0x7E,
    0x7F, 0x06, 0xB3, 0x8C, 0xC7, 0x52, 0x60, 0x34, 0xCE, 0x3D, 0x0F, 0xE8, 0xBA, 0x28, 0x8D, 0xA3,
    0x94, 0x3E, 0x48, 0xA5, 0x13, 0x19, 0xE3, 0x0E, 0x2F, 0x03, 0x37, 0xE6, 0x05, 0xA3, 0xEC, 0x11,
    0xE4, 0x02, 0xEF, 0x8F, 0xF8, 0x04, 0x7C, 0x34, 0xC6, 0x63, 0x33, 0x4E, 0x65, 0x37, 0x4E, 0x23,
    0xA5, 0x53, 0x79, 0xA5, 0x57, 0x5A, 0x85, 0xF7, 0x68, 0x94, 0x05, 0x0F, 0xCE, 0xE4, 0x49, 0xF7,
    0xB5, 0x44, 0x5D, 0x97, 0xA9, 0xF9, 0xC3, 0x73, 0xC6, 0xFE, 0xA1, 0x55, 0x51, 0xFB, 0xC4, 0x4F,
    0xFB, 0x53, 0xB1, 0xA8, 0x7D, 0xFE, 0xC0, 0xFE, 0xE5, 0xAE, 0xA3, 0xDB, 0xA2, 0x9F, 0x5C, 0x6D,
    0xD5, 0xFE, 0x7B, 0x9C, 0xB1, 0xDA, 0x2F, 0x7B, 0xFB, 0x59, 0x6F, 0x5F, 0x8C, 0x7D, 0x3C, 0xA6,
    0xF6, 0xEB, 0x97, 0x45, 0xED, 0x17, 0x07, 0xC4, 0xD8, 0xBF, 0x28, 0xC6, 0x7E, 0xCD, 0x81, 0xF3,
    0x83, 0x6E, 0x0A, 0x1F, 0x67, 0xFE, 0x3B, 0xF8, 0xCB, 0xCF, 0x5C, 0x7E, 0x88, 0x58, 0x3A, 0x29,
    0x32, 0x15, 0xA6, 0xEA, 0xA5, 0x2E, 0x06, 0x52, 0xA7, 0x8A, 0xAC, 0x07, 0x49, 0xEC, 0xE5, 0x91,
    0x9D, 0xB6, 0x78, 0x6E, 0x20, 0x30, 0x1F, 0xC6, 0x88, 0xAB, 0x12, 0x06, 0x5B, 0x74, 0x31, 0xD1,
    0x01, 0xC8, 0xF0, 0x4B, 0xEB, 0x48, 0xE4, 0xC2, 0xB2, 0x2B, 0xD1, 0x87, 0xE3, 0xF7, 0x1E, 0x9D,
    0xC3, 0x9C, 0xBA, 0x13, 0xDD, 0x64, 0x35, 0x2C, 0x98, 0x0E, 0xB1, 0xCE, 0x49, 0x2E, 0xDE, 0xD7,
    0x9C, 0xAC, 0xB8, 0x9C, 0xB3, 0xE8, 0x2D, 0x11, 0xC6, 0x2A, 0x66, 0x2A, 0x7E, 0xCE, 0x89, 0x32,
    0x68, 0x39, 0x17, 0x58, 0x80, 0x01, 0xAC, 0x3B, 0x67, 0xD9, 0x3B, 0xF9, 0x07, 0xE8, 0x8A, 0x10,
    0x2F, 0x22, 0x4E, 0xD5, 0xCA, 0xD9, 0xF5, 0xD1, 0x99, 0x0C, 0x5D, 0x13, 0x40, 0x6E, 0x8D, 0xB1,
    0xC6, 0x98, 0x34, 0x37, 0x3C, 0xCC, 0x9F, 0xFD, 0x1A, 0x01, 0xD6, 0xA6, 0xF0, 0x10, 0x2F, 0x23,
    0x2E, 0x18, 0x25, 0xAC, 0x94, 0xA8, 0x44, 0x26, 0xEE, 0x17, 0x2C, 0xD6, 0x50, 0xCD, 0x8E, 0x15,
    0x70, 0xAB, 0x5F, 0x11, 0x88, 0x0E, 0x3D, 0x50, 0x34, 0x43, 0x05, 0xD3, 0x2A, 0x96, 0x86, 0x50,
    0x3E, 0x69, 0x88, 0xE4, 0xD3, 0x5A, 0xC3, 0x4F, 0x4D, 0x63, 0x2F, 0x8A, 0x99, 0xA7, 0x99, 0x91,
    0xCE, 0x50, 0x0D, 0x95, 0x7E, 0x16, 0x14, 0x41, 0xE6, 0x15, 0x7E, 0xCA, 0x89, 0x73, 0xD6, 0xC1,
    0x27, 0x5D, 0x1A, 0xA6, 0xDC, 0xB1, 0xEB, 0x7B, 0x70, 0x80, 0x76, 0x0D, 0x40, 0x5A, 0xFC, 0x83,
    0x9B, 0x61, 0x7A, 0xFC, 0xB3, 0x5A, 0x92, 0xCB, 0x95, 0x19, 0x99, 0x17, 0x9D, 0xC7, 0x50, 0x18,
    0xD3, 0xCF, 0xB1, 0xDF, 0x74, 0xC0, 0x90, 0xB9, 0xF9, 0xB9, 0xFB, 0x12, 0xE5, 0x4E, 0x1A, 0x62,
    0x9D, 0x4A, 0x27, 0x86, 0x17, 0x7F, 0x58, 0xB9, 0x4C, 0x05, 0x1F, 0x35, 0x1E, 0x67, 0x52, 0xB6,
    0x1E, 0x67, 0x59, 0x24, 0xD3, 0x9C, 0x66, 0x1E, 0xED, 0x05, 0x2E, 0x2B, 0x0B, 0x7F, 0x09, 0x3B,
    0x76, 0xE6, 0x37, 0x30, 0xE6, 0xA4, 0x5E, 0x63, 0xF1, 0xE6, 0xD4, 0x98, 0xAB, 0x97, 0xDA, 0x15,
    0x26, 0x9B, 0x94, 0x08, 0x6E, 0x9D, 0x4C, 0x3F, 0x27, 0x35, 0x2F, 0x06, 0xBE, 0x71, 0x1C, 0x3F,
    0xAB, 0x36, 0xEF, 0xE8, 0xD0, 0x20, 0xC3, 0x97, 0x44, 0xB6, 0x24, 0x8A, 0x4C, 0x7D, 0xE0, 0xD0,
    0xE9, 0x40, 0x76, 0x1C, 0xE8, 0x89, 0xAC, 0x35, 0xC8, 0x1A, 0x83, 0xAC, 0x51, 0x64, 0xD8, 0xEE,
    0x44, 0x06, 0x10, 0x44, 0x06, 0x10, 0x44, 0x06, 0x10, 0x44, 0x06, 0x10, 0x44, 0xC6, 0x64, 0x07,
    0x64, 0x5E, 0xBE, 0x11, 0x4B, 0x7F, 0x33, 0x51, 0xDD, 0x23, 0xD3, 0x70, 0x7F, 0x92, 0x69, 0xF4,
    0xAB, 0x50, 0x9F, 0x0B, 0x26, 0x69, 0x68, 0x96, 0x9F, 0x7D, 0xD5, 0xD9, 0x9D, 0xB8, 0x8F, 0x47,
    0x71, 0x82, 0x3E, 0x51, 0x3C, 0x40, 0xDC, 0x33, 0x23, 0xFA, 0x05, 0x83, 0x9F, 0xDB, 0xA1, 0x61,
    0x6E, 0x82, 0x7F, 0x82, 0xB4, 0xB5, 0xB8, 0x33, 0x1A, 0x9B, 0xD9, 0x63, 0xFC, 0x3E, 0xDB, 0xE4,
    0xF2, 0x86, 0x55, 0x37, 0x0E, 0x32, 0x60, 0x42, 0x1A, 0xB1, 0x35, 0x50, 0x17, 0x3C, 0x1A, 0xBD,
    0xC8, 0xAF, 0xE8, 0x2D, 0x8B, 0xDF, 0x28, 0x7E, 0x9F, 0xCF, 0x47, 0x6C, 0x7E, 0xC4, 0xFE, 0xF7,
    0xD0, 0xD8, 0xB7, 0xB8, 0xD6, 0xC7, 0xF0, 0x9C, 0xC7, 0x80, 0x9E, 0x83, 0x2B, 0xCC, 0x76, 0x5E,
    0x66, 0x2C, 0x16, 0x68, 0xEC, 0x0C, 0x80, 0xDC, 0x1C, 0x41, 0x10, 0x55, 0x7E, 0x97, 0xCA, 0x11,
    0xE4, 0xDD, 0x39, 0x0C, 0xCE, 0xDC, 0xC2, 0xA1, 0x99, 0x5B, 0xB0, 0xB1, 0xB1, 0xAB, 0x61, 0x24,
    0xD2, 0x09, 0x70, 0x33, 0x73, 0x32, 0x26, 0xC9, 0x37, 0xDC, 0xC0, 0x12, 0x7E, 0xD8, 0xA6, 0xD8,
    0xBA, 0xC6, 0x15, 0x37, 0x0E, 0xC9, 0x22, 0x72, 0x7F, 0x81, 0xCE, 0xDC, 0x28, 0xD8, 0x25, 0x08,
    0x9F, 0x48, 0x3D, 0x39, 0xD4, 0xFF, 0x2D, 0x37, 0x04, 0x8D, 0xD7, 0xDC, 0x07, 0x58, 0x11, 0xAC,
    0x7B, 0xD2, 0xC9, 0xF9, 0x83, 0x8B, 0x1F, 0x07, 0x85, 0x5A, 0x04, 0x29, 0x04, 0x99, 0x46, 0x34,
    0x7A, 0x0D, 0xD0, 0x67, 0x74, 0x3D, 0xE2, 0x1C, 0xDD, 0xA3, 0x85, 0x38, 0x77, 0x52, 0xB3, 0x23,
    0x4F, 0x61, 0x7F, 0xE2, 0x0E, 0x7A, 0x23, 0xBB, 0x81, 0xDC, 0x6A, 0x72, 0x1B, 0xA9, 0x8D, 0xCC,
    0x46, 0x62, 0x23, 0xAF, 0x91, 0xD6, 0xC8, 0x6A, 0x24, 0x35, 0xEE, 0x10, 0x52, 0xDA, 0x84, 0xD1,
    0xFE, 0xEB, 0x74, 0x81, 0xAA, 0x5C, 0xC3, 0xFE, 0x8E, 0xE4, 0x99, 0x78, 0x8D, 0x79, 0x91, 0x49,
    0x91, 0x21, 0x82, 0x74, 0x08, 0x76, 0x6B, 0x40, 0x6E, 0xF7, 0xC1, 0x6D, 0xA4, 0x36, 0xEC, 0x4B,
    0x27, 0x26, 0xB1, 0x91, 0xD7, 0x48, 0x6B, 0x64, 0x35, 0x92, 0x1A, 0x39, 0x8D, 0x94, 0x46, 0x46,
    0x23, 0xA1, 0x4D, 0xF8, 0x0C, 0xEE, 0x93, 0x45, 0xAC, 0x56, 0x98, 0x1B, 0x3C, 0x4C, 0xAD, 0x59,
    0xC2, 0xA8, 0xC1, 0xD5, 0x22, 0x2C, 0x1B, 0xA5, 0xB3, 0x08, 0x0E, 0x24, 0x99, 0x91, 0xCB, 0x48,
    0x65, 0x64, 0xB2, 0x4D, 0x44, 0xE6, 0x61, 0x39, 0xA7, 0x4E, 0x63, 0x8C, 0x29, 0xC4, 0x0B, 0xE7,
    0xE9, 0x9B, 0xB1, 0xB6, 0x8B, 0xEF, 0xF5, 0x5F, 0x21, 0x88, 0x4C, 0x96, 0x94, 0x9B, 0x17, 0x44,
    0x2A, 0xF8, 0x6F, 0x66, 0x66, 0x8B, 0x38, 0xF7, 0x60, 0xD0, 0x37, 0x70, 0xC7, 0x38, 0xC4, 0xBA,
    0x93, 0x38, 0xD7, 0x93, 0xBA, 0x85, 0xB5, 0x66, 0xD6, 0xD8, 0x2E, 0xD6, 0xDD, 0x76, 0x2A, 0x50,
    0x2A, 0x42, 0x15, 0xB1, 0xD3, 0x3E, 0x9D, 0xD9, 0x25, 0x32, 0xBF, 0x60, 0xF6, 0xF0, 0xEE, 0x75,
    0xAC, 0xAB, 0x5B, 0xC7, 0x4A, 0xB7, 0xBA, 0xC8, 0x1C, 0x56, 0xFE, 0x62, 0xFC, 0xBA, 0x82, 0x6B,
    0x8E, 0xFB, 0x71, 0x07, 0x62, 0x60, 0x56, 0x9C, 0x2E, 0xF7, 0x8F, 0x97, 0x2F, 0x61, 0x63, 0xE1,
    0xB9, 0x6F, 0x35, 0x6E, 0x57, 0x07, 0x97, 0xAA, 0xC8, 0x29, 0x07, 0x5E, 0x16, 0x05, 0x71, 0xB8,
    0x31, 0xF5, 0x06, 0xD0, 0x36, 0x3A, 0x23, 0x99, 0x7D, 0x89, 0xC9, 0x70, 0x89, 0xCD, 0xA1, 0x49,
    0xC8, 0xEF, 0x58, 0x1E, 0xDC, 0xF3, 0x6B, 0xD8, 0xEA, 0x01, 0x72, 0xFC, 0x85, 0x45, 0x58, 0xDC,
    0xB5, 0xB5, 0x7C, 0x68, 0x40, 0xEF, 0x23, 0x68, 0x8B, 0xC4, 0xE1, 0x10, 0x9B, 0x93, 0xEF, 0x3C,
    0xE8, 0xEF, 0x00, 0x74, 0xD4, 0xAB, 0x19, 0x37, 0x37, 0x23, 0x6F, 0x35, 0x89, 0xA3, 0xD7, 0xA9,
    0x09, 0x76, 0xF3, 0x7B, 0xD0, 0x75, 0x94, 0x0D, 0xDD, 0xF7, 0xD1, 0xEE, 0x1D, 0x0A, 0xC0, 0xCE,
    0xB7, 0x6C, 0xCF, 0x6B, 0x32, 0xF8, 0x8C, 0xAD, 0x73, 0xA9, 0x3D, 0x45, 0xBC, 0xD0, 0x12, 0x72,
    0x40, 0x35, 0x54, 0xC4, 0x3E, 0x52, 0x50, 0x7B, 0xDA, 0xD0, 0x2C, 0x4E, 0xEC, 0xC6, 0x7E, 0xEE,
    0xC6, 0x41, 0x1C, 0x7C, 0x71, 0x56, 0xBA, 0xBC, 0xEB, 0xD4, 0x37, 0x50, 0x91, 0xA2, 0x0F, 0x9E,
    0xA6, 0x9E, 0x8C, 0xF7, 0x01, 0xEF, 0x3F, 0xBB, 0x02, 0x80, 0x6F, 0x21, 0xAF, 0x87, 0xC7, 0x20,
    0x79, 0x10, 0x0E, 0xC0, 0xCC, 0x84, 0x0C, 0x79, 0x08, 0xE4, 0xB1, 0xC2, 0x96, 0x68, 0x77, 0x2B,
    0x69, 0xF8, 0x9B, 0xE4, 0x1A, 0x90, 0x07, 0x1B, 0x65, 0x9A, 0x0B, 0xA1, 0x3C, 0x78, 0xBB, 0xB2,
    0x2B, 0xBB, 0xF6, 0x0A, 0xAB, 0x84, 0xD0, 0xA1, 0x2C, 0x57, 0x99, 0x46, 0x46, 0x1F, 0x49, 0xD7,
    0x8C, 0xC0, 0xE0, 0x23, 0xEB, 0x5C, 0x9E, 0x38, 0x5D, 0x65, 0x98, 0x61, 0x04, 0x66, 0xF8, 0x7A,
    0xC3, 0x20, 0x27, 0x57, 0xC5, 0xEF, 0x56, 0x65, 0x09, 0x1C, 0xDF, 0xF8, 0xA9, 0xD4, 0xB8, 0xD7,
    0x54, 0x73, 0x6B, 0x66, 0xAD, 0x98, 0x58, 0xEE, 0xE3, 0xC2, 0xA2, 0x58, 0x40, 0xE5, 0x5F, 0x1D,
    0xC9, 0xD2, 0x9E, 0xD1, 0x95, 0x45, 0x5C, 0xD1, 0x69, 0x48, 0x1F, 0x40, 0x10, 0x07, 0x8C, 0x65,
    0xDF, 0xC1, 0x56, 0xEC, 0x0C, 0x63, 0x3D, 0x2B, 0x2E, 0xEC, 0x9D, 0x44, 0x6B, 0xB0, 0xA7, 0x70,
    0x79, 0x76, 0x2E, 0xCE, 0xDD, 0x27, 0x0C, 0xB8, 0x15, 0x8C, 0xD0, 0x55, 0x8B, 0x68, 0x27, 0x18,
    0x95, 0x72, 0x94, 0x73, 0x94, 0x74, 0x18, 0x2F, 0x20, 0xEE, 0x11, 0xB4, 0x51, 0x9E, 0xB0, 0x76,
    0xBA, 0xC0, 0xDA, 0x09, 0x03, 0x25, 0xAC, 0x00, 0x86, 0x07, 0xA9, 0x45, 0x57, 0xB9, 0x60, 0x84,
    0x30, 0x1E, 0x51, 0x33, 0xE3, 0x31, 0xBB, 0x8E, 0x32, 0xD0, 0x2D, 0x26, 0xE4, 0x94, 0x88, 0x66,
    0xAF, 0x52, 0x52, 0xA7, 0x66, 0x99, 0xF7, 0x62, 0xF1, 0x57, 0x8C, 0xBA, 0x03, 0x41, 0x42, 0x24,
    0x2A, 0x57, 0x32, 0x9E, 0x9D, 0x5E, 0x8F, 0xBA, 0x65, 0x87, 0xE0, 0x58, 0x01, 0xE9, 0x96, 0xE2,
    0xDF, 0x06, 0x9F, 0xDE, 0x65, 0xB8, 0xA5, 0x12, 0xDE, 0x85, 0x0C, 0x3D, 0x51, 0x20, 0x3C, 0x51,
    0x3D, 0xA0, 0x40, 0xA2, 0x14, 0x30, 0xC2, 0x7C, 0x1B, 0xC4, 0xBF, 0xA2, 0xA5, 0xB1, 0xD8, 0xF8,
    0xD5, 0x7E, 0x2C, 0xAA, 0x48, 0x9E, 0x9B, 0xF8, 0xE9, 0x56, 0x2C, 0x2A, 0xE4, 0xBF, 0x78, 0x7F,
    0x33, 0x73, 0x11, 0xEB, 0x34, 0x97, 0x37, 0xD5, 0xFB, 0x8E, 0xE3, 0x3B, 0x65, 0x48, 0x77, 0xDF,
    0xA9, 0x9D, 0xC1, 0xFA, 0x94, 0x68, 0x41, 0x5D, 0x99, 0xD9, 0x5D, 0x97, 0x3A, 0x5F, 0xBC, 0x23,
    0x4E, 0xBC, 0x2C, 0x96, 0xCD, 0xF4, 0x81, 0xE7, 0x96, 0xD0, 0x3F, 0x61, 0x60, 0xB4, 0x0A, 0x64,
    0x06, 0x2B, 0x70, 0x13, 0x77, 0xEA, 0xFC, 0xE4, 0x78, 0xA5, 0x6B, 0x24, 0xEB, 0xAA, 0x34, 0x58,
    0x31, 0x9A, 0xD4, 0x32, 0x19, 0x04, 0xE3, 0xC5, 0x0E, 0xB6, 0xB7, 0x93, 0x2E, 0x80, 0x27, 0x00,
    0x82, 0xD1, 0xC3, 0xE0, 0x19, 0xE0, 0xFB, 0xB3, 0x9C, 0x60, 0xD3, 0x57, 0x5D, 0xE6, 0x3A, 0x82,
    0x8C, 0xB6, 0x8A, 0x80, 0x58, 0x41, 0x7D, 0xAC, 0x5B, 0x79, 0x79, 0x4E, 0x16, 0x3F, 0x66, 0x66,
    0x34, 0x2A, 0x68, 0x94, 0xB1, 0x5C, 0x81, 0xF4, 0x0E, 0xD3, 0x27, 0x82, 0x72, 0x20, 0x28, 0x73,
    0x36, 0x09, 0xCA, 0x92, 0x69, 0x6F, 0x14, 0xFF, 0xDF, 0x4A, 0x75, 0xB5, 0xAB, 0x85, 0xC3, 0x35,
    0x43, 0x5C, 0xB4, 0x6B, 0x2A, 0xC4, 0x17, 0x5E, 0xA2, 0xCB, 0x93, 0x6A, 0x71, 0xBD, 0x8A, 0x31,
    0x7F, 0xBD, 0xB8, 0x12, 0xDD, 0x18, 0xE2, 0xCC, 0x08, 0x21, 0xDE, 0x7E, 0x82, 0x53, 0xD6, 0x62,
    0x51, 0xC5, 0x12, 0xE7, 0xE4, 0x8E, 0x24, 0x38, 0x26, 0xB3, 0x56, 0x1D, 0x14, 0xDC, 0xD7, 0x05,
    0x51, 0xDF, 0x44, 0xC6, 0x37, 0x89, 0x29, 0xF4, 0x86, 0xA6, 0x8E, 0x1F, 0x9F, 0x4E, 0xA6, 0x4E,
    0xC7, 0x02, 0x5A, 0xA2, 0x7C, 0x46, 0x90, 0x5B, 0x1A, 0x58, 0x43, 0x16, 0x91, 0x35, 0x7C, 0x51,
    0x31, 0x65, 0x35, 0xA6, 0x6A, 0x69, 0x5C, 0xAD, 0x5C, 0x86, 0x08, 0x12, 0x54, 0x2F, 0xE1, 0xD3,
    0xE7, 0x51, 0xC9, 0xA7, 0x58, 0xE4, 0xE0, 0xEE, 0x6F, 0x33, 0x6C, 0x0A, 0xD4, 0x72, 0x7E, 0xE1,
    0x42, 0x44, 0x65, 0x68, 0x42, 0xA4, 0x3A, 0x82, 0xC8, 0x0D, 0x92, 0x88, 0x00, 0xB8, 0x75, 0x75,
    0x5F, 0xC1, 0x06, 0x63, 0x00, 0x9F, 0x5B, 0xED, 0x1A, 0x2B, 0xF3, 0xBC, 0xDF, 0xB1, 0xCA, 0xA6,
    0x5A, 0x42, 0x6B, 0x95, 0x9C, 0x74, 0x4F, 0x0E, 0x2D, 0x96, 0x74, 0x19, 0xF4, 0xA4, 0xA2, 0xAF,
    0xE5, 0xB5, 0x5E, 0x36, 0xD5, 0xB2, 0xD6, 0xCA, 0xAC, 0xE1, 0xB5, 0x4E, 0xD6, 0x2A, 0x59, 0x6B,
    0x64, 0xAD, 0xDD, 0xB5, 0x72, 0xD7, 0xBA, 0x9D, 0xB5, 0xB1, 0x56, 0xC6, 0x5A, 0x17, 0x6B, 0x55,
    0x6C, 0xCA, 0x4E, 0xFA, 0x8A, 0xD9, 0x40, 0xD7, 0x62, 0x96, 0x05, 0xAE, 0x96, 0xB7, 0x2C, 0x6E,
    0x59, 0xDA, 0xB2, 0xB0, 0x65, 0x08, 0xA9, 0xE4, 0x43, 0x38, 0x85, 0x94, 0x7B, 0x32, 0xBE, 0x82,
    0x6C, 0xD4, 0xA7, 0x06, 0x79, 0x9D, 0xCD, 0x1A, 0xD1, 0x11, 0xBD, 0xAD, 0x05, 0x2B, 0xBF, 0x3B,
    0x74, 0x83, 0x87, 0x5A, 0xDF, 0x5D, 0xFF, 0x2D, 0xA0, 0x11, 0xAD, 0xF2, 0x7E, 0x47, 0x1D, 0xF4,
    0x39, 0xD5, 0x0F, 0x25, 0x90, 0xCB, 0x49, 0x4F, 0xF3, 0x54, 0xE4, 0x8D, 0x0F, 0xE0, 0x88, 0x77,
    0x3F, 0xF8, 0x06, 0xF5, 0x33, 0x09, 0xC4, 0xCA, 0x04, 0xE2, 0x6E, 0x8C, 0x32, 0x8D, 0xD3, 0xC2,
    0x03, 0xAF, 0xE1, 0x8E, 0x13, 0x3D, 0xFB, 0xCA, 0x56, 0x95, 0x50, 0xBF, 0x71, 0xD5, 0xD7, 0x76,
    0xD1, 0xFB, 0xF9, 0x45, 0xEA, 0x21, 0x3D, 0x84, 0x52, 0x99, 0xE8, 0x13, 0xC3, 0x2E, 0xD9, 0x09,
    0x51, 0xC4, 0xC3, 0x22, 0x2E, 0xE8, 0x05, 0xAE, 0xE5, 0xAB, 0x60, 0xA8, 0xC2, 0x30, 0x94, 0x8B,
    0xD1, 0x7C, 0x30, 0xD4, 0xF7, 0xC0, 0x50, 0x1F, 0x35, 0x91, 0xF5, 0x69, 0x93, 0x38, 0x6F, 0xD6,
    0xA3, 0x69, 0x30, 0xD4, 0x3C, 0x18, 0xEA, 0x3C, 0x18, 0x0A, 0x07, 0xB5, 0x51, 0x6A, 0x18, 0x6A,
    0x0E, 0x0C, 0xF5, 0x6A, 0x9F, 0xD7, 0xD4, 0x25, 0x74, 0x08, 0xDD, 0x31, 0xF5, 0x16, 0xF0, 0x35,
    0x3D, 0x2B, 0x75, 0x12, 0xDC, 0xEA, 0x24, 0x7A, 0x0B, 0x61, 0x3D, 0x8F, 0x6B, 0x19, 0x2E, 0xC6,
    0x41, 0x57, 0x74, 0xC9, 0xB0, 0x12, 0xB7, 0xCA, 0xF2, 0xE4, 0x3C, 0xF8, 0x1E, 0x55, 0xEA, 0x3F,
    0xE8, 0x95, 0x0B, 0x84, 0xB6, 0x6B, 0xD7, 0x8E, 0x0B, 0x63, 0xFB, 0x2B, 0x74, 0xA8, 0xF1, 0xC0,
    0xC2, 0x82, 0x19, 0x7F, 0x4B, 0x61, 0xA0, 0x2B, 0x4F, 0xF1, 0x22, 0x47, 0x0E, 0xF6, 0x25, 0xDB,
    0x0E, 0x6A, 0x77, 0x97, 0xA7, 0x71, 0x78, 0xE0, 0xC8, 0xBC, 0x19, 0x7A, 0x2B, 0x10, 0x57, 0x90,
    0x32, 0xC3, 0x10, 0x36, 0xDF, 0x02, 0xFD, 0x1D, 0x8D, 0xCD, 0x09, 0x2A, 0x8F, 0xF5, 0xAE, 0xD6,
    0x58, 0xAD, 0x23, 0xE8, 0x78, 0x58, 0x73, 0xF0, 0x50, 0x13, 0x1D, 0x04, 0x5C, 0x67, 0x0A, 0xE4,
    0x66, 0x22, 0xC6, 0x72, 0xB0, 0x4C, 0xE6, 0x3D, 0x7A, 0x3B, 0xC3, 0x69, 0x64, 0xEA, 0xFD, 0x21,
    0x73, 0xEE, 0x15, 0x72, 0xA3, 0x64, 0x69, 0x07, 0x52, 0x4F, 0x2A, 0xBB, 0x6C, 0xBC, 0xAC, 0x09,
    0x7E, 0x5C, 0x87, 0xC7, 0xCB, 0xA8, 0x8B, 0xA3, 0x93, 0x4A, 0x12, 0xF1, 0x2B, 0xC1, 0x5F, 0xF3,
    0xF5, 0xE3, 0x90, 0x35, 0xA6, 0x62, 0x9C, 0xD3, 0x1E, 0x4B, 0x11, 0xB6, 0xF1, 0x76, 0xCC, 0xD3,
    0x25, 0xA8, 0xFD, 0x0E, 0xCF, 0xD3, 0x1F, 0xCF, 0x66, 0xDE, 0xFD, 0x53, 0xC6, 0xB5, 0xBE, 0x79,
    0x53, 0x66, 0x67, 0xFB, 0xE3, 0xE3, 0x67, 0x3E, 0x7D, 0x5A, 0x5A, 0x12, 0xFF, 0x04, 0x32, 0x0E,
    0xF8, 0x4A, 0x0F, 0xDB, 0x3A, 0xED, 0x92, 0x6C, 0xEA, 0x62, 0x29, 0x0B, 0xD8, 0x63, 0xE8, 0x05,
    0x9D, 0xED, 0x46, 0x84, 0xCF, 0x69, 0xCE, 0xAE, 0xFC, 0xF6, 0xE0, 0xF4, 0x8C, 0xF5, 0x3F, 0x0E,
    0xBB, 0x56, 0x21, 0xB2, 0xDF, 0x40, 0x6E, 0xF7, 0x4E, 0x60, 0x6C, 0x6B, 0xFB, 0xBA, 0x57, 0x37,
    0x1B, 0xEE, 0x55, 0xF9, 0xD4, 0x4E, 0x78, 0xCE, 0x03, 0x2F, 0xB3, 0xC6, 0x0C, 0x6D, 0xAC, 0x31,
    0x16, 0x66, 0xBB, 0x87, 0x70, 0x0C, 0x7D, 0x16, 0xF9, 0x87, 0x37, 0x86, 0xFE, 0x73, 0x62, 0x8A,
    0xE0, 0x72, 0xFF, 0x44, 0xAC, 0xEB, 0x67, 0x16, 0xB0, 0x17, 0x80, 0xBF, 0x40, 0xEC, 0x1D, 0xE5,
    0x09, 0x44, 0xAB, 0x5C, 0x3E, 0x54, 0x45, 0x53, 0x4A, 0x37, 0x4A, 0x59, 0xBA, 0x28, 0xCA, 0x3A,
    0x4A, 0x9D, 0x2A, 0xCC, 0x50, 0xB6, 0xE4, 0x5E, 0xE5, 0x97, 0x28, 0x5A, 0x1A, 0xFF, 0x8F, 0x99,
    0xF3, 0x79, 0x2E, 0xA5, 0x86, 0xBE, 0x9C, 0x0C, 0x1F, 0xB6, 0xEE, 0x97, 0x03, 0xB7, 0x5E, 0xF0,
    0xCA, 0x19, 0xEC, 0x76, 0x7F, 0xA2, 0x44, 0x75, 0xA9, 0x95, 0x1D, 0x06, 0x34, 0x88, 0xDA, 0xE7,
    0x12, 0x88, 0x5B, 0xE3, 0x7E, 0xCB, 0xB6, 0x39, 0x70, 0x52, 0x48, 0x71, 0x43, 0xE2, 0x67, 0xB2,
    0xAD, 0x6B, 0xCA, 0xFC, 0x79, 0xF1, 0xE2, 0x24, 0x7B, 0x6E, 0xF7, 0x90, 0xC7, 0xFF, 0x29, 0xB6,
    0xF0, 0x6D, 0x4C, 0xE5, 0x2F, 0xC5, 0xD6, 0x0F, 0x76, 0xB8, 0xA9, 0x3D, 0x84, 0xFF, 0x41, 0x48,
    0x93, 0x5D, 0xD6, 0xF6, 0x0F, 0x9E, 0x98, 0x6C, 0x23, 0xCC, 0xF3, 0xC6, 0x11, 0x2C, 0xF1, 0xEC,
    0xD6, 0x0F, 0x46, 0xCF, 0x61, 0x0B, 0x57, 0x09, 0x4E, 0x60, 0x42, 0x68, 0xE0, 0x39, 0x3D, 0x67,
    0x67, 0x19, 0xC4, 0xB4, 0x25, 0x5D, 0x1F, 0x8B, 0x48, 0xAD, 0xF3, 0x88, 0xB3, 0x55, 0x5C, 0x6B,
    0x94, 0x81, 0x6F, 0x96, 0x93, 0x5A, 0xC7, 0xBA, 0x6E, 0x4E, 0x6F, 0x78, 0xA6, 0xB8, 0xDB, 0xBC,
    0x16, 0x74, 0xBA, 0xC2, 0xBF, 0x54, 0x06, 0x47, 0x0B, 0x68, 0x18, 0x1F, 0xAF, 0x75, 0xF0, 0x64,
    0x92, 0xBD, 0xE6, 0xE5, 0xAB, 0x6E, 0xB6, 0xE6, 0x67, 0xA1, 0xDA, 0x86, 0xFC, 0x80, 0xEA, 0x81,
    0x2B, 0x70, 0x6E, 0x15, 0x42, 0x39, 0x2C, 0x9D, 0x7D, 0x50, 0x1E, 0x0E, 0xB2, 0x1B, 0xE7, 0xC3,
    0xEC, 0xBA, 0x4A, 0xD0, 0x28, 0xDE, 0xA8, 0x92, 0xCD, 0xFB, 0x9E, 0x56, 0x26, 0x29, 0xD2, 0xE1,
    0x3B, 0xAD, 0xDE, 0x15, 0xF6, 0xF5, 0xBE, 0xA4, 0xC3, 0x9F, 0x2F, 0xF3, 0x83, 0x6F, 0x93, 0xD6,
    0xF9, 0x3A, 0xA1, 0x4B, 0xDD, 0x47, 0x7C, 0x7F, 0x40, 0xC1, 0x99, 0x6F, 0x08, 0x96, 0x54, 0x82,
    0x2F, 0xC5, 0xAF, 0xFB, 0xB3, 0x41, 0x9C, 0xB8, 0x62, 0xFF, 0xBF, 0x32, 0x39, 0x53, 0x8B, 0x65,
    0x2D, 0xC8, 0x2D, 0x14, 0x16, 0x16, 0xD4, 0x80, 0x9C, 0x54, 0x05, 0x8E, 0x3A, 0x96, 0xEF, 0xAE,
    0xD0, 0x65, 0x86, 0x68, 0x54, 0xC3, 0xAF, 0x5F, 0xB1, 0x22, 0xA4, 0xD4, 0x08, 0x0B, 0xD9, 0xDF,
    0x9A, 0x92, 0xCE, 0x1C, 0x1A, 0xC5, 0x10, 0x01, 0x76, 0x39, 0x74, 0xF2, 0xC4, 0x4A, 0x07, 0x04,
    0x8F, 0x80, 0x47, 0xE5, 0xF6, 0x7E, 0x49, 0x78, 0x93, 0x34, 0x88, 0x40, 0x4E, 0xD2, 0xFD, 0xA8,
    0xCB, 0x62, 0xF3, 0x5E, 0x53, 0xF4, 0xA5, 0xA6, 0x1E, 0xC3, 0xAF, 0x9F, 0x3E, 0xB4, 0x46, 0xAE,
    0xF7, 0x12, 0x19, 0xD3, 0x50, 0xA1, 0xAE, 0x32, 0x1D, 0x22, 0x9D, 0xEC, 0xA1, 0xF4, 0x91, 0xA8,
    0x3C, 0x57, 0x71, 0xAE, 0xD2, 0x1C, 0xF6, 0xF0, 0x81, 0x57, 0x39, 0x7C, 0xA3, 0x46, 0x7F, 0xAD,
    0x57, 0xBA, 0x4E, 0xFD, 0x0D, 0xA7, 0x0F, 0xB3, 0xE2, 0x3E, 0x1C, 0x8B, 0xF7, 0xF7, 0x11, 0x74,
    0x3A, 0xF2, 0x93, 0xE6, 0xA8, 0xFF, 0x8C, 0xA8, 0xC8, 0x1A, 0x63, 0x3E, 0xE6, 0x4D, 0xF0, 0xBF,
    0x01, 0x55, 0x54, 0x41, 0x6F, 0x1B, 0x45, 0x14, 0xFE, 0x76, 0xD7, 0xCE, 0x36, 0xDD, 0x3A, 0xBB,
    0x07, 0x5B, 0x6A, 0x83, 0x93, 0x8D, 0xA2, 0x20, 0x05, 0x6B, 0xED, 0x35, 0x68, 0x23, 0xB6, 0xC4,
    0xF6, 0x3E, 0x21, 0x24, 0x8E, 0xB8, 0x87, 0xA8, 0x08, 0x55, 0xC8, 0x52, 0x2B, 0x81, 0x72, 0xC1,
    0x89, 0x8C, 0x28, 0xA5, 0xD8, 0x03, 0x17, 0xAE, 0x39, 0xF0, 0x03, 0x4C, 0xC4, 0x85, 0xE5, 0x12,
    0x44, 0x44, 0x73, 0x48, 0xE2, 0x91, 0x7A, 0x40, 0xDC, 0x16, 0x71, 0xE8, 0x85, 0xC3, 0xAA, 0xFC,
    0x80, 0xFA, 0x10, 0x89, 0xA0, 0x90, 0x2E, 0x6F, 0x56, 0x21, 0x85, 0x91, 0x9F, 0x3D, 0x33, 0xEF,
    0xDB, 0xD9, 0x37, 0xDF, 0xF7, 0x3D, 0x0F, 0xE1, 0xC3, 0x12, 0x20, 0x63, 0x6A, 0xCB, 0x36, 0x1C,
    0xE8, 0xA7, 0xB0, 0xCE, 0xD1, 0xB0, 0xE1, 0x68, 0x70, 0xDF, 0x44, 0xF4, 0x0C, 0xBB, 0xE7, 0xE0,
    0xFD, 0x4A, 0x77, 0x74, 0x5A, 0xE9, 0x56, 0xBA, 0xD9, 0xC9, 0x46, 0xB7, 0x5F, 0x6D, 0x1F, 0xF8,
    0xA9, 0x06, 0x0C, 0x27, 0x9F, 0x0F, 0xBC, 0xBF, 0xDB, 0x07, 0x2D, 0xF0, 0x88, 0xE4, 0xB2, 0x34,
    0xE4, 0x1C, 0xAE, 0x60, 0x91, 0x3E, 0x96, 0xE3, 0xE4, 0x81, 0x9C, 0x87, 0xF9, 0x44, 0xDA, 0xEF,
    0x50, 0xAB, 0x05, 0xC7, 0x41, 0x68, 0xA3, 0xF1, 0x10, 0xF6, 0x14, 0x45, 0xC2, 0x6A, 0x18, 0xF4,
    0x83, 0x64, 0x2B, 0xF9, 0x41, 0xEE, 0x8A, 0x4E, 0x1B, 0xAE, 0x0B, 0xF3, 0x2B, 0x2E, 0x82, 0xB8,
    0x8E, 0xC4, 0x90, 0x41, 0xA9, 0x73, 0xE8, 0x4E, 0x01, 0x2B, 0xF5, 0x4F, 0x06, 0x2D, 0xA7, 0xA0,
    0x89, 0x39, 0x6A, 0xE1, 0x21, 0x8E, 0x31, 0x44, 0x19, 0xA6, 0xB0, 0x13, 0x8B, 0x51, 0xA6, 0x50,
    0xF5, 0xBA, 0x88, 0x68, 0x84, 0xFB, 0x08, 0xB0, 0x08, 0xED, 0x32, 0x67, 0xE4, 0xB9, 0x08, 0xB6,
    0x30, 0x24, 0xC8, 0x4A, 0x5D, 0x5E, 0x77, 0x01, 0xF3, 0xB8, 0x54, 0x40, 0xEF, 0x38, 0xA1, 0xC9,
    0x34, 0x9E, 0x22, 0x45, 0xA2, 0x49, 0x4D, 0x80, 0x51, 0xB6, 0x34, 0xE5, 0x4B, 0x58, 0x41, 0xE1,
    0x7E, 0x9A, 0x06, 0xB3, 0xB8, 0x86, 0x09, 0x55, 0xF8, 0x42, 0x25, 0x9E, 0xA9, 0x31, 0x8B, 0x11,
    0x2D, 0xE0, 0x3A, 0xA2, 0x24, 0x5F, 0x8E, 0xD5, 0xA3, 0xEB, 0x32, 0x22, 0x60, 0x15, 0x21, 0xBF,
    0xBA, 0x23, 0x7C, 0x9E, 0xBF, 0x32, 0x1A, 0xA2, 0x6E, 0xA1, 0xE3, 0x52, 0xDB, 0x56, 0xB0, 0x06,
    0x7E, 0x92, 0xBF, 0xCA, 0x47, 0xB2, 0x86, 0x79, 0xB4, 0x31, 0x50, 0x05, 0xC0, 0x82, 0x25, 0x8D,
    0xE4, 0xB6, 0x3C, 0xE6, 0x52, 0xEB, 0x68, 0x21, 0xDA, 0x71, 0x93, 0x60, 0xD0, 0x1F, 0xCF, 0xC7,
    0x14, 0x65, 0xA2, 0x69, 0xD0, 0x92, 0x8E, 0x5B, 0x85, 0x0F, 0xEE, 0xDC, 0x4C, 0xF7, 0xEA, 0xED,
    0x13, 0x3F, 0x29, 0x92, 0x71, 0x62, 0x1F, 0xB6, 0x17, 0x1D, 0xED, 0x5F, 0xD2, 0xAD, 0x24, 0x9A,
    0xEE, 0x0D, 0xC8, 0x51, 0xE2, 0x9C, 0xE1, 0x9B, 0xFF, 0x88, 0xA3, 0x34, 0xC8, 0xD2, 0x5A, 0xBC,
    0x93, 0x4F, 0x98, 0x3F, 0x6C, 0xC6, 0x82, 0x3F, 0x8C, 0x1C, 0x3D, 0xC3, 0xD3, 0x1C, 0x59, 0x8B,
    0x05, 0xBF, 0x67, 0x33, 0x8E, 0xC7, 0x93, 0x2C, 0x4B, 0x01, 0xE2, 0x7A, 0x98, 0x55, 0x33, 0x45,
    0x47, 0xA5, 0x2F, 0x86, 0xC9, 0x31, 0xC7, 0xE1, 0x71, 0x04, 0x1C, 0x0C, 0xD4, 0x24, 0x60, 0x08,
    0x75, 0x01, 0x60, 0x81, 0x23, 0xE4, 0xE8, 0x73, 0x30, 0x23, 0x3A, 0xA7, 0x4C, 0xFA, 0xFF, 0x13,
    0x4B, 0x1C, 0x8E, 0x57, 0xAA, 0x0E, 0x1C, 0x50, 0x53, 0x17, 0x9D, 0xEF, 0xA9, 0x16, 0xE7, 0x26,
    0xC9, 0x44, 0x4F, 0xA7, 0x9E, 0x81, 0xC9, 0x73, 0xDC, 0xB8, 0xF7, 0xC9, 0xEF, 0x5F, 0x5E, 0x01,
    0xF9, 0xE4, 0x63, 0x99, 0x4F, 0x0D, 0x42, 0xCF, 0xDB, 0xC7, 0xD5, 0x98, 0xC9, 0x18, 0x5F, 0x5E,
    0x61, 0xC8, 0x0A, 0x9B, 0x17, 0xFE, 0x6C, 0x70, 0x85, 0xD6, 0x17, 0x14, 0x9D, 0xD1, 0xD6, 0x73,
    0xB0, 0x13, 0x56, 0x0E, 0xBD, 0x01, 0x61, 0x1F, 0xE1, 0x99, 0x3C, 0xFC, 0x53, 0x7E, 0xFA, 0x98,
    0xA5, 0x66, 0xFC, 0x51, 0xEE, 0x13, 0x26, 0xD4, 0xCF, 0x64, 0xA0, 0x8B, 0x25, 0x8D, 0x4B, 0x83,
    0x9B, 0x9D, 0xF0, 0x77, 0x2D, 0x1E, 0x33, 0x3D, 0x5E, 0x3F, 0x9C, 0x86, 0x69, 0x90, 0xD4, 0x30,
    0xE1, 0xEB, 0xB0, 0x54, 0x05, 0x58, 0x07, 0x82, 0xD1, 0xDB, 0x19, 0x8C, 0xB7, 0x72, 0x02, 0xB8,
    0xFC, 0x03, 0xB0, 0x64, 0x33, 0x24, 0xFD, 0x4C, 0xAC, 0x1D, 0xC3, 0x21, 0xE8, 0x29, 0xF4, 0x5C,
    0x7F, 0x36, 0xBE, 0xFD, 0x54, 0x46, 0x19, 0x35, 0x87, 0x28, 0x02, 0xFE, 0x13, 0xFA, 0x2C, 0x43,
    0xF7, 0x43, 0xCE, 0x5C, 0xEF, 0x8D, 0xA6, 0x6B, 0x39, 0xC6, 0x65, 0x92, 0xAA, 0xCC, 0xC6, 0xD0,
    0x4A, 0x8F, 0x06, 0x1A, 0x2D, 0xF4, 0xD8, 0x44, 0xCE, 0x8D, 0x7B, 0x05, 0x08, 0x1D, 0x3A, 0x41,
    0xA8, 0xF5, 0x5D, 0xE0, 0x17, 0xF5, 0xAB, 0xD6, 0x6A, 0x1F, 0xEF, 0xBE, 0x8C, 0x9E, 0x46, 0xB3,
    0x6A, 0x6F, 0x64, 0xA5, 0xE7, 0xCA, 0x68, 0x2E, 0xB7, 0xA7, 0x22, 0xC3, 0xDB, 0x1F, 0xEF, 0x3B,
    0xAA, 0x23, 0xA2, 0xD3, 0xBE, 0x67, 0x08, 0x53, 0xEA, 0x58, 0x66, 0xDA, 0x7C, 0xBC, 0xC6, 0xB7,
    0xD3, 0xC5, 0x90, 0xE5, 0xD3, 0x85, 0xAA, 0xD8, 0x65, 0x3A, 0x7B, 0xAA, 0x82, 0x41, 0x09, 0xEE,
    0xFB, 0x68, 0xAC, 0xA3, 0xB7, 0x2D, 0xAA, 0x96, 0x59, 0x5F, 0x51, 0xDD, 0xAA, 0xE1, 0x75, 0xB8,
    0xC9, 0xA6, 0xB8, 0x26, 0x14, 0xC4, 0x3F, 0x6A, 0x3E, 0x7E, 0xF5, 0x67, 0xFF, 0x08, 0x68, 0x72,
    0x17, 0x19, 0xD0, 0x95, 0x03, 0x34, 0xA5, 0xE1, 0x55, 0xD8, 0x3B, 0xDA, 0x01, 0xF4, 0x2C, 0x63,
    0x60, 0xB1, 0x7B, 0x61, 0x8B, 0xBE, 0xD2, 0xB8, 0x01, 0x6D, 0x1F, 0x66, 0x9E, 0x78, 0xEF, 0x6B,
    0xA0, 0xB2, 0xB1, 0x41, 0xA3, 0x2C, 0x93, 0xEA, 0x97, 0xA3, 0x1B, 0x65, 0x59, 0x4E, 0xC0, 0xCC,
    0x77, 0xC0, 0x8E, 0x9F, 0xFD, 0xF5, 0xB6, 0x1C, 0xCC, 0x64, 0x4C, 0x0F, 0x8A, 0xDF, 0xF2, 0x66,
    0x4C, 0xEA, 0xCC, 0x53, 0x3E, 0x1D, 0x1F, 0x71, 0xB1, 0xE0, 0xEE, 0x7C, 0x31, 0x34, 0xB6, 0xA6,
    0x3A, 0xE8, 0xB6, 0x12, 0x8C, 0xFF, 0x25, 0xC2, 0x64, 0x4B, 0xEE, 0xCA, 0x07, 0x7C, 0x9C, 0x46,
    0xD5, 0xE4, 0x0D, 0x19, 0xA2, 0xCE, 0x2F, 0x2D, 0x94, 0xCA, 0x9E, 0x17, 0x86, 0x9C, 0x5F, 0x4D,
    0xFA, 0x69, 0x5F, 0xAE, 0x33, 0xBA, 0x4C, 0x4A, 0xCF, 0xED, 0x4B, 0xAC, 0xEA, 0x49, 0x85, 0x65,
    0x3F, 0xEC, 0x15, 0xD3, 0x17, 0xE7, 0x94, 0xF9, 0x6E, 0x37, 0xA9, 0x9D, 0xAC, 0x49, 0xDE, 0x51,
    0xEB, 0x5B, 0xB4, 0xF8, 0x48, 0x7A, 0x3F, 0x8A, 0xF0, 0x0F, 0x0A, 0x7E, 0x53, 0x0F, 0x94, 0x69,
    0x61, 0xEC, 0xE5, 0x3D, 0x8D, 0xDC, 0xE8, 0x2D, 0x9E, 0x35, 0x73, 0xB3, 0x3B, 0x14, 0xEE, 0xAC,
    0x8A, 0xAA, 0x58, 0x54, 0x28, 0xA7, 0x2A, 0x6C, 0xF6, 0xCE, 0x5D, 0x01, 0xFC, 0x03, 0xBD, 0x5C,
    0x5D, 0x8C, 0xDD, 0x64, 0x7A, 0xFE, 0x7C, 0x9C, 0xC4, 0x2C, 0x26, 0xE3, 0x20, 0x25, 0xDB, 0x15,
    0xF9, 0x31, 0x52, 0xB9, 0xA0, 0xDD, 0x01, 0xAF, 0xB4, 0x51, 0x35, 0x2A, 0x93, 0xD8, 0x30, 0x52,
    0xB9, 0x88, 0x2A, 0x46, 0x2D, 0x59, 0x2E, 0xD2, 0x76, 0xF6, 0xB2, 0x5B, 0x69, 0x9B, 0xA9, 0xC8,
    0x0A, 0x2A, 0x25, 0x63, 0x13, 0x2E, 0x72, 0xC1, 0x05, 0x53, 0xA9, 0xF4, 0x86, 0x4A, 0xA4, 0xDA,
    0x5E, 0xEC, 0xD2, 0x76, 0x99, 0xD5, 0xD2, 0x36, 0x52, 0xE7, 0x1C, 0x3B, 0xC9, 0x05, 0x95, 0xF6,
    0x02, 0x27, 0x88, 0xE5, 0x22, 0xAD, 0xD6, 0x10, 0x60, 0x5B, 0xE8, 0x82, 0x21, 0x4E, 0x70, 0x26,
    0xF6, 0x71, 0x9F, 0xE7, 0xFD, 0xEC, 0x33, 0x67, 0x92, 0x10, 0x12, 0x32, 0xEC, 0x30, 0xF6, 0x99,
    0xCC, 0x9C, 0xF3, 0x7D, 0xEF, 0xF7, 0xFE, 0x3C, 0xEF, 0xAF, 0x51, 0x66, 0xAE, 0x94, 0x51, 0x28,
    0xA5, 0xA6, 0x71, 0x6D, 0x50, 0xBD, 0xA6, 0xA9, 0x54, 0xF8, 0x72, 0xA9, 0x7C, 0x35, 0xA5, 0x42,
    0xB5, 0x5B, 0xC5, 0xF8, 0xF5, 0x00, 0xD7, 0xF0, 0x65, 0xA5, 0x9A, 0x46, 0x19, 0x95, 0x52, 0xBD,
    0x52, 0x29, 0x93, 0x57, 0xA1, 0x52, 0x33, 0xEF, 0x25, 0xF6, 0xC5, 0x03, 0x49, 0xDC, 0x34, 0x91,
    0xE2, 0x97, 0x7D, 0x3A, 0x55, 0xCE, 0x6B, 0xA9, 0xEA, 0x3D, 0x22, 0xFF, 0xBE, 0x9D, 0xF5, 0xBC,
    0xA6, 0xC9, 0xF7, 0xBE, 0xF2, 0x41, 0xBE, 0xDB, 0x8B, 0xF2, 0x79, 0x3F, 0xCA, 0x94, 0x1F, 0x28,
    0xAC, 0xA3, 0x54, 0x18, 0x2F, 0xAA, 0xF8, 0xE3, 0x42, 0xD5, 0xBD, 0x4A, 0xE1, 0x3F, 0x43, 0x2E,
    0xA3, 0xEA, 0x95, 0xBD, 0xD2, 0x2A, 0xB7, 0x67, 0x7E, 0xC3, 0x37, 0xDA, 0x99, 0x52, 0x2E, 0x68,
    0xD8, 0x83, 0x0F, 0xCC, 0x92, 0x8E, 0xB2, 0xA5, 0x63, 0x37, 0xE8, 0x98, 0xC7, 0xA5, 0xE9, 0xA8,
    0x71, 0x81, 0x86, 0xAB, 0xE8, 0x50, 0x64, 0x8B, 0x8D, 0xD7, 0xB8, 0x51, 0xFA, 0x6B, 0xFB, 0x10,
    0xEF, 0x3D, 0x98, 0x98, 0xB9, 0x9D, 0x38, 0xA9, 0x1D, 0x79, 0x58, 0x99, 0xBB, 0x84, 0xFB, 0xF9,
    0x9E, 0x48, 0x0D, 0x79, 0xA4, 0xF6, 0xE2, 0x11, 0xC3, 0xE0, 0x2E, 0xE5, 0xAD, 0x9C, 0x50, 0x56,
    0x93, 0xA9, 0xD1, 0x97, 0x8B, 0xBF, 0xF6, 0x0F, 0x26, 0x46, 0xEE, 0x70, 0x9D, 0x80, 0xFB, 0xF4,
    0xB0, 0xBF, 0xD1, 0x24, 0xF8, 0x00, 0xFE, 0xE1, 0x92, 0x88, 0xA1, 0xDA, 0x08, 0xC2, 0xF6, 0xE2,
    0x3F, 0x5F, 0x1D, 0x51, 0xDE, 0x99, 0x12, 0x6B, 0xA4, 0x4A, 0xF3, 0xB2, 0x50, 0x61, 0x4A, 0x0E,
    0x84, 0xB2, 0xC9, 0x40, 0xA8, 0xAF, 0x48, 0x3B, 0x48, 0x07, 0xE5, 0x58, 0x10, 0x74, 0x83, 0xEC,
    0x78, 0x28, 0x1F, 0x38, 0x7C, 0x58, 0x2D, 0x2F, 0xAB, 0xFB, 0xEE, 0xBB, 0xE5, 0xCF, 0x7A, 0x38,
    0x91, 0x55, 0x6B, 0x4E, 0x58, 0xB9, 0xBE, 0xC8, 0x4F, 0x07, 0x84, 0x38, 0x20, 0xD6, 0xC5, 0xE5,
    0xE1, 0xF2, 0x5B, 0x2E, 0x88, 0x50, 0xD6, 0x32, 0x94, 0xCC, 0xDC, 0x8E, 0x8F, 0x85, 0x54, 0x03,
    0xBF, 0xE1, 0x11, 0xEC, 0x97, 0x1B, 0xBC, 0xD7, 0xE2, 0x5F, 0x95, 0x4D, 0x86, 0xAB, 0x89, 0x1E,
    0xEF, 0x9B, 0xC9, 0x74, 0xB5, 0xC3, 0x84, 0x84, 0xD4, 0xA4, 0x79, 0x11, 0xFB, 0x4F, 0x59, 0x39,
    0x96, 0x3C, 0x64, 0x67, 0x58, 0x3C, 0x77, 0x52, 0x3F, 0xE8, 0x65, 0x4E, 0x1A, 0xAA, 0x83, 0x89,
    0x93, 0x0C, 0x15, 0x14, 0xE3, 0x5C, 0xA9, 0x06, 0x90, 0xE8, 0x62, 0xCB, 0xD7, 0x5E, 0x73, 0x91,
    0x9F, 0x0D, 0x53, 0x9C, 0x10, 0xB4, 0x88, 0x5C, 0x84, 0xA6, 0xB8, 0xA5, 0x8A, 0xF7, 0xA6, 0x69,
    0x2E, 0x53, 0xED, 0x86, 0x71, 0x44, 0x85, 0x71, 0xD2, 0x5E, 0x69, 0x54, 0x4E, 0x66, 0x96, 0x3D,
    0xDE, 0x8B, 0x5E, 0xE9, 0x40, 0xF9, 0xCC, 0xC2, 0x4B, 0xEC, 0xC2, 0xBE, 0xDC, 0x80, 0x0D, 0x61,
    0xF3, 0xAE, 0xA2, 0x0A, 0x2A, 0xEA, 0xA0, 0xA2, 0x12, 0x2A, 0xD1, 0x42, 0x59, 0x5F, 0x96, 0x17,
    0x45, 0x14, 0x4D, 0x14, 0x55, 0x14, 0x4D, 0x34, 0xF4, 0x0D, 0xC7, 0xEF, 0x95, 0x60, 0x9F, 0x55,
    0xE2, 0x70, 0x7E, 0x63, 0x51, 0x8D, 0xC8, 0x12, 0x65, 0x51, 0x1F, 0x1C, 0xAE, 0xB0, 0x55, 0xA4,
    0x02, 0xD9, 0x87, 0xE9, 0x20, 0xC0, 0x7A, 0x27, 0xB0, 0x5E, 0x0F, 0x07, 0x88, 0x6D, 0xFC, 0x75,
    0xF0, 0x00, 0x95, 0x69, 0x99, 0x74, 0x53, 0x43, 0xAA, 0x98, 0x1F, 0x0F, 0x03, 0x48, 0x0A, 0x3C,
    0x37, 0x0B, 0x08, 0xC0, 0xCC, 0x9D, 0x0C, 0xF2, 0xB2, 0x28, 0x31, 0x61, 0x63, 0x9F, 0x14, 0x79,
    0x62, 0x83, 0x5C, 0xDE, 0x08, 0xB8, 0x7C, 0x5C, 0x63, 0x79, 0xF7, 0x5D, 0x2C, 0x0F, 0xB9, 0x85,
    0x14, 0x5A, 0xAC, 0xE2, 0x88, 0xDC, 0x0B, 0x54, 0xED, 0x80, 0x2F, 0xD5, 0x74, 0x88, 0xE5, 0xF3,
    0x18, 0x6F, 0x8E, 0x06, 0xCA, 0x1C, 0x42, 0x7E, 0xA0, 0xB8, 0xC2, 0xF2, 0x38, 0x87, 0x5D, 0x98,
    0x15, 0x96, 0xF7, 0xF0, 0xE6, 0x8D, 0x2A, 0x50, 0xAE, 0x91, 0x28, 0xEF, 0x25, 0x6D, 0x18, 0x64,
    0x41, 0xED, 0xD4, 0x2E, 0x08, 0xB0, 0x73, 0x33, 0xB1, 0x72, 0x0B, 0xFA, 0xEC, 0xE0, 0xB3, 0x93,
    0x58, 0x6E, 0x0A, 0x0C, 0x81, 0xEC, 0x45, 0xAF, 0x23, 0xCD, 0x2B, 0xC0, 0xCB, 0x36, 0x9C, 0xD0,
    0xC7, 0xAF, 0xBD, 0xA8, 0x13, 0x5B, 0x41, 0x70, 0x48, 0x45, 0x2F, 0xF1, 0xCB, 0x90, 0x9C, 0x15,
    0xC1, 0x89, 0xC4, 0x6A, 0xDE, 0x2A, 0xFC, 0x0C, 0x42, 0x6A, 0x32, 0x0F, 0x44, 0x41, 0x64, 0x38,
    0x7D, 0x8F, 0xE4, 0x81, 0x4A, 0xFB, 0xE2, 0x13, 0x25, 0xAC, 0x0F, 0x30, 0x22, 0xDA, 0xA9, 0xCC,
    0x84, 0x37, 0x1E, 0xDE, 0x94, 0x0D, 0xA8, 0xAA, 0xCA, 0xA5, 0xF1, 0xF8, 0xFC, 0xF3, 0xBF, 0xF3,
    0xF6, 0x16, 0x08, 0x30, 0x4F, 0x53, 0xA7, 0x67, 0x70, 0x9B, 0xA0, 0x9D, 0x3F, 0x40, 0x35, 0xF7,
    0xA9, 0x41, 0xFF, 0xFA, 0x9D, 0x52, 0x19, 0x19, 0x97, 0x4F, 0x78, 0xFA, 0x04, 0xD6, 0xE9, 0x17,
    0x4E, 0x13, 0x40, 0xD7, 0x60, 0x3E, 0x7F, 0x57, 0x80, 0xB6, 0x25, 0x50, 0xB5, 0x34, 0x42, 0x31,
    0xA8, 0x88, 0x1A, 0xC6, 0x81, 0x51, 0xB9, 0x89, 0x28, 0x10, 0x2F, 0x08, 0xC7, 0xCC, 0xFD, 0xC8,
    0x86, 0x22, 0xC7, 0xF8, 0x7B, 0xAF, 0x19, 0xE2, 0x54, 0xAF, 0xE4, 0xCA, 0xC7, 0x36, 0x21, 0xAE,
    0x18, 0xD7, 0xC0, 0xCE, 0xF1, 0xB9, 0x48, 0x35, 0x43, 0x9C, 0xCE, 0x85, 0x2A, 0xDA, 0x50, 0x44,
    0xF0, 0xB1, 0x80, 0x2A, 0xE6, 0x6E, 0x6A, 0x5F, 0x8C, 0xA3, 0x18, 0xEA, 0x7A, 0x5B, 0xA8, 0x65,
    0x13, 0x7A, 0x7B, 0x2B, 0xAF, 0x64, 0xCA, 0x48, 0xA1, 0x2F, 0xBD, 0x04, 0x2C, 0x36, 0x13, 0xB0,
    0xD8, 0x0C, 0x7C, 0x9A, 0x21, 0xD6, 0x72, 0x78, 0x90, 0xCD, 0x5C, 0x71, 0x92, 0x4B, 0x4E, 0x71,
    0xCD, 0x25, 0xEA, 0x6F, 0x86, 0x55, 0x7F, 0xEB, 0xCD, 0x27, 0x2E, 0xD3, 0x72, 0x9B, 0x00, 0x10,
    0xEA, 0xAA, 0x43, 0x7C, 0xFB, 0x12, 0x58, 0xA6, 0x8E, 0xF3, 0x33, 0xB7, 0xE5, 0x28, 0x9A, 0xF3,
    0xCD, 0x27, 0x54, 0xFC, 0x67, 0xE2, 0x00, 0x1F, 0xB1, 0xF1, 0x79, 0x12, 0x1F, 0x0D, 0xA8, 0xFE,
    0x46, 0x52, 0xDB, 0x14, 0x5E, 0x5E, 0x4D, 0x52, 0x8B, 0x57, 0x6A, 0xEA, 0xB6, 0xC9, 0xDD, 0x40,
    0xC0, 0xF9, 0x92, 0xC8, 0xE6, 0x9D, 0x2E, 0x04, 0x63, 0x4D, 0xA2, 0x84, 0x51, 0x03, 0x2C, 0x70,
    0x32, 0xB0, 0x10, 0xDA, 0xED, 0xE4, 0x6E, 0x06, 0xBB, 0xF0, 0xA3, 0xA6, 0xB2, 0x4A, 0xAD, 0x66,
    0x1E, 0x78, 0x5C, 0x87, 0x90, 0x09, 0x4C, 0x3E, 0xEB, 0x10, 0x0C, 0xBC, 0xD8, 0x08, 0x83, 0x71,
    0x8B, 0x16, 0xB9, 0x88, 0x64, 0x5E, 0xB4, 0x13, 0xAF, 0xC4, 0x5D, 0xFF, 0x99, 0x1A, 0xEC, 0xCB,
    0x3A, 0x2D, 0x5D, 0x37, 0x23, 0x52, 0x5B, 0x0C, 0xAC, 0x78, 0xC2, 0x22, 0xAB, 0x0E, 0x93, 0xB4,
    0x45, 0xB5, 0xDE, 0x7B, 0xAC, 0x27, 0xA4, 0x40, 0xF8, 0x99, 0x46, 0x6D, 0x8B, 0x8E, 0xCD, 0xA6,
    0x8E, 0x4C, 0x50, 0x47, 0x36, 0x53, 0xBA, 0x3B, 0x7A, 0x82, 0xD7, 0xE0, 0xE0, 0x14, 0xF5, 0xEE,
    0x10, 0x9D, 0x44, 0x0E, 0xBD, 0xEE, 0x65, 0x30, 0x46, 0x40, 0x75, 0x0A, 0xA4, 0x86, 0xF1, 0x0D,
    0x94, 0x88, 0x4E, 0x4E, 0x99, 0xA9, 0x18, 0x36, 0x90, 0x1B, 0x40, 0x6E, 0x3F, 0x37, 0xA1, 0xA4,
    0x4F, 0xE5, 0x16, 0xC8, 0x78, 0xB2, 0x98, 0x80, 0x1A, 0xFC, 0xAC, 0x98, 0xC4, 0xFA, 0xE7, 0xCB,
    0xDD, 0x78, 0xFB, 0xD9, 0xF2, 0xA7, 0xD0, 0xC2, 0x53, 0xD5, 0x59, 0x68, 0xF0, 0xC9, 0xE1, 0x29,
    0xB8, 0xA7, 0x93, 0x0D, 0x3D, 0x54, 0x34, 0xC4, 0x56, 0x66, 0x50, 0x61, 0x2F, 0x3B, 0x2A, 0x9D,
    0x5C, 0xC5, 0x59, 0x1E, 0xD6, 0x23, 0x24, 0xF1, 0xC8, 0x3F, 0x57, 0xF8, 0x17, 0x81, 0x7F, 0xD0,
    0xF5, 0x01, 0xE1, 0x64, 0xB8, 0x3F, 0x16, 0xFC, 0xA7, 0x52, 0x0E, 0xA8, 0x95, 0x1D, 0xEB, 0x0A,
    0xC2, 0x49, 0x8E, 0x5F, 0xE0, 0xD0, 0xE4, 0x9F, 0xDF, 0xAC, 0x3A, 0x6A, 0xED, 0xEC, 0xC5, 0x55,
    0x7B, 0x91, 0x59, 0xF8, 0x81, 0x59, 0x86, 0xF8, 0x58, 0x8C, 0x4F, 0x0D, 0xE1, 0x10, 0x87, 0xCA,
    0xC6, 0xE5, 0xA4, 0x03, 0x6C, 0xE5, 0x73, 0xD7, 0x33, 0xD5, 0x98, 0xA3, 0xD6, 0xC6, 0x11, 0xDF,
    0x32, 0xB0, 0x95, 0x2D, 0xB0, 0x15, 0x50, 0x5E, 0x21, 0xA7, 0x45, 0x8F, 0xAC, 0x45, 0x8F, 0x52,
    0xAE, 0x01, 0x7E, 0x86, 0xD6, 0x2B, 0x20, 0x87, 0x01, 0x04, 0xE9, 0xD5, 0xB3, 0xB7, 0x1E, 0xB7,
    0xB4, 0x71, 0xCA, 0x17, 0xC5, 0x2D, 0xA3, 0x18, 0xCC, 0x4D, 0xF2, 0x79, 0x8F, 0x31, 0xD8, 0xE7,
    0xBB, 0x7C, 0xA3, 0xBD, 0x4C, 0x51, 0x9D, 0xE0, 0xB6, 0xFD, 0x43, 0xA7, 0x35, 0x79, 0xBB, 0x15,
    0x11, 0xD1, 0xBE, 0x3C, 0x08, 0x23, 0x2F, 0xA9, 0x1D, 0x84, 0x06, 0xD0, 0x82, 0x58, 0xE1, 0x36,
    0x34, 0x78, 0x03, 0x86, 0xE6, 0x03, 0x02, 0xA8, 0x0F, 0x81, 0x25, 0xEE, 0x5B, 0x17, 0xC9, 0x3C,
    0xE2, 0xB3, 0xC3, 0x93, 0xC4, 0xD4, 0xC1, 0xFD, 0x8F, 0x73, 0x25, 0xD0, 0xA4, 0xBC, 0x02, 0xEA,
    0xE9, 0xE4, 0x0E, 0x70, 0xB0, 0x98, 0x24, 0x48, 0x01, 0xD8, 0x8C, 0x21, 0xDD, 0x05, 0xAD, 0x54,
    0x38, 0x61, 0x48, 0xB0, 0x72, 0x10, 0xBF, 0xDB, 0x49, 0x17, 0x72, 0x08, 0xCA, 0x66, 0x64, 0x60,
    0xBA, 0x95, 0xDA, 0x15, 0xBC, 0x82, 0xC8, 0xE6, 0x3A, 0xFE, 0x2B, 0xBE, 0x35, 0xFF, 0x75, 0xB9,
    0xF5, 0x5F, 0xAD, 0xE7, 0x9E, 0xE0, 0x6D, 0xB3, 0xBE, 0xF9, 0x8D, 0xDB, 0x44, 0xDB, 0x4B, 0xC4,
    0x61, 0x56, 0xCE, 0xD0, 0x8C, 0x9B, 0x3B, 0x29, 0x6F, 0x09, 0x0C, 0xCC, 0xA1, 0x81, 0x39, 0x19,
    0x94, 0xDD, 0x6A, 0xC8, 0xC7, 0x97, 0x0F, 0x46, 0x2D, 0x8C, 0x8D, 0xC5, 0x27, 0x31, 0xE3, 0x60,
    0x48, 0xB2, 0xD7, 0x5C, 0x6A, 0x3E, 0x03, 0x1F, 0xC3, 0x34, 0xFE, 0x1B, 0x0A, 0x06, 0x94, 0x0D,
    0x94, 0xDC, 0x6A, 0x1E, 0x76, 0x48, 0xE9, 0xE1, 0x67, 0x0A, 0xAF, 0x56, 0x55, 0x1B, 0xCA, 0x80,
    0x62, 0xDE, 0xA0, 0x55, 0xBC, 0xD1, 0xEE, 0x4A, 0x33, 0xC7, 0xF6, 0x66, 0x61, 0xE5, 0x20, 0x40,
    0x8C, 0x03, 0xF0, 0x70, 0x71, 0xEE, 0xE2, 0x5C, 0x26, 0xA7, 0xA0, 0xBB, 0xF9, 0x8A, 0x37, 0x7A,
    0xB7, 0xDB, 0x48, 0xBE, 0x96, 0xF5, 0xCB, 0x94, 0x7E, 0xD9, 0xAD, 0x5F, 0xBE, 0x05, 0x9D, 0x2D,
    0xD5, 0x5E, 0xD8, 0xDE, 0x6E, 0x30, 0x62, 0xBE, 0xD3, 0x53, 0x8A, 0xB4, 0xD1, 0xB6, 0xC0, 0xE0,
    0x8F, 0xA1, 0x9F, 0x78, 0xEC, 0xC2, 0xD1, 0xDE, 0xFA, 0xD2, 0x50, 0x85, 0xE2, 0xAD, 0x8B, 0x1E,
    0x7D, 0x6E, 0xDA, 0x46, 0xCB, 0x62, 0xB8, 0x6D, 0xCC, 0x1C, 0x8A, 0xB6, 0x0F, 0x64, 0x1D, 0x1C,
    0xA7, 0x0E, 0x23, 0x46, 0x7A, 0xCE, 0x49, 0x86, 0xD0, 0xCE, 0x59, 0x4A, 0xD7, 0x79, 0x83, 0x81,
    0xB4, 0x7B, 0x9A, 0xB1, 0xB4, 0xFF, 0x2C, 0x64, 0x76, 0x69, 0xC8, 0x88, 0xBA, 0x79, 0x17, 0x41,
    0x35, 0x23, 0x70, 0xA5, 0x03, 0xD4, 0x55, 0x8A, 0x06, 0x1D, 0x55, 0x21, 0x82, 0x52, 0xE7, 0xDA,
    0x18, 0xE2, 0x92, 0x8E, 0x21, 0xB4, 0x29, 0xD6, 0xF0, 0x63, 0x80, 0xA2, 0xDC, 0x86, 0x1F, 0xEB,
    0xA2, 0x72, 0x5C, 0x1B, 0x0F, 0xE4, 0xCA, 0xA5, 0x91, 0x00, 0x7B, 0x45, 0xD9, 0x9D, 0x64, 0x27,
    0xD4, 0x71, 0x2F, 0xF5, 0xF1, 0x61, 0x28, 0x59, 0x0B, 0x4A, 0x23, 0x4F, 0x63, 0x13, 0x51, 0xD2,
    0x10, 0x42, 0xF3, 0x8D, 0x52, 0x50, 0x85, 0x08, 0x18, 0x3B, 0x19, 0xD1, 0xD1, 0x65, 0xE0, 0x33,
    0x0C, 0x13, 0x88, 0x06, 0x8E, 0xBA, 0x07, 0xE9, 0xF8, 0x11, 0x42, 0xE4, 0x12, 0xF0, 0x57, 0xC0,
    0x51, 0x04, 0x8C, 0x51, 0xFC, 0x88, 0xA1, 0xB2, 0x9B, 0x78, 0x01, 0x42, 0xE5, 0xAC, 0x0F, 0xA0,
    0x32, 0x56, 0xB3, 0x1C, 0x23, 0x06, 0x29, 0xF6, 0x0A, 0x85, 0x9F, 0x88, 0xE8, 0x6B, 0xDE, 0x20,
    0xB0, 0x90, 0x42, 0xF7, 0x1F, 0x01, 0x4E, 0xB9, 0x1F, 0xE2, 0xE6, 0x90, 0x1D, 0x3E, 0x03, 0xB1,
    0x90, 0xE7, 0x18, 0x52, 0xD0, 0x90, 0x0B, 0x0E, 0xE1, 0x6A, 0xF7, 0xAD, 0x10, 0x72, 0x4A, 0x24,
    0x61, 0xE5, 0x21, 0x8E, 0xB4, 0x80, 0x23, 0xF5, 0xC1, 0xBB, 0x4A, 0x56, 0x8B, 0x49, 0x2B, 0x2C,
    0x28, 0x06, 0x7B, 0xFD, 0x1F, 0x0F, 0x03, 0x37, 0x6B, 0xC6, 0x0E, 0xB9, 0x29, 0x01, 0x43, 0x22,
    0x7E, 0xD6, 0x1C, 0xFE, 0xAD, 0xB2, 0x60, 0x1D, 0xCE, 0x3D, 0x8B, 0x6A, 0xE7, 0x4A, 0xA5, 0x3C,
    0xE0, 0xB5, 0x9F, 0xD0, 0x50, 0x43, 0x51, 0x4E, 0x5F, 0x1C, 0x04, 0x7E, 0x6F, 0x94, 0xCA, 0x39,
    0x06, 0x12, 0xC4, 0xFC, 0xF1, 0xB5, 0x11, 0x96, 0x5C, 0x5A, 0x69, 0xE5, 0x44, 0x95, 0xF7, 0x70,
    0xE5, 0x1F, 0xC8, 0xC2, 0x26, 0x5A, 0xB0, 0xF2, 0x05, 0xF0, 0xC0, 0x2C, 0xBD, 0x47, 0x73, 0x5B,
    0xA7, 0xBB, 0x8F, 0xC3, 0xFA, 0x92, 0xCD, 0xA0, 0x1D, 0x61, 0xBD, 0x0D, 0x9D, 0x61, 0x1C, 0x2A,
    0xA6, 0x0F, 0x1D, 0x0F, 0xE2, 0x03, 0x81, 0x57, 0x77, 0x6C, 0x69, 0x22, 0x03, 0x72, 0xD2, 0x8A,
    0x8F, 0x4D, 0xBF, 0x17, 0x9B, 0x57, 0x1A, 0x27, 0x69, 0xBC, 0x20, 0x04, 0x0D, 0xA1, 0xEA, 0xE3,
    0x54, 0xA1, 0x2A, 0xFD, 0x5E, 0xEE, 0x1F, 0x4B, 0xED, 0xE1, 0x88, 0x86, 0xC2, 0x3A, 0x23, 0x34,
    0x3C, 0x52, 0xFA, 0xE0, 0x43, 0x13, 0x85, 0xB3, 0x5C, 0xDF, 0x57, 0xB3, 0xDE, 0x2F, 0x52, 0x5B,
    0x13, 0x3B, 0xCB, 0x58, 0xDF, 0x84, 0x63, 0xF4, 0x8A, 0x09, 0x7F, 0x26, 0x3F, 0x71, 0x62, 0x83,
    0x7B, 0xEC, 0xED, 0x7C, 0x1E, 0x59, 0xF8, 0x79, 0x2A, 0xC4, 0x2F, 0x7F, 0xC5, 0x44, 0x58, 0x12,
    0x30, 0xF7, 0xB1, 0x9F, 0xE3, 0xEE, 0xB9, 0xCF, 0xA5, 0x6A, 0x6A, 0x8F, 0xF7, 0x68, 0x16, 0x1C,
    0x3E, 0xE1, 0xCF, 0x5C, 0x4A, 0xFC, 0xCC, 0x37, 0x46, 0xEC, 0x7B, 0x1C, 0x0A, 0x93, 0xB8, 0x56,
    0xBE, 0x8B, 0x50, 0x97, 0xA9, 0xB9, 0x08, 0x09, 0x29, 0xD8, 0xBF, 0xC5, 0x49, 0x11, 0x3F, 0x95,
    0x5E, 0x14, 0x76, 0x27, 0x02, 0x7A, 0xD3, 0xF7, 0xD5, 0xCA, 0x0B, 0x80, 0x87, 0x06, 0x2F, 0xD8,
    0x4D, 0x0F, 0xB1, 0x2D, 0x2C, 0xB8, 0x0F, 0x5D, 0xAC, 0xDD, 0x5C, 0x35, 0x17, 0x56, 0x54, 0x78,
    0xB4, 0x5E, 0x15, 0xCD, 0xD2, 0x5D, 0x4A, 0x15, 0x08, 0x25, 0x49, 0xCE, 0xB6, 0x2F, 0xBF, 0x8E,
    0x9F, 0x37, 0x89, 0x9D, 0xEF, 0x01, 0xBB, 0x97, 0x94, 0x73, 0x16, 0x61, 0xDF, 0xB9, 0x08, 0x1A,
    0x05, 0xB1, 0x3F, 0x9F, 0x2A, 0x6F, 0x1F, 0x62, 0xED, 0x19, 0xE8, 0x45, 0xAF, 0xD2, 0xF0, 0x23,
    0x9B, 0xE0, 0x8F, 0x93, 0xC0, 0xE8, 0x29, 0x2F, 0x00, 0x2E, 0x28, 0xC1, 0x85, 0x25, 0x70, 0x32,
    0x43, 0x3C, 0x90, 0xD4, 0x6A, 0x3B, 0xAE, 0x38, 0x18, 0x2E, 0xF6, 0x75, 0xBE, 0x3A, 0x3A, 0x21,
    0x40, 0xDF, 0x4B, 0x3D, 0xAC, 0x97, 0x21, 0x83, 0x78, 0x28, 0xFB, 0x30, 0x55, 0x4F, 0x7E, 0xF2,
    0x7A, 0xA2, 0x7E, 0x76, 0xE1, 0xB1, 0x44, 0x9D, 0x6F, 0x10, 0xF4, 0x9F, 0xAA, 0xBC, 0x68, 0xFB,
    0xC9, 0xD2, 0x0B, 0xE2, 0x20, 0xF7, 0xDE, 0xED, 0xAB, 0xD4, 0xC9, 0xC7, 0x88, 0xF4, 0x22, 0x3B,
    0x87, 0xCD, 0x64, 0x08, 0xEA, 0x52, 0x5C, 0x6F, 0x0E, 0x40, 0x64, 0x8D, 0xAA, 0x04, 0x14, 0x0E,
    0x97, 0xCF, 0x03, 0xAB, 0x61, 0x14, 0x0A, 0x4E, 0x6B, 0x81, 0x37, 0x85, 0x95, 0x01, 0x08, 0x06,
    0xA2, 0x17, 0x71, 0x48, 0xD5, 0xA8, 0xA1, 0x1A, 0x7E, 0xAF, 0xF0, 0x1F, 0xED, 0x04, 0x8E, 0xCC,
    0xD1, 0xFF, 0x14, 0xF1, 0xC7, 0x47, 0xB1, 0xB2, 0x4B, 0x2C, 0x9B, 0x73, 0x79, 0xDA, 0xC8, 0x00,
    0x4B, 0xF7, 0xAF, 0x5E, 0xBA, 0x3D, 0xCF, 0x56, 0xE5, 0x94, 0x88, 0x0E, 0x3F, 0x3B, 0x88, 0xA4,
    0xA6, 0x05, 0x99, 0x5C, 0xAE, 0xC4, 0x82, 0x13, 0xB1, 0x91, 0x63, 0xCB, 0x1A, 0x88, 0x62, 0x5C,
    0x18, 0x33, 0x5D, 0xB0, 0xD7, 0x7A, 0x79, 0x09, 0x17, 0xF2, 0x4E, 0x1F, 0x4D, 0x92, 0x77, 0xC2,
    0x0B, 0x66, 0x75, 0x29, 0x41, 0x7F, 0xAF, 0xD1, 0x47, 0xB5, 0xD5, 0x08, 0x40, 0x9F, 0x9B, 0x83,
    0xC0, 0xA7, 0x0A, 0xBB, 0xF0, 0x4F, 0x17, 0x4E, 0x1E, 0x72, 0xB7, 0x05, 0x6E, 0xD7, 0xB7, 0x72,
    0x30, 0x00, 0xC1, 0x7A, 0x50, 0x61, 0xD7, 0x87, 0x61, 0xF3, 0x10, 0xB8, 0xF3, 0xBF, 0x21, 0x6B,
    0x37, 0x9D, 0xB1, 0x28, 0x37, 0x77, 0x22, 0x42, 0x33, 0x7E, 0x09, 0x60, 0xB4, 0x02, 0x55, 0x21,
    0x27, 0xA8, 0xE1, 0x1D, 0x07, 0x3B, 0xB0, 0x1B, 0x00, 0xDF, 0x87, 0xC3, 0xF6, 0x52, 0x5D, 0xE1,
    0x71, 0xB4, 0xCF, 0xBC, 0xFB, 0x84, 0xCE, 0xF3, 0xFC, 0x35, 0xE1, 0x83, 0xB2, 0x68, 0x4C, 0xEE,
    0xF3, 0x3C, 0xCC, 0x9D, 0xF8, 0x69, 0x81, 0x04, 0xF6, 0xB7, 0xC0, 0x20, 0x81, 0xBB, 0x56, 0x36,
    0x0C, 0x03, 0x00, 0xB8, 0x17, 0xC1, 0xC0, 0xDC, 0x08, 0x31, 0x16, 0x14, 0x1C, 0x86, 0x14, 0x2C,
    0x30, 0xB5, 0x58, 0xB0, 0x20, 0xB8, 0xD0, 0x4E, 0x01, 0x3B, 0xAF, 0x9C, 0x2D, 0x3B, 0x1B, 0x62,
    0x90, 0x40, 0xF6, 0xDC, 0x4F, 0xDE, 0xEC, 0x61, 0xD2, 0xED, 0x76, 0xE0, 0x67, 0xE1, 0x44, 0xAA,
    0xDE, 0x05, 0x2A, 0xA7, 0x34, 0xCB, 0xFC, 0xAE, 0x4E, 0x82, 0x0F, 0x5E, 0x41, 0x64, 0x0C, 0xB8,
    0xB3, 0x67, 0x2A, 0xB5, 0xD0, 0x9A, 0xDB, 0xCD, 0x69, 0xFE, 0x15, 0x68, 0xFE, 0x15, 0xE6, 0x73,
    0x60, 0xCC, 0x80, 0x9B, 0x68, 0x94, 0xDF, 0xAC, 0xF7, 0x0C, 0x29, 0x35, 0xA0, 0x1A, 0x18, 0x0B,
    0xDA, 0x2A, 0x51, 0x2E, 0xF7, 0xAD, 0x4A, 0x39, 0x57, 0xC6, 0x22, 0x42, 0x73, 0x25, 0x40, 0x78,
    0x33, 0xAE, 0xD8, 0x08, 0x1F, 0xA1, 0x27, 0x56, 0x2B, 0x05, 0x08, 0x20, 0xF1, 0xE1, 0x7C, 0x92,
    0x90, 0x9E, 0x67, 0xC0, 0x84, 0xAA, 0x0F, 0x99, 0x05, 0x20, 0xA0, 0x09, 0x9A, 0x0B, 0x4D, 0xF8,
    0x8F, 0x30, 0x3E, 0x37, 0xBB, 0x8D, 0x05, 0x7E, 0xC4, 0x05, 0x0A, 0xED, 0x9F, 0xB5, 0xA7, 0x12,
    0xA6, 0xA8, 0x01, 0x55, 0xE6, 0xB8, 0x58, 0x4B, 0x93, 0xEF, 0x39, 0x90, 0xC2, 0x36, 0xEF, 0x86,
    0x0F, 0x6D, 0x32, 0xE7, 0x57, 0xC8, 0xA9, 0xE1, 0xEE, 0xF0, 0x5D, 0x39, 0xA7, 0x4A, 0x6B, 0xD5,
    0x8B, 0x21, 0x44, 0x84, 0x61, 0x52, 0x47, 0xE1, 0x2E, 0x70, 0x4B, 0xA0, 0xA1, 0x4E, 0xB3, 0x88,
    0x10, 0xFC, 0x1C, 0xAC, 0xC1, 0x7B, 0xA6, 0x82, 0xAB, 0x78, 0xB8, 0xEA, 0xF3, 0x06, 0x5B, 0x43,
    0xAA, 0xB8, 0x68, 0x35, 0x8B, 0xAB, 0x66, 0x0D, 0x20, 0x80, 0xF8, 0xBC, 0x40, 0xBC, 0xFB, 0x30,
    0x80, 0x1F, 0x04, 0xB9, 0x7D, 0x33, 0x87, 0x5E, 0x86, 0x4E, 0xEA, 0x6A, 0x1D, 0x26, 0x0A, 0x46,
    0xAE, 0x9D, 0xED, 0x62, 0x34, 0x92, 0xAB, 0x27, 0x72, 0x46, 0xA1, 0x56, 0xBE, 0xC5, 0x06, 0x0A,
    0x26, 0xD8, 0x25, 0xEC, 0x54, 0x75, 0x16, 0xE4, 0xB8, 0xCC, 0x05, 0xFA, 0x6E, 0x64, 0xBF, 0x0D,
    0x06, 0x38, 0x6F, 0x40, 0xD1, 0x9D, 0x73, 0xBC, 0xE1, 0x10, 0x89, 0xFB, 0x1C, 0xAC, 0xCB, 0x7B,
    0x0E, 0x6C, 0xF2, 0xF7, 0x41, 0x9B, 0x10, 0x9B, 0x12, 0x94, 0x46, 0xEE, 0x72, 0xE3, 0x2C, 0xC3,
    0xDA, 0xC4, 0x2C, 0xDD, 0x84, 0xFC, 0xC4, 0x05, 0x3F, 0xEB, 0x8B, 0xDB, 0x53, 0x43, 0x40, 0x53,
    0x85, 0x4C, 0xAF, 0x80, 0x60, 0xB3, 0x78, 0xD1, 0x4F, 0x5A, 0xC5, 0xEE, 0x4B, 0xAC, 0x88, 0x8C,
    0x0E, 0x15, 0x9E, 0x9B, 0x74, 0x11, 0x4B, 0x53, 0xAA, 0x58, 0x56, 0xF9, 0xD3, 0x37, 0xEF, 0x55,
    0x10, 0xE3, 0x8A, 0xA6, 0x6D, 0x42, 0x6E, 0x41, 0x40, 0x10, 0x2D, 0xCA, 0x91, 0x17, 0x7C, 0xD6,
    0xE0, 0x6F, 0xA1, 0x06, 0x9D, 0xAC, 0x03, 0x9D, 0x56, 0x85, 0x83, 0x4E, 0x85, 0xC7, 0x54, 0xCF,
    0xCA, 0x74, 0xC2, 0xDD, 0x39, 0x56, 0xFC, 0xCD, 0x4A, 0x51, 0x4E, 0x60, 0xF9, 0xEB, 0x26, 0xBD,
    0xE7, 0x55, 0xB8, 0x83, 0xE8, 0xA5, 0xBE, 0x1E, 0xEE, 0x6C, 0x83, 0x4D, 0xE7, 0x56, 0x02, 0xD4,
    0x38, 0x0E, 0xED, 0x80, 0xD9, 0xB3, 0xAE, 0xEA, 0x65, 0x5B, 0xAD, 0x7C, 0xDA, 0xCC, 0xF6, 0x5A,
    0x89, 0xDB, 0xFA, 0x38, 0x2B, 0x75, 0x32, 0xC6, 0x04, 0x54, 0x05, 0x18, 0x7E, 0xE0, 0xB7, 0x61,
    0x6A, 0x1F, 0x1B, 0x0F, 0x5B, 0x45, 0xD9, 0x73, 0x78, 0x61, 0x79, 0xFA, 0xE9, 0x1B, 0xBF, 0x87,
    0x2B, 0x81, 0x0F, 0xBC, 0xAF, 0x6A, 0x96, 0x28, 0x97, 0xAF, 0x95, 0x4B, 0xC0, 0xA6, 0xBF, 0x5A,
    0x68, 0x05, 0x6B, 0x7A, 0xBA, 0xCA, 0x9A, 0x76, 0x88, 0xDF, 0xFA, 0x26, 0xAC, 0x37, 0x49, 0x98,
    0x9D, 0x22, 0xA6, 0xD0, 0x3D, 0xA9, 0xF9, 0x10, 0x51, 0xDA, 0xD2, 0xE0, 0x60, 0xAA, 0xB2, 0xDA,
    0x46, 0xE9, 0x04, 0x19, 0xCE, 0xF6, 0x04, 0xA8, 0x89, 0x82, 0x09, 0x2D, 0xDD, 0x1B, 0x33, 0x66,
    0x68, 0x20, 0x3E, 0x6B, 0xB3, 0x16, 0x42, 0x4F, 0x03, 0x34, 0xC0, 0xB6, 0xCE, 0x07, 0xCD, 0x8F,
    0x71, 0x1B, 0xC6, 0x09, 0x00, 0xC1, 0xC9, 0x3C, 0x22, 0x2E, 0xE4, 0x43, 0x37, 0x54, 0xBB, 0x08,
    0x80, 0xBA, 0x05, 0x6E, 0x4D, 0xCE, 0xFD, 0x55, 0x39, 0xAF, 0x71, 0x2E, 0x75, 0x9B, 0x78, 0x46,
    0x6C, 0x21, 0xDC, 0xB2, 0x83, 0x36, 0xCA, 0x36, 0x96, 0xDF, 0x25, 0xD8, 0xFF, 0xE5, 0x83, 0x8B,
    0x1D, 0x28, 0xFB, 0xED, 0x81, 0x93, 0xF0, 0x4A, 0x51, 0x9A, 0xF5, 0x74, 0x24, 0xB7, 0x44, 0xCF,
    0xFD, 0xF8, 0x40, 0x67, 0x02, 0x69, 0x57, 0x8C, 0x94, 0xBA, 0x02, 0xA4, 0xB1, 0xA0, 0x42, 0x40,
    0x02, 0x5C, 0x37, 0x90, 0xC4, 0x63, 0xC9, 0x25, 0x71, 0xF1, 0x4E, 0x27, 0xDD, 0x25, 0xF7, 0x07,
    0xE4, 0x3E, 0x0D, 0x33, 0x71, 0xD3, 0x43, 0xB8, 0xFB, 0x19, 0xDC, 0x46, 0xF9, 0x1F, 0xEF, 0xA0,
    0x7E, 0x77, 0xF9, 0xDC, 0x79, 0xD8, 0x7C, 0x73, 0xEC, 0x23, 0x46, 0x93, 0x94, 0x19, 0x2B, 0x5F,
    0xB8, 0x97, 0x54, 0xC0, 0x0D, 0x3C, 0x6C, 0x6C, 0xE0, 0xA4, 0x6E, 0x54, 0x5A, 0xA8, 0x93, 0x97,
    0x66, 0x64, 0x43, 0x6B, 0x02, 0x3B, 0x59, 0x76, 0x10, 0x02, 0x57, 0x9B, 0x95, 0x75, 0xB6, 0x9A,
    0x56, 0xD6, 0xB9, 0xE5, 0x79, 0x04, 0xDA, 0x47, 0x52, 0xEC, 0xCC, 0xDA, 0x4F, 0x72, 0x84, 0xAB,
    0x55, 0x6D, 0x66, 0x12, 0x30, 0xDF, 0x57, 0x7B, 0xC2, 0x5D, 0xEA, 0xDE, 0xC1, 0xD7, 0x70, 0xE8,
    0xC7, 0xA9, 0x9C, 0xE0, 0x19, 0xB3, 0x02, 0xC9, 0x97, 0x32, 0x52, 0x47, 0x88, 0x47, 0x85, 0x32,
    0x08, 0x59, 0x32, 0xA5, 0x1D, 0x7B, 0x9F, 0xC2, 0xB4, 0xAC, 0x15, 0xE8, 0xB4, 0x55, 0x76, 0xAA,
    0x88, 0x3C, 0xFC, 0x7B, 0xD0, 0x9A, 0x10, 0xC1, 0x64, 0xD2, 0xB7, 0x33, 0x60, 0x04, 0xC1, 0xAD,
    0xA6, 0x86, 0x86, 0x73, 0x89, 0x2F, 0x25, 0x96, 0xD5, 0x2F, 0xA3, 0x29, 0x0D, 0x96, 0x86, 0x52,
    0x06, 0x20, 0x3E, 0xCC, 0x6D, 0x19, 0x1A, 0x56, 0xA3, 0x7E, 0x25, 0x58, 0x22, 0x05, 0x0F, 0x00,
    0xE2, 0x81, 0x8B, 0x42, 0x10, 0xB7, 0xAD, 0xE8, 0x02, 0x0D, 0xB9, 0x93, 0x2C, 0x32, 0xDB, 0x16,
    0xD5, 0x45, 0x8A, 0x8D, 0x0A, 0xBE, 0xD1, 0xBC, 0x12, 0x85, 0x8D, 0x3A, 0x38, 0xA6, 0x1C, 0x5B,
    0x95, 0x97, 0x03, 0x6E, 0x10, 0x7D, 0xD8, 0xA9, 0x95, 0x1D, 0x31, 0x91, 0x44, 0x57, 0x86, 0x72,
    0xDE, 0x83, 0xE2, 0x3B, 0x5C, 0xD2, 0x3D, 0xC5, 0x0E, 0xCC, 0x51, 0xDC, 0xE0, 0x38, 0x7A, 0x54,
    0xF0, 0x39, 0xA6, 0xF5, 0x1D, 0xD0, 0x2B, 0x53, 0x0A, 0xF7, 0x74, 0x5C, 0x2E, 0x6F, 0xBF, 0x4F,
    0x8A, 0x7E, 0xCA, 0xBF, 0x9E, 0xA1, 0xA8, 0x7F, 0x41, 0x3B, 0x22, 0x1F, 0x27, 0x0E, 0x63, 0xCF,
    0xC9, 0x65, 0x98, 0xFD, 0xA1, 0x12, 0xDE, 0x3A, 0x2F, 0x42, 0xD5, 0x3B, 0x83, 0x0C, 0xC6, 0x3A,
    0x95, 0xC7, 0x81, 0x7F, 0xFE, 0xD3, 0x0E, 0xFA, 0x6B, 0x69, 0xF5, 0x28, 0x0B, 0x28, 0xB6, 0x19,
    0xEC, 0x7A, 0x00, 0xC2, 0x00, 0x10, 0xAB, 0x0F, 0x7F, 0x99, 0xF4, 0x5E, 0x7F, 0x3E, 0x31, 0x1F,
    0x7B, 0x2C, 0x75, 0x1C, 0xF0, 0xF0, 0x25, 0xBF, 0x34, 0x48, 0x5C, 0x24, 0x12, 0x62, 0x3C, 0x81,
    0x37, 0xC7, 0xFA, 0xE5, 0x1C, 0xCB, 0x27, 0xCA, 0x64, 0x4C, 0x3F, 0x50, 0x16, 0x2B, 0xE0, 0xC3,
    0xFD, 0x73, 0x07, 0x72, 0x61, 0x11, 0xF3, 0xC1, 0x4A, 0xFD, 0xDE, 0x05, 0x49, 0x39, 0x2E, 0x9C,
    0x67, 0x6A, 0x6D, 0x9C, 0x3E, 0x0B, 0xF4, 0x29, 0xCC, 0x63, 0x2C, 0xA7, 0xE5, 0xB6, 0x75, 0x92,
    0x65, 0x43, 0xCF, 0x3E, 0x05, 0x30, 0xAD, 0x9B, 0xE7, 0x9F, 0x6F, 0xD1, 0x11, 0xC1, 0x2E, 0x16,
    0x43, 0x89, 0x0E, 0xA0, 0x6C, 0x12, 0x91, 0x6D, 0x2F, 0x70, 0xDE, 0xFB, 0xB3, 0x83, 0x11, 0x98,
    0x44, 0x59, 0xFE, 0xEC, 0x75, 0x68, 0xD8, 0x5B, 0x3F, 0x4F, 0xBD, 0x99, 0xE7, 0x5E, 0xCB, 0x7C,
    0xFB, 0xF9, 0xE7, 0x0A, 0xDF, 0x7F, 0xFD, 0x60, 0xC5, 0x0A, 0xED, 0x10, 0x71, 0xC6, 0xCB, 0x7D,
    0x76, 0x13, 0x5F, 0xC5, 0xE6, 0xAC, 0x3B, 0xEE, 0x85, 0xC1, 0x29, 0x6F, 0x27, 0x79, 0x56, 0x92,
    0x3F, 0x38, 0xA0, 0xFB, 0x1C, 0xE8, 0xF5, 0x9D, 0xD3, 0x99, 0xEA, 0x3B, 0xCF, 0x66, 0x50, 0xAD,
    0x67, 0xF3, 0x5E, 0xE1, 0x3D, 0x82, 0x44, 0x1F, 0xB9, 0xA1, 0x7F, 0xB4, 0x49, 0xDB, 0x80, 0xDD,
    0x61, 0xC4, 0xEE, 0xBC, 0x39, 0x47, 0xC6, 0xA3, 0x36, 0xD4, 0x2B, 0xF2, 0xB6, 0x51, 0xE6, 0x93,
    0xCB, 0x55, 0xFF, 0x08, 0x7E, 0x55, 0xED, 0xC5, 0x41, 0x70, 0x83, 0xD2, 0x40, 0x67, 0xF6, 0x21,
    0x1E, 0x07, 0xAF, 0x44, 0x98, 0x50, 0xA4, 0x0F, 0x5E, 0x66, 0xB9, 0xDE, 0x4A, 0x7B, 0xCC, 0xE3,
    0x51, 0x4F, 0x90, 0x44, 0xBE, 0xDC, 0x29, 0x39, 0xF7, 0xF2, 0x21, 0xF2, 0x6A, 0x7F, 0xD8, 0xF2,
    0x6A, 0x48, 0x5E, 0x2D, 0x78, 0x6E, 0xC0, 0xC6, 0x90, 0xEF, 0x44, 0x68, 0x24, 0x16, 0x3E, 0x71,
    0xC3, 0xCC, 0x17, 0xA4, 0x55, 0x97, 0xF6, 0x6D, 0x28, 0x15, 0xCA, 0x4E, 0x76, 0x16, 0xD6, 0x43,
    0xBB, 0x39, 0xDA, 0x95, 0x96, 0x73, 0x92, 0x89, 0x2A, 0xC5, 0x7B, 0x73, 0x01, 0xD8, 0x95, 0x3F,
    0x00, 0x7E, 0x19, 0xA8, 0x25, 0x39, 0xEF, 0xED, 0x47, 0xBC, 0xE2, 0x48, 0xA5, 0x02, 0xEA, 0xBF,
    0xB0, 0x57, 0xB9, 0xCF, 0x94, 0x7D, 0x68, 0xD3, 0x4C, 0xBE, 0x0C, 0x57, 0x62, 0xBF, 0x5D, 0xC3,
    0xA5, 0xF8, 0xC7, 0x1A, 0x38, 0x82, 0x3B, 0x7A, 0x91, 0xB2, 0x59, 0x7B, 0x2D, 0xA4, 0x52, 0x4D,
    0x74, 0xEE, 0x31, 0xC3, 0xC7, 0x35, 0xAA, 0x54, 0x6F, 0x1B, 0xEA, 0xFE, 0xA0, 0x54, 0xE9, 0xBA,
    0x90, 0xBC, 0xAD, 0xE2, 0x6D, 0x82, 0x14, 0x51, 0x4E, 0xDD, 0x2B, 0x25, 0xB4, 0xE3, 0x6A, 0xCF,
    0x1C, 0x76, 0x5C, 0x21, 0x98, 0xDE, 0x8B, 0xB8, 0xEA, 0x7E, 0xF5, 0x34, 0x3A, 0x18, 0x09, 0x82,
    0x17, 0x60, 0x81, 0xCD, 0x72, 0x45, 0x69, 0x1C, 0x48, 0x7B, 0xEC, 0xEE, 0x49, 0x5C, 0x83, 0x6F,
    0x37, 0x45, 0x85, 0x10, 0x20, 0x50, 0x18, 0xC1, 0x89, 0x83, 0xA9, 0x8F, 0x0C, 0x47, 0x05, 0xE1,
    0x1B, 0xCD, 0x3B, 0x8D, 0xF2, 0x4E, 0x36, 0x33, 0x25, 0xE3, 0x4A, 0xBE, 0x8B, 0xA1, 0x9E, 0x92,
    0x58, 0x8F, 0x45, 0x05, 0xC6, 0x5C, 0xBD, 0x82, 0x77, 0x44, 0xCC, 0xE8, 0x0B, 0x3D, 0x9B, 0x2F,
    0x48, 0xBF, 0x81, 0x34, 0x1E, 0xB8, 0x28, 0x7E, 0x25, 0x1D, 0x35, 0x60, 0x74, 0x07, 0xA6, 0xAB,
    0x02, 0x4F, 0xB5, 0x17, 0x24, 0x00, 0x35, 0xD9, 0xA8, 0xF2, 0x20, 0x4C, 0x2E, 0x64, 0xEE, 0x99,
    0xF3, 0xB9, 0x73, 0x2A, 0x7B, 0xD5, 0x39, 0x9D, 0xEE, 0x76, 0x4F, 0x27, 0xBB, 0xBD, 0x63, 0xC9,
    0xB7, 0xFC, 0x7D, 0xC9, 0xBC, 0xFF, 0x58, 0x94, 0x7A, 0xCF, 0x3F, 0x1B, 0xB9, 0x0C, 0xD6, 0xA5,
    0x62, 0xD0, 0x72, 0x60, 0xA1, 0x6D, 0x78, 0xD5, 0x63, 0x65, 0xCE, 0xC1, 0x1C, 0x3B, 0x78, 0x64,
    0x5E, 0x49, 0xC0, 0xF2, 0x21, 0x4E, 0x1F, 0x75, 0xEC, 0xF0, 0xE3, 0xA6, 0x8C, 0x8D, 0x2B, 0x05,
    0x42, 0xA9, 0x7C, 0x00, 0x01, 0xD1, 0x99, 0x41, 0x5D, 0x02, 0xF7, 0x4C, 0x2D, 0x25, 0xE9, 0x2E,
    0xC6, 0x40, 0xC2, 0x8F, 0x77, 0xF4, 0x25, 0x55, 0x73, 0x81, 0x50, 0x3E, 0xEA, 0xBD, 0xFE, 0xC7,
    0x0D, 0xA0, 0x5E, 0xD7, 0x08, 0x10, 0xDF, 0x22, 0xC4, 0x44, 0x64, 0xD1, 0x86, 0x32, 0xFE, 0x10,
    0x71, 0x18, 0x62, 0xDA, 0x06, 0x09, 0x5E, 0xEF, 0xAC, 0x62, 0x85, 0x13, 0xB7, 0x09, 0x82, 0xD0,
    0x0E, 0xDE, 0xA6, 0x08, 0x4A, 0xF3, 0xBC, 0x11, 0xA4, 0x2E, 0x83, 0x15, 0xBD, 0x2B, 0x11, 0x95,
    0x58, 0xB5, 0x92, 0x94, 0x46, 0xA8, 0x6A, 0x55, 0x29, 0x88, 0x09, 0x4D, 0x89, 0x7B, 0xDC, 0x49,
    0xA6, 0x41, 0xE0, 0x3C, 0x38, 0x88, 0xAD, 0xDE, 0x46, 0x79, 0xEF, 0x3C, 0xAA, 0xF3, 0x9F, 0x29,
    0x56, 0xFC, 0xA5, 0xB2, 0xDA, 0x2B, 0xDA, 0x23, 0x2F, 0x53, 0xCA, 0x7B, 0x29, 0x78, 0x87, 0x8E,
    0xCB, 0x30, 0xBA, 0x70, 0x60, 0xFD, 0xE8, 0x32, 0xCF, 0xA3, 0x79, 0xF4, 0x09, 0xAC, 0xE4, 0x30,
    0x62, 0xA1, 0x0D, 0x1B, 0xBE, 0x1C, 0x9D, 0x9D, 0xEF, 0xD3, 0xA2, 0xAA, 0xA5, 0x4E, 0x69, 0x8A,
    0x7A, 0xEB, 0x72, 0xA6, 0x0A, 0xBC, 0xC4, 0xBA, 0x00, 0xFD, 0xF2, 0x03, 0x2B, 0xAF, 0x4D, 0x62,
    0x65, 0x3E, 0x30, 0xB2, 0x98, 0x85, 0x1F, 0x23, 0x8D, 0x19, 0xD4, 0xF4, 0xE0, 0x7D, 0x21, 0x16,
    0x74, 0x88, 0x20, 0x19, 0x6F, 0x9F, 0x54, 0x5A, 0xDD, 0x3F, 0x84, 0x54, 0x16, 0x94, 0x7B, 0x42,
    0xB9, 0x48, 0xCE, 0x18, 0x87, 0xD1, 0xE4, 0x74, 0x2C, 0x66, 0x6B, 0xCF, 0xBD, 0x4B, 0xEF, 0x7C,
    0x58, 0x3C, 0xCC, 0x13, 0x22, 0x69, 0x73, 0x48, 0xE1, 0xB1, 0xB2, 0xB4, 0x45, 0xC5, 0x40, 0xE4,
    0x0A, 0x00, 0x02, 0xB5, 0x86, 0x96, 0xBB, 0xD1, 0xB4, 0x17, 0x21, 0xB8, 0x9A, 0xF2, 0x19, 0x62,
    0xA1, 0x3E, 0x80, 0x34, 0x19, 0xCE, 0xAA, 0xB2, 0xCF, 0x24, 0x70, 0xF8, 0xD6, 0xF9, 0x00, 0xBA,
    0x6E, 0x5E, 0x51, 0xEE, 0x8B, 0xA9, 0xC9, 0x4A, 0x7F, 0xA0, 0xCF, 0xD7, 0x93, 0x55, 0x75, 0x38,
    0xE9, 0xF2, 0xB6, 0x5F, 0x98, 0x37, 0x6A, 0x4D, 0x93, 0x97, 0xDB, 0x61, 0x6F, 0x83, 0x06, 0x60,
    0xB2, 0x45, 0xF2, 0x43, 0x18, 0xFB, 0x00, 0xA1, 0x45, 0xCC, 0x3A, 0x71, 0xC8, 0xF6, 0x21, 0x98,
    0xC2, 0x22, 0x31, 0xC2, 0xFD, 0x82, 0x67, 0x47, 0x36, 0x93, 0xB8, 0x1F, 0x87, 0xBA, 0x60, 0xE8,
    0x2B, 0x1D, 0x52, 0x19, 0xED, 0x2E, 0xA8, 0x63, 0x9B, 0x97, 0x98, 0xF1, 0x79, 0x01, 0x38, 0x11,
    0xF9, 0x81, 0x74, 0x1F, 0x24, 0x3E, 0xD5, 0xF5, 0x2C, 0x98, 0xFF, 0x3F, 0xA1, 0xED, 0xCC, 0x90,
    0xF2, 0xE9, 0xB5, 0x02, 0x90, 0x2E, 0x3B, 0x40, 0x89, 0x2C, 0x9A, 0xDC, 0x2E, 0x8C, 0xD2, 0xB5,
    0x8A, 0x25, 0xE1, 0xCF, 0x6A, 0xB0, 0x83, 0x9A, 0x3D, 0x81, 0xA8, 0xEF, 0xBD, 0x04, 0xEC, 0xDB,
    0xB3, 0xD7, 0x44, 0x1A, 0x33, 0xB5, 0x93, 0x5D, 0x10, 0xCA, 0x8D, 0xB0, 0x43, 0x19, 0x75, 0x77,
    0xD6, 0xE0, 0x99, 0xD0, 0x11, 0xB6, 0x9D, 0x6C, 0x20, 0x41, 0x4E, 0xA8, 0x76, 0x20, 0x78, 0xA2,
    0x74, 0x80, 0x22, 0xEF, 0x7F, 0xF8, 0x22, 0x47, 0x18, 0x1E, 0x19, 0x2B, 0x43, 0xBA, 0x8B, 0xAA,
    0xED, 0x50, 0x9C, 0xE1, 0x87, 0xAD, 0xA8, 0x6B, 0xDB, 0xDE, 0xD9, 0xBD, 0x63, 0x23, 0xFE, 0x43,
    0x51, 0x11, 0xF1, 0xFC, 0xDB, 0x9F, 0xE4, 0x80, 0x9B, 0xB7, 0xB3, 0x65, 0x96, 0x23, 0x96, 0xC9,
    0x8E, 0xAA, 0xBB, 0xC1, 0xBC, 0xD5, 0x16, 0x20, 0xB5, 0x9A, 0x87, 0x46, 0xFE, 0x02, 0x85, 0x5D,
    0xAB, 0x79, 0x6C, 0x14, 0x55, 0xEC, 0xDF, 0xCF, 0x43, 0x7D, 0xF8, 0x13, 0xFE, 0xFC, 0xF0, 0x86,
    0xAF, 0x3E, 0x00, 0x53, 0xF7, 0xBC, 0x8C, 0x53, 0xFD, 0xCE, 0x0F, 0x12, 0xBD, 0xD1, 0xED, 0xC4,
    0x63, 0x5A, 0x85, 0xA9, 0x34, 0x2E, 0x62, 0x2D, 0x78, 0xE0, 0x14, 0xC9, 0x4B, 0x37, 0x6D, 0x31,
    0x56, 0x3C, 0xEE, 0xAE, 0xAE, 0x7F, 0xE9, 0xAE, 0x44, 0x50, 0x9A, 0xAB, 0xC6, 0x32, 0x18, 0x94,
    0x11, 0xE4, 0xBA, 0x24, 0x0A, 0xFB, 0xBB, 0xD1, 0xAC, 0xD7, 0x65, 0x28, 0xBA, 0xC4, 0xED, 0xBE,
    0xAF, 0x38, 0xA1, 0xD0, 0x0D, 0x85, 0xA8, 0x4A, 0xC7, 0xE4, 0xF8, 0x4A, 0x8D, 0x5E, 0x62, 0xBE,
    0xC5, 0xB6, 0x06, 0x1D, 0xD1, 0x9E, 0x62, 0x76, 0xE9, 0xDE, 0x7E, 0xC6, 0x22, 0x08, 0x8A, 0x35,
    0xCE, 0x83, 0x0A, 0xEE, 0xF4, 0x1B, 0x23, 0xB1, 0x3A, 0x94, 0x69, 0x5B, 0xFE, 0xFA, 0x3E, 0x22,
    0x49, 0x15, 0xCE, 0x08, 0x52, 0x4E, 0xEF, 0x06, 0xE4, 0x4C, 0x4F, 0xCE, 0x2B, 0x63, 0x11, 0x61,
    0xDF, 0xEC, 0xF4, 0xF6, 0xEC, 0x5A, 0xB5, 0x54, 0x77, 0xFE, 0xA9, 0xE6, 0x9B, 0xD1, 0x96, 0x34,
    0x31, 0x6E, 0x60, 0x82, 0x18, 0x1B, 0xBA, 0x83, 0x76, 0xE9, 0x5D, 0x77, 0xA9, 0x1B, 0x7D, 0x49,
    0xC7, 0xC8, 0x8B, 0xFE, 0x8D, 0x72, 0xF8, 0x41, 0x16, 0xC9, 0xC7, 0xEF, 0xBD, 0xFE, 0x5B, 0x6F,
    0xB8, 0xB4, 0x71, 0xBC, 0xAD, 0xE3, 0xC8, 0xCB, 0x5D, 0x77, 0xAE, 0xF9, 0x64, 0xDB, 0x5F, 0x98,
    0xD7, 0x2F, 0x72, 0xCE, 0xEF, 0x2A, 0x39, 0xCA, 0x21, 0xB5, 0x48, 0x7F, 0x36, 0xAD, 0xB3, 0xDD,
    0x5D, 0x7A, 0xBE, 0xE3, 0x06, 0x14, 0xFF, 0x75, 0x20, 0x4E, 0x90, 0x95, 0x21, 0x78, 0x67, 0xB1,
    0x3C, 0x63, 0xF1, 0x73, 0xDF, 0xDD, 0x13, 0xD6, 0xCA, 0x50, 0x47, 0x28, 0x33, 0x0E, 0xC6, 0xBB,
    0xEA, 0xD5, 0x5E, 0xA2, 0x89, 0x18, 0x33, 0x63, 0xFD, 0x73, 0x67, 0xC8, 0x5B, 0x71, 0x4A, 0x55,
    0xD2, 0xAA, 0xFA, 0xDF, 0x27, 0x73, 0xB2, 0x51, 0xA0, 0x3D, 0xEA, 0x34, 0x07, 0x74, 0xE0, 0x8C,
    0x29, 0x51, 0x90, 0x80, 0xB2, 0xB1, 0xF6, 0x3D, 0x74, 0xA0, 0x10, 0xF5, 0x34, 0x1B, 0x57, 0xB0,
    0x6E, 0x83, 0x59, 0x4F, 0xAF, 0x61, 0xBB, 0xB4, 0x5A, 0xD3, 0x69, 0x0E, 0x1B, 0x4F, 0xCC, 0x59,
    0xA8, 0x30, 0x23, 0x4D, 0x60, 0x8B, 0xB7, 0x5B, 0xF5, 0x3E, 0xB9, 0x89, 0x40, 0x10, 0xEA, 0x41,
    0x10, 0xDB, 0xA8, 0xF7, 0x8E, 0x01, 0x0C, 0x2E, 0xF3, 0x48, 0x14, 0x5B, 0x47, 0x45, 0x4A, 0x2C,
    0xC9, 0x96, 0xE6, 0x02, 0x9A, 0xCE, 0x03, 0xF6, 0x73, 0x2F, 0xAC, 0x04, 0xFE, 0x49, 0x7A, 0x58,
    0xAE, 0xB8, 0xB3, 0x9D, 0x4B, 0x3B, 0xA1, 0x05, 0x37, 0x1A, 0x3D, 0xA2, 0x9E, 0xD7, 0x6B, 0x7B,
    0x90, 0x37, 0x93, 0xAB, 0xCC, 0xB6, 0xF9, 0xF7, 0x37, 0x57, 0xA2, 0xED, 0x17, 0xE1, 0x1D, 0x19,
    0xA5, 0x38, 0x1F, 0xA0, 0x78, 0x54, 0x76, 0xA5, 0xA6, 0xDA, 0x39, 0xDB, 0x96, 0x9A, 0x0C, 0x69,
    0xBC, 0xBE, 0xC4, 0x4C, 0xB5, 0xD4, 0x99, 0x2A, 0x28, 0x8D, 0x11, 0x02, 0x0C, 0x7F, 0x88, 0xE6,
    0xEB, 0x43, 0x19, 0x37, 0x33, 0xEA, 0x3F, 0x01, 0x36, 0x7C, 0x4D, 0x27, 0x7A, 0x85, 0x6E, 0xBC,
    0x86, 0x4D, 0x5B, 0x6D, 0x65, 0xFF, 0x11, 0xD5, 0x56, 0x34, 0x35, 0x50, 0xDE, 0x61, 0x14, 0xE9,
    0x88, 0xE3, 0x44, 0xE1, 0x33, 0x92, 0x62, 0xF0, 0x6B, 0x47, 0x14, 0xDB, 0x45, 0x52, 0x6D, 0x0D,
    0xE6, 0x71, 0x96, 0x2D, 0xAB, 0xC6, 0xAD, 0x05, 0x7A, 0x5F, 0xAB, 0x74, 0x4B, 0x06, 0xC3, 0xF9,
    0xF0, 0x85, 0xD9, 0x6B, 0x1A, 0xAF, 0xC3, 0xEB, 0x8C, 0x82, 0x5C, 0x43, 0xCB, 0xFD, 0x12, 0x70,
    0xBD, 0xEA, 0x35, 0xB9, 0x2E, 0xE9, 0xB3, 0x79, 0x98, 0x92, 0x97, 0x60, 0xA5, 0x3B, 0xAA, 0x84,
    0xF1, 0xC4, 0xEC, 0x66, 0xBE, 0x40, 0xB9, 0x4C, 0xB5, 0x03, 0x27, 0xB2, 0x8B, 0x31, 0x64, 0x86,
    0x94, 0x5F, 0xBB, 0x4B, 0x3E, 0xBE, 0x0B, 0xEC, 0x1D, 0x35, 0x8A, 0x29, 0x2B, 0x9B, 0xB2, 0xB3,
    0x2D, 0xEC, 0xFD, 0x0F, 0x6F, 0x76, 0x7D, 0x39, 0x85, 0x34, 0xC1, 0xD0, 0xCE, 0xC6, 0x1A, 0xD2,
    0x04, 0x2C, 0xD8, 0x03, 0xC4, 0x4C, 0x07, 0x5E, 0xC3, 0x46, 0xCE, 0x93, 0xF7, 0xC0, 0x37, 0x1B,
    0x3E, 0xCF, 0x66, 0xCD, 0xBE, 0x19, 0x45, 0x17, 0x63, 0xFB, 0x22, 0x5F, 0x00, 0xA5, 0x99, 0x7B,
    0x0A, 0xB5, 0x5C, 0x7A, 0x75, 0x9F, 0x6E, 0x82, 0xA5, 0x97, 0x3B, 0xCC, 0x62, 0x0F, 0x1C, 0xEB,
    0x5C, 0x62, 0x83, 0x5B, 0x0B, 0x08, 0x87, 0x41, 0x57, 0x13, 0x84, 0x88, 0x65, 0xD4, 0xD1, 0x64,
    0xAF, 0x71, 0x16, 0xB0, 0x9E, 0x1C, 0x11, 0x0F, 0x94, 0xF6, 0xA5, 0x05, 0xBB, 0x54, 0xED, 0x90,
    0x60, 0xB5, 0x9A, 0x17, 0x55, 0x90, 0x44, 0xD7, 0xBE, 0x74, 0x99, 0xBC, 0x76, 0x4F, 0x89, 0xDF,
    0x43, 0xA7, 0x85, 0x92, 0x18, 0xB2, 0x4D, 0x87, 0x3A, 0x1D, 0x8B, 0xE8, 0x8A, 0xED, 0x30, 0x0E,
    0x9F, 0xA4, 0x71, 0x65, 0x56, 0x23, 0xF7, 0xCF, 0xAF, 0xA7, 0xAF, 0x6A, 0x51, 0xCA, 0xD7, 0x16,
    0x56, 0xC0, 0x74, 0x15, 0x2C, 0x28, 0xED, 0x46, 0x6D, 0x9E, 0x3B, 0x59, 0x78, 0x80, 0x0E, 0xFB,
    0x6C, 0xBE, 0x8C, 0x17, 0xEB, 0x9D, 0xBC, 0x84, 0xE5, 0x58, 0xE7, 0x3F, 0x2D, 0xF4, 0x34, 0x0F,
    0xB5, 0xC2, 0x79, 0xED, 0x0D, 0xBC, 0xDC, 0xE7, 0x3C, 0xC7, 0xCE, 0x19, 0xDE, 0x7D, 0x3A, 0xBF,
    0x43, 0x55, 0x87, 0x9D, 0x67, 0xEA, 0xA7, 0xE1, 0xD5, 0x9C, 0x20, 0x6E, 0xD9, 0x72, 0x48, 0xAD,
    0x7A, 0xF6, 0x36, 0x46, 0x51, 0xB1, 0xC6, 0x87, 0xDF, 0x6D, 0x2B, 0x4F, 0x21, 0x5B, 0x95, 0x88,
    0x37, 0x52, 0x94, 0x1D, 0xE1, 0xA4, 0x10, 0x85, 0x69, 0x80, 0xE1, 0x08, 0x14, 0x2D, 0x40, 0x66,
    0xCA, 0x6A, 0x10, 0x39, 0x40, 0x9C, 0x3E, 0xE0, 0x9C, 0xA5, 0x8A, 0x1F, 0x2D, 0xA0, 0xAF, 0x8B,
    0xFA, 0x38, 0xD3, 0xFA, 0xE2, 0x41, 0x05, 0xBC, 0xB6, 0xD1, 0xCF, 0x38, 0x47, 0x0B, 0x47, 0x6C,
    0xCC, 0x38, 0x18, 0x11, 0x4F, 0xEC, 0x74, 0xDE, 0xCA, 0xD0, 0xD2, 0xA8, 0xE1, 0x6A, 0x21, 0xE1,
    0x8C, 0x31, 0x3F, 0xBE, 0x27, 0x72, 0xB5, 0x89, 0xAE, 0xB4, 0x64, 0xD5, 0x2F, 0xF5, 0x39, 0xD9,
    0x99, 0xA3, 0x6C, 0x66, 0x30, 0xA1, 0xA5, 0x18, 0x06, 0x14, 0xC2, 0x70, 0xB2, 0x1D, 0x55, 0x51,
    0x1C, 0x55, 0x61, 0x3C, 0x0F, 0xD5, 0xF3, 0x92, 0xAB, 0x47, 0x55, 0xC2, 0xA6, 0x27, 0x4E, 0x5F,
    0x1C, 0xE7, 0xE4, 0xDA, 0xDB, 0x56, 0x09, 0x25, 0x7C, 0x76, 0x52, 0xB3, 0x2B, 0x89, 0x73, 0xF6,
    0xA4, 0x72, 0x7E, 0x0E, 0x1E, 0xFE, 0x1F, 0x1B, 0x62, 0xA8, 0x75, 0xBC, 0x04, 0xFC, 0xDB, 0x87,
    0xCD, 0x2D, 0x0E, 0x67, 0x95, 0x12, 0xAE, 0xE8, 0x16, 0x7C, 0x8B, 0x3B, 0x4C, 0x5A, 0x37, 0xC1,
    0x25, 0x34, 0xD0, 0x45, 0x62, 0x26, 0xE6, 0x06, 0x82, 0xA9, 0x7B, 0x95, 0xBF, 0x05, 0xBF, 0xF3,
    0xFF, 0x0A, 0xC4, 0x2E, 0xFC, 0x90, 0xC4, 0x7E, 0xD4, 0xEA, 0xAF, 0xAA, 0x3F, 0x06, 0x14, 0xD6,
    0xE8, 0x0F, 0x19, 0x2B, 0xCF, 0xA3, 0xE9, 0x7E, 0xD1, 0x66, 0x86, 0xC5, 0x21, 0x40, 0x62, 0x26,
    0x06, 0x06, 0x62, 0x09, 0xA0, 0x7D, 0xF4, 0xB3, 0xED, 0xEC, 0xC1, 0xDC, 0xF9, 0xAF, 0xA5, 0x59,
    0xE7, 0xBF, 0x91, 0xE4, 0x7E, 0x4C, 0x72, 0x50, 0x38, 0x84, 0xD9, 0xFB, 0x4F, 0xE6, 0x92, 0x67,
    0x10, 0x16, 0x17, 0xDA, 0x22, 0xA1, 0x81, 0x96, 0xAD, 0x66, 0x93, 0x11, 0x2E, 0xE6, 0x51, 0xAF,
    0xF9, 0x07, 0xEE, 0x3C, 0x62, 0x53, 0xBD, 0x96, 0x4D, 0x2C, 0xC0, 0x20, 0xA1, 0x5E, 0xC3, 0xA6,
    0x1C, 0x66, 0x1A, 0x0E, 0xC1, 0x26, 0x87, 0x55, 0x8A, 0x76, 0x28, 0x8B, 0x33, 0x9E, 0x66, 0xBE,
    0x91, 0x01, 0xE7, 0x2D, 0x70, 0x47, 0xEC, 0xCD, 0xCE, 0xF6, 0x1E, 0x44, 0x57, 0x6C, 0xCA, 0x8B,
    0x96, 0x16, 0xE7, 0xFD, 0x80, 0x95, 0x23, 0x3A, 0x01, 0x9F, 0x73, 0x5B, 0x21, 0xC9, 0x89, 0x49,
    0x4E, 0x8D, 0x78, 0x46, 0xA1, 0xB5, 0xC2, 0x09, 0x37, 0x44, 0x4F, 0x6C, 0xEE, 0x72, 0x46, 0xA3,
    0x1B, 0x89, 0xD4, 0xF9, 0xC6, 0x56, 0xBF, 0x89, 0xEA, 0x29, 0x7F, 0xE6, 0xA3, 0x79, 0x7F, 0xE2,
    0x8E, 0x2D, 0x3E, 0x3E, 0x1C, 0x2E, 0xE9, 0x69, 0x8D, 0x9A, 0x4E, 0x88, 0x39, 0x9C, 0x97, 0xA0,
    0xBB, 0x90, 0xF6, 0x0A, 0xDD, 0x1E, 0xBA, 0xD6, 0x81, 0x75, 0xF3, 0x3E, 0x03, 0xC2, 0xE3, 0x70,
    0x7F, 0xA8, 0x47, 0x7D, 0xA4, 0x51, 0x3C, 0x36, 0xEF, 0x53, 0x5C, 0xE3, 0xC0, 0xC8, 0x5C, 0x37,
    0xE8, 0x7C, 0x97, 0x3D, 0x1A, 0xBF, 0xD8, 0xD0, 0xA5, 0xF6, 0x82, 0xD7, 0xE8, 0x70, 0x44, 0x2C,
    0x9D, 0x3A, 0xEF, 0x85, 0x4C, 0xE8, 0xB1, 0x1B, 0x72, 0x0E, 0xE4, 0x21, 0x5E, 0xC0, 0x6E, 0x74,
    0x7C, 0x1C, 0x51, 0x37, 0xCD, 0x8B, 0xD5, 0xA8, 0x54, 0x42, 0x74, 0x83, 0xA1, 0xF7, 0x5F, 0x08,
    0x9D, 0x32, 0x08, 0xE1, 0xBE, 0x9F, 0x0B, 0xA5, 0x99, 0x90, 0x9A, 0x69, 0x5A, 0x35, 0xB1, 0x9A,
    0x5A, 0x4D, 0xAE, 0xD0, 0xAB, 0x09, 0xD6, 0x14, 0x6B, 0x92, 0x35, 0xCD, 0x9A, 0xE8, 0x11, 0xD5,
    0x6D, 0xE5, 0x01, 0xC9, 0x93, 0x7B, 0x8A, 0x04, 0x1E, 0x4D, 0x48, 0xA1, 0x90, 0x28, 0x34, 0x0A,
    0x91, 0x42, 0xA5, 0x90, 0x29, 0x74, 0x32, 0x3D, 0x48, 0xBA, 0x18, 0x40, 0x26, 0x28, 0xC2, 0x17,
    0x0E, 0xBE, 0xCB, 0xE8, 0x4F, 0x42, 0x4B, 0x21, 0x4A, 0x06, 0x58, 0xF4, 0x04, 0x0B, 0x40, 0xD9,
    0x17, 0xFB, 0x0F, 0xE9, 0x53, 0xD5, 0x60, 0x3B, 0xC9, 0xA8, 0x39, 0x61, 0xCD, 0x89, 0x0D, 0x0E,
    0x4E, 0xF1, 0xCE, 0xF9, 0x00, 0x8E, 0x4E, 0x19, 0x55, 0xD8, 0xF8, 0xCD, 0x23, 0x02, 0x76, 0x04,
    0x6B, 0x94, 0xE0, 0x58, 0x8C, 0x4B, 0x99, 0x8E, 0x01, 0x64, 0x02, 0x11, 0xDB, 0x9A, 0x80, 0x8D,
    0xB5, 0x02, 0x76, 0x3C, 0x14, 0xD3, 0x3E, 0xC0, 0x84, 0xD4, 0xAD, 0xFD, 0xAD, 0x52, 0x31, 0x04,
    0x45, 0x03, 0x74, 0x62, 0x50, 0x31, 0x64, 0x77, 0x09, 0xFA, 0x69, 0x30, 0x39, 0x34, 0x4A, 0x99,
    0xF1, 0xE4, 0x92, 0xDF, 0x05, 0xC9, 0x06, 0x33, 0x11, 0xE3, 0x22, 0x6B, 0x00, 0x61, 0xD6, 0x85,
    0xCC, 0xE0, 0xEB, 0x1F, 0xC8, 0x58, 0xB5, 0x9D, 0x7A, 0x50, 0xFF, 0x7A, 0x19, 0x35, 0xA5, 0x05,
    0xF4, 0x5C, 0x42, 0xCC, 0x18, 0x0C, 0x62, 0x3B, 0x1B, 0x0E, 0x50, 0xF4, 0x1B, 0xD8, 0x67, 0xCA,
    0xD0, 0x3E, 0x9F, 0xFB, 0x33, 0x57, 0x52, 0xF7, 0xAC, 0x0C, 0x77, 0xFE, 0x39, 0x92, 0xB4, 0x8C,
    0xFD, 0x14, 0xBA, 0x5E, 0x7E, 0x5E, 0xCA, 0xDD, 0x8F, 0x9E, 0x4B, 0x7C, 0x8C, 0xB2, 0xFB, 0xEE,
    0x31, 0x5C, 0xFB, 0x12, 0xDF, 0x7D, 0x0C, 0xFF, 0x7E, 0x05, 0x35, 0x00, 0x4C, 0xE4, 0x34, 0x1C,
    0x16, 0xBA, 0x27, 0xF8, 0x72, 0xA1, 0xFA, 0xD7, 0xA4, 0x44, 0x23, 0xB5, 0x07, 0xA2, 0x28, 0xE7,
    0xF2, 0x1E, 0x84, 0xD4, 0x99, 0xCF, 0x2F, 0xAA, 0x1B, 0x87, 0xEA, 0xB3, 0xEE, 0xFB, 0x29, 0x0B,
    0x10, 0x4B, 0x02, 0xC2, 0x87, 0xD5, 0x9D, 0x05, 0xD1, 0x57, 0xA6, 0xB4, 0xE6, 0xDE, 0xE3, 0x94,
    0xD6, 0xD2, 0xBC, 0x97, 0x1C, 0x57, 0xDE, 0x55, 0x53, 0x5A, 0xF1, 0xB5, 0xC1, 0x02, 0x15, 0x4A,
    0xD4, 0xC9, 0x6D, 0x4D, 0xC0, 0x6E, 0x0D, 0x60, 0x43, 0xDB, 0xC3, 0xF5, 0xD8, 0xC3, 0x45, 0x55,
    0xF7, 0x29, 0x58, 0x1E, 0x7A, 0xB8, 0xA8, 0xEA, 0xCE, 0x20, 0xA0, 0x62, 0x23, 0x97, 0x0D, 0x3E,
    0x70, 0x17, 0x3E, 0xAF, 0x6D, 0xE4, 0xB2, 0x87, 0x5B, 0xD9, 0x2B, 0x40, 0x2E, 0x73, 0x38, 0x9A,
    0x60, 0x7A, 0xA0, 0xCB, 0xBD, 0xA5, 0xEF, 0xB7, 0x69, 0xD1, 0x1F, 0x72, 0x1C, 0x6C, 0x53, 0xC1,
    0x76, 0x86, 0x1E, 0x07, 0x9B, 0x80, 0xA6, 0x73, 0x1C, 0x0C, 0xDE, 0xAA, 0xCA, 0xDA, 0x71, 0xB0,
    0xB5, 0xC4, 0x72, 0x3C, 0xDE, 0xE3, 0xEF, 0xD5, 0x96, 0x38, 0x39, 0x02, 0xB5, 0xC6, 0x6C, 0x8B,
    0x93, 0xEC, 0xB0, 0xD3, 0x69, 0x2B, 0xDB, 0x6D, 0x65, 0xB9, 0xF9, 0x69, 0x62, 0x7E, 0x86, 0xE1,
    0x07, 0x19, 0x62, 0x97, 0xD8, 0xCE, 0x92, 0x6F, 0x4C, 0x50, 0xDC, 0xD4, 0x76, 0x40, 0x58, 0x97,
    0xB6, 0xF0, 0x25, 0xB6, 0x43, 0x65, 0x7B, 0x7C, 0x3B, 0xA0, 0xB4, 0x0C, 0x0D, 0x41, 0x5C, 0x5E,
    0x32, 0x49, 0x3D, 0x85, 0x88, 0xEC, 0x4F, 0xB1, 0x96, 0xC5, 0xE6, 0x2D, 0x13, 0x0E, 0xED, 0x52,
    0xA5, 0x1F, 0x3D, 0xC1, 0x33, 0x4E, 0x51, 0x42, 0x1C, 0x5A, 0x35, 0x39, 0x27, 0xE9, 0x46, 0x6C,
    0x21, 0xA4, 0xBA, 0x4C, 0x56, 0x8D, 0x82, 0x86, 0xDD, 0xA3, 0x80, 0x61, 0x4B, 0x9B, 0x9B, 0x20,
    0xDB, 0x64, 0x03, 0x63, 0x61, 0xBA, 0x6D, 0x5E, 0xB4, 0x41, 0x31, 0xDB, 0xA9, 0xFF, 0xCE, 0x1E,
    0x73, 0xA1, 0xEC, 0x47, 0xBA, 0x1E, 0x73, 0x27, 0x53, 0x4C, 0xF0, 0x12, 0xFB, 0xE1, 0xCC, 0xA0,
    0x2A, 0x2F, 0x35, 0xC9, 0xDE, 0xF0, 0xC5, 0x63, 0x35, 0x3A, 0x4D, 0x33, 0x08, 0x6E, 0xE7, 0x43,
    0x93, 0x2A, 0x1F, 0x4A, 0x40, 0x37, 0x90, 0xA9, 0xA2, 0x5A, 0xE6, 0xA9, 0x2B, 0x1A, 0x1B, 0x54,
    0xC5, 0x21, 0x7A, 0x73, 0x0F, 0x16, 0xC0, 0xA4, 0x52, 0xC9, 0x49, 0x62, 0xA2, 0x1A, 0x86, 0xB2,
    0xF6, 0x4B, 0xE1, 0x5A, 0x07, 0x27, 0xBA, 0x46, 0x2E, 0x40, 0x38, 0xBA, 0x6B, 0xCC, 0x69, 0x51,
    0xCB, 0x6F, 0xD0, 0xCC, 0x9C, 0xAA, 0x5E, 0xAD, 0xD4, 0x7C, 0x35, 0x5F, 0xA9, 0xBB, 0xAB, 0xBB,
    0x39, 0x3B, 0x25, 0xB2, 0x13, 0xE9, 0x09, 0x37, 0x59, 0xCA, 0xC9, 0x1F, 0x62, 0x3D, 0xE7, 0xAD,
    0x15, 0xD4, 0xC8, 0xCD, 0x66, 0x2D, 0x3C, 0x53, 0xAD, 0x78, 0x16, 0x1E, 0xC6, 0xAF, 0xE1, 0x55,
    0xDD, 0x62, 0x7B, 0x81, 0xD2, 0x83, 0xCD, 0xE9, 0x38, 0x9B, 0xB9, 0x29, 0xA8, 0xC6, 0x8D, 0xCD,
    0x38, 0x50, 0xEB, 0xA5, 0x21, 0x3B, 0x4F, 0x50, 0x74, 0xE3, 0xC7, 0x63, 0x83, 0xFB, 0xAA, 0x8D,
    0x3D, 0xA5, 0x2B, 0xEE, 0x88, 0xC8, 0xED, 0x51, 0x32, 0x63, 0x8E, 0x0A, 0x12, 0x6D, 0x4D, 0x2D,
    0x84, 0x92, 0x4B, 0xD0, 0x9E, 0xF8, 0x32, 0x8A, 0x24, 0x59, 0xCC, 0x87, 0xB5, 0x72, 0x2E, 0x57,
    0x63, 0xA3, 0x8F, 0xC3, 0x48, 0x2B, 0x15, 0xB3, 0x22, 0x2E, 0x81, 0x18, 0x8E, 0xC4, 0x1B, 0x3F,
    0xBA, 0xC1, 0x28, 0xDF, 0x69, 0x78, 0x58, 0xE7, 0x34, 0xE3, 0xF1, 0x5F, 0x8D, 0x46, 0xF9, 0x7E,
    0xC2, 0x12, 0xD9, 0x66, 0x42, 0xC8, 0x5D, 0xA4, 0xF8, 0x1B, 0x6B, 0x46, 0xF9, 0xAE, 0xE9, 0xF9,
    0xFF, 0x27, 0x44, 0xF3, 0xF7, 0x95, 0xA8, 0xB1, 0x43, 0x90, 0xFD, 0x36, 0x64, 0xF9, 0xDB, 0x6B,
    0x7B, 0xFE, 0x86, 0x7E, 0x3A, 0xE2, 0xAA, 0xC1, 0xCD, 0xAF, 0x63, 0xDA, 0x04, 0x7F, 0x20, 0x6C,
    0x57, 0x32, 0x92, 0x57, 0xF1, 0x89, 0x08, 0x82, 0x3A, 0xA3, 0x6F, 0x8E, 0xA0, 0x12, 0xD4, 0xBB,
    0x90, 0x61, 0x35, 0xEA, 0xDF, 0xAA, 0xAC, 0x0B, 0x7A, 0xFA, 0xC4, 0x41, 0xFC, 0x38, 0x6A, 0x0E,
    0x5E, 0x95, 0xD4, 0xF9, 0x60, 0xC7, 0xC2, 0x9A, 0x36, 0xA7, 0xAE, 0x00, 0x62, 0xD2, 0x0D, 0x98,
    0x0F, 0xE9, 0xA0, 0x55, 0x9E, 0xEC, 0xA0, 0xF7, 0x99, 0xA6, 0xDB, 0xD9, 0x13, 0x6F, 0xE2, 0x19,
    0xE8, 0x3B, 0x6B, 0xA5, 0xC6, 0x6F, 0x72, 0x84, 0x30, 0x40, 0x3C, 0xEE, 0xAD, 0x48, 0x13, 0x61,
    0x54, 0x47, 0xDA, 0xA6, 0xA4, 0xDC, 0x81, 0xB9, 0xAD, 0xFB, 0x7D, 0x2B, 0x3B, 0xDC, 0xB7, 0xD3,
    0x23, 0x08, 0x37, 0xDC, 0x86, 0x73, 0x72, 0x81, 0x88, 0x04, 0xBE, 0x0A, 0x58, 0x7A, 0x40, 0x66,
    0xE7, 0xBE, 0x1A, 0x42, 0xE4, 0x97, 0x27, 0x46, 0xB1, 0xF6, 0xD2, 0x48, 0xD9, 0x6F, 0x91, 0x38,
    0x16, 0x0E, 0xF8, 0xF8, 0x02, 0xB5, 0xCE, 0xD4, 0x8A, 0x67, 0xE8, 0x39, 0x44, 0xDD, 0x4C, 0x1E,
    0xCD, 0x1E, 0x8E, 0x3F, 0xB5, 0xD3, 0x3D, 0xB2, 0x13, 0x8E, 0x0F, 0xBF, 0x2D, 0xE9, 0xC2, 0x43,
    0xA1, 0x53, 0x80, 0x96, 0x5B, 0x32, 0x6A, 0xF5, 0x1B, 0x9D, 0xBA, 0x17, 0x9B, 0xA5, 0x1D, 0xB9,
    0x8F, 0x4A, 0x8C, 0x25, 0x2C, 0x34, 0x66, 0xD7, 0x7B, 0x5E, 0xED, 0xA6, 0x72, 0x08, 0x41, 0x77,
    0x97, 0x58, 0x66, 0xE6, 0xFA, 0xB1, 0x9C, 0xF1, 0x51, 0x6B, 0x0E, 0x55, 0x4B, 0x8A, 0x49, 0xE8,
    0x43, 0x92, 0x89, 0x72, 0x76, 0x82, 0x33, 0x59, 0x2C, 0x66, 0x8E, 0xE5, 0x99, 0xD7, 0x4B, 0x24,
    0x7E, 0xAD, 0x74, 0xFE, 0x8E, 0x7E, 0x90, 0x6E, 0x8A, 0xEB, 0x6B, 0xA1, 0x85, 0x04, 0xA4, 0x9D,
    0x6A, 0x9A, 0xE1, 0xF3, 0x1C, 0x72, 0xC3, 0x5A, 0x37, 0xB5, 0x10, 0x04, 0x9F, 0x19, 0x32, 0xDF,
    0x64, 0x26, 0xFD, 0x0C, 0xFD, 0x30, 0x47, 0x22, 0x2D, 0xEE, 0x7F, 0x27, 0x01, 0x78, 0x33, 0xF1,
    0x77, 0x07, 0xC3, 0x27, 0x26, 0xB4, 0x6A, 0x9E, 0xF1, 0x0E, 0xB5, 0xF4, 0x8F, 0x08, 0x66, 0x4D,
    0x84, 0x6A, 0xCD, 0x40, 0x6A, 0x1F, 0x6D, 0x86, 0x33, 0xD5, 0xD5, 0x7F, 0x8C, 0x4C, 0x3F, 0xF3,
    0x23, 0x39, 0xA5, 0x09, 0x31, 0x4F, 0xE0, 0xFD, 0x3B, 0xDA, 0x89, 0xB7, 0x6F, 0x71, 0xDA, 0x0D,
    0x17, 0x70, 0xC3, 0x80, 0xAD, 0xFE, 0x31, 0x1A, 0xF9, 0xC8, 0x46, 0x8E, 0xF7, 0xA5, 0xCD, 0xDD,
    0xC1, 0x95, 0xDD, 0x56, 0x70, 0xB6, 0xAE, 0x47, 0x8C, 0xCD, 0x82, 0x49, 0x23, 0xA5, 0x3D, 0x1E,
    0x8A, 0x50, 0x87, 0x68, 0x30, 0x61, 0x85, 0x5B, 0x37, 0x5A, 0xC6, 0x42, 0xC1, 0x35, 0x81, 0xB6,
    0x77, 0x9D, 0x40, 0xBB, 0xD6, 0x8C, 0x1D, 0xAB, 0x3D, 0x4C, 0x60, 0x3D, 0x97, 0x4C, 0x1D, 0xAE,
    0x67, 0x42, 0x70, 0xE3, 0x8A, 0xD6, 0xAD, 0x25, 0x04, 0xD7, 0x32, 0x75, 0x3D, 0x7D, 0x95, 0xA4,
    0x2D, 0x3B, 0x47, 0x4A, 0xB0, 0x7B, 0x35, 0x3C, 0xB8, 0xDA, 0x57, 0x85, 0xD7, 0xF7, 0x55, 0x7A,
    0x44, 0x5F, 0x49, 0xDB, 0x70, 0xAA, 0x2D, 0x6A, 0x2E, 0x69, 0xE8, 0x62, 0xF2, 0xCF, 0xC4, 0x25,
    0x5B, 0x7D, 0x4A, 0xE3, 0xA1, 0xDC, 0xC6, 0xFE, 0x4F, 0xE6, 0x13, 0x88, 0xB6, 0x7F, 0x96, 0x4F,
    0xE2, 0xB3, 0x9F, 0x16, 0x7C, 0x4A, 0xE3, 0x9D, 0x02, 0x4F, 0x69, 0xA0, 0xFF, 0x8D, 0xFE, 0x8B,
    0x71, 0x72, 0x88, 0xC0, 0xA3, 0x97, 0x34, 0x78, 0xAA, 0xAA, 0x7D, 0x4A, 0x23, 0x5A, 0x7D, 0x4A,
    0x23, 0xCC, 0x97, 0x1A, 0x9D, 0xB9, 0x08, 0x57, 0x35, 0xE9, 0x12, 0xFB, 0x4A, 0x41, 0xA0, 0x2D,
    0xCB, 0x6A, 0xBC, 0x02, 0x80, 0x00, 0x4C, 0x10, 0x63, 0x64, 0x68, 0x45, 0x3F, 0x94, 0x3F, 0x95,
    0xAB, 0x6F, 0xE7, 0x6F, 0x65, 0xEA, 0x87, 0x17, 0x80, 0x02, 0x67, 0xAF, 0x38, 0x89, 0x71, 0x0A,
    0xC5, 0x84, 0x99, 0x67, 0x50, 0xB2, 0x43, 0xB1, 0xD9, 0xF9, 0x9F, 0x4A, 0x71, 0x1E, 0xBF, 0x8B,
    0x96, 0x04, 0x7F, 0x47, 0x8F, 0x82, 0x19, 0xC1, 0x97, 0xC0, 0xD0, 0x5E, 0xF4, 0x5D, 0xD8, 0xE3,
    0x49, 0xCA, 0xAF, 0xD1, 0xA3, 0x60, 0x5D, 0x3B, 0x53, 0x1E, 0x24, 0x90, 0x27, 0xC9, 0x9E, 0xA2,
    0xC5, 0x11, 0xAD, 0x38, 0xD1, 0xA7, 0xCC, 0x19, 0x66, 0x1C, 0xB4, 0xE0, 0x5D, 0xD4, 0x4F, 0x79,
    0x92, 0xEC, 0x10, 0xB9, 0xCC, 0x89, 0x6A, 0x28, 0x02, 0xDA, 0x45, 0x29, 0x64, 0xC7, 0x27, 0xC9,
    0xA4, 0x36, 0x6B, 0xA2, 0x40, 0x6D, 0x63, 0x03, 0x59, 0x7F, 0xB6, 0x6B, 0x3E, 0x36, 0x32, 0xF9,
    0x65, 0xA7, 0x3A, 0xC2, 0xF0, 0x82, 0x81, 0x4C, 0x40, 0xE8, 0xC6, 0x23, 0x2E, 0xD4, 0xA4, 0xBD,
    0x7F, 0xA9, 0x23, 0x27, 0xEF, 0x32, 0xC0, 0x69, 0xAA, 0xD5, 0x11, 0x3E, 0x35, 0x30, 0xFD, 0xE0,
    0x08, 0x71, 0xD7, 0x8D, 0xCC, 0x43, 0x50, 0xAC, 0x12, 0x25, 0x95, 0x57, 0xA7, 0xC7, 0xFA, 0xA3,
    0xB7, 0x4A, 0xA2, 0x2B, 0x61, 0xA1, 0xDD, 0x7C, 0x87, 0xB8, 0x36, 0xA0, 0x5C, 0xF0, 0x84, 0x0F,
    0x41, 0x4D, 0x04, 0x76, 0x46, 0x5C, 0xCC, 0xD1, 0xFA, 0x71, 0x52, 0x45, 0x47, 0xB3, 0x43, 0x40,
    0xD8, 0x97, 0x50, 0x92, 0x26, 0x02, 0xA2, 0xF0, 0x58, 0x5C, 0x60, 0x41, 0x9D, 0xAD, 0xC0, 0x0D,
    0x5C, 0x0C, 0x03, 0x20, 0x3E, 0xA6, 0x29, 0x6F, 0x0C, 0xE0, 0xD0, 0xE2, 0x4B, 0x0D, 0x4A, 0xBC,
    0x18, 0x21, 0x47, 0xB2, 0x37, 0x03, 0xE3, 0xE4, 0x73, 0x1F, 0xC1, 0x80, 0x9D, 0xDB, 0x86, 0xC9,
    0x2B, 0xBC, 0xAC, 0x2F, 0x0F, 0x31, 0x6D, 0xAA, 0x55, 0xE4, 0xFD, 0x73, 0xF8, 0x22, 0x08, 0x5B,
    0x33, 0x74, 0xB2, 0x1B, 0x13, 0x2E, 0xCB, 0x93, 0x3A, 0x7D, 0xDC, 0x38, 0x2A, 0x4F, 0x96, 0xD7,
    0x96, 0x27, 0xF7, 0xEB, 0x79, 0xBC, 0xB5, 0xE5, 0x4F, 0xA4, 0x7B, 0xFA, 0x81, 0xB6, 0x50, 0x3F,
    0xF9, 0x6C, 0xA9, 0xC4, 0x39, 0x1A, 0x11, 0x90, 0xC4, 0xBF, 0xA1, 0x5F, 0xDF, 0xCB, 0x91, 0xC1,
    0x55, 0x68, 0xFC, 0x63, 0x5C, 0x1C, 0x8F, 0xC3, 0xF8, 0xB3, 0x3A, 0x83, 0xBB, 0xB7, 0xCD, 0xE0,
    0xD4, 0xA8, 0x0C, 0xD7, 0xC3, 0xB4, 0xBC, 0x19, 0xB0, 0x4B, 0x4E, 0xC4, 0x1F, 0x9B, 0xEC, 0xDF,
    0xDE, 0xE4, 0xBD, 0x7A, 0x0E, 0xCF, 0xAC, 0xF1, 0x11, 0x58, 0x69, 0x49, 0xA3, 0xD1, 0x87, 0x19,
    0x2C, 0x0C, 0xA9, 0xB4, 0xF3, 0xE7, 0x04, 0x16, 0xB3, 0x49, 0x9D, 0x47, 0xF3, 0x3B, 0xE4, 0x29,
    0x0A, 0xF5, 0xF5, 0xCA, 0x42, 0x35, 0xFB, 0x68, 0x01, 0x66, 0x2C, 0xD8, 0x48, 0x59, 0x83, 0x76,
    0x80, 0x65, 0x02, 0x4D, 0x60, 0x8F, 0x35, 0x5F, 0x3B, 0x58, 0x8F, 0x6D, 0x8D, 0x74, 0xC9, 0xCC,
    0x8B, 0x5E, 0x96, 0xDF, 0x02, 0x09, 0x10, 0xEA, 0x21, 0xDD, 0x1A, 0xA8, 0xF4, 0xCB, 0xAB, 0x63,
    0xE3, 0x55, 0xBF, 0xB1, 0xD0, 0xC4, 0xD6, 0xE0, 0xBE, 0x8F, 0xF8, 0xE0, 0x58, 0xC9, 0x58, 0x5B,
    0x68, 0x1D, 0x87, 0xE8, 0x35, 0xB7, 0x23, 0xB5, 0xCB, 0x09, 0xD6, 0xE5, 0x11, 0xC4, 0x24, 0x33,
    0xDF, 0xCE, 0xCD, 0x93, 0xF9, 0xCD, 0x0F, 0xE8, 0x43, 0x9B, 0x31, 0xF6, 0xD1, 0x44, 0xE6, 0x9B,
    0x7F, 0x89, 0x98, 0xF2, 0x90, 0x32, 0xC8, 0x49, 0xB2, 0x71, 0x6F, 0xD0, 0xCE, 0x92, 0xD4, 0xA2,
    0xDE, 0x5B, 0x10, 0xAC, 0x74, 0xE5, 0xDD, 0x50, 0xCA, 0xBB, 0xD1, 0xD8, 0xB3, 0x22, 0x50, 0x10,
    0x3E, 0x44, 0x11, 0xA1, 0x4F, 0x49, 0xBB, 0x65, 0xA3, 0x96, 0xD0, 0xBD, 0x80, 0x35, 0xE6, 0xF2,
    0x36, 0x9F, 0x5D, 0xBD, 0xA6, 0x20, 0xFC, 0x65, 0x98, 0xC6, 0x11, 0x66, 0xB3, 0x62, 0x69, 0xDB,
    0x08, 0x9E, 0x7E, 0xA5, 0x7F, 0x5A, 0xCF, 0x07, 0x29, 0xB7, 0x71, 0x6E, 0x16, 0xA7, 0xD8, 0x3F,
    0x7B, 0x8B, 0x9D, 0xA5, 0x0E, 0x00, 0x9E, 0xA6, 0x2E, 0x2D, 0xD3, 0xFD, 0x9D, 0x98, 0x5E, 0xF7,
    0x67, 0x30, 0x35, 0x7A, 0xEE, 0x59, 0x45, 0xCF, 0x2F, 0x43, 0xA2, 0x3D, 0x83, 0x58, 0xE0, 0x18,
    0x14, 0x78, 0x26, 0xF9, 0xDC, 0x09, 0x97, 0x88, 0x2D, 0x70, 0x4C, 0xB8, 0x00, 0x94, 0xF8, 0x5C,
    0xE2, 0x0D, 0x27, 0x5C, 0xA6, 0x76, 0xEA, 0x03, 0x3F, 0xBD, 0xE7, 0xF3, 0x27, 0x5E, 0x02, 0x7F,
    0xCD, 0x53, 0x31, 0x57, 0x4F, 0xBC, 0xDC, 0x90, 0x8E, 0x17, 0xBE, 0x83, 0x22, 0x60, 0xF3, 0xC5,
    0x74, 0x5C, 0x6F, 0xDF, 0x17, 0x42, 0x3E, 0x6B, 0xFA, 0xF9, 0xFB, 0xDE, 0x2C, 0x2F, 0x6E, 0x96,
    0x86, 0x9B, 0xE1, 0xC5, 0x17, 0xD1, 0xB4, 0x0B, 0xD6, 0x84, 0x21, 0x31, 0xF5, 0xA0, 0xB3, 0x2E,
    0x8F, 0x67, 0xC1, 0xC6, 0xAD, 0xB3, 0xB0, 0xF1, 0xEC, 0x16, 0xC6, 0xCF, 0x8D, 0xFD, 0x8C, 0x07,
    0x41, 0xFE, 0xFE, 0x75, 0x78, 0xD6, 0x92, 0x26, 0xD5, 0x74, 0x26, 0xB5, 0x05, 0xED, 0x31, 0x3E,
    0x49, 0xC2, 0x52, 0xC7, 0x03, 0xE0, 0xC9, 0x24, 0x38, 0x39, 0x05, 0x0A, 0x30, 0xAB, 0x90, 0x63,
    0x48, 0x18, 0x65, 0xAD, 0xDE, 0x95, 0xB6, 0xBC, 0x50, 0xE9, 0x04, 0x44, 0xF0, 0x05, 0xA3, 0x6A,
    0xFD, 0xB6, 0x1E, 0x4B, 0x08, 0x74, 0x57, 0x1D, 0xCE, 0x6D, 0xD3, 0xD7, 0x4B, 0xC1, 0x8A, 0xB7,
    0x11, 0xAD, 0xA5, 0xDD, 0x03, 0x36, 0xB7, 0x4F, 0xA3, 0xBA, 0x88, 0xF5, 0xDE, 0xC0, 0x33, 0x67,
    0xFB, 0x02, 0x4E, 0x37, 0xDD, 0x3E, 0x0F, 0xDD, 0x39, 0x1C, 0x76, 0x0F, 0x95, 0xEA, 0x55, 0x89,
    0xA6, 0x83, 0x36, 0x30, 0x27, 0xA1, 0x42, 0xA9, 0x90, 0x2A, 0xB4, 0x0A, 0xB1, 0x42, 0xAD, 0x90,
    0x2B, 0xF4, 0x0A, 0xC1, 0x6D, 0xD1, 0xA6, 0xEA, 0x12, 0x3B, 0x12, 0x2D, 0x03, 0x4D, 0xDB, 0x56,
    0x6B, 0xDD, 0x64, 0xAE, 0x70, 0x77, 0xE4, 0xCF, 0xD7, 0xF3, 0x69, 0x51, 0x81, 0xAF, 0x6A, 0x2D,
    0x7C, 0xDD, 0xEA, 0x63, 0x26, 0x37, 0x6C, 0xF6, 0x5E, 0xAF, 0x65, 0x3D, 0xDE, 0x4C, 0xF6, 0xDA,
    0x44, 0x61, 0xA2, 0x2D, 0x25, 0x6F, 0xE8, 0xEA, 0xFB, 0x7C, 0x82, 0x7B, 0x02, 0x3D, 0x2E, 0x56,
    0x72, 0x37, 0xAC, 0x3E, 0x62, 0xD0, 0x3E, 0x66, 0x20, 0x13, 0x93, 0x59, 0x5B, 0x1D, 0x9C, 0x6C,
    0x33, 0x9B, 0x5C, 0xCB, 0xE8, 0x9E, 0xA8, 0xC3, 0x11, 0x25, 0x48, 0xA2, 0x46, 0x58, 0xA2, 0xBE,
    0xC2, 0x67, 0x3E, 0x45, 0x6B, 0x45, 0x6D, 0xC7, 0xF4, 0xF6, 0x76, 0x9F, 0x61, 0xB9, 0xAD, 0x3E,
    0xBD, 0xD5, 0x3E, 0x48, 0xF4, 0x6B, 0x35, 0x1A, 0xF1, 0xF9, 0x82, 0xDE, 0x7D, 0x24, 0xFC, 0x5B,
    0x62, 0x5A, 0xF5, 0xCD, 0xB4, 0xD5, 0xF5, 0x75, 0x2B, 0x76, 0x4B, 0xAC, 0xB2, 0xA3, 0x4B, 0x64,
    0xAD, 0x13, 0xDD, 0xFF, 0x20, 0x65, 0xF4, 0x40, 0xD5, 0x4D, 0x17, 0xBB, 0x83, 0xD5, 0xB3, 0x7D,
    0x34, 0x3A, 0xDB, 0x17, 0xD0, 0xF9, 0xC4, 0x90, 0x98, 0x47, 0xD0, 0xBB, 0xA9, 0xA2, 0xFC, 0x35,
    0xE4, 0xF4, 0xE2, 0x15, 0x65, 0x1C, 0x7C, 0xF3, 0xBA, 0xB5, 0xF7, 0xFF, 0x07, 0xBD, 0x99, 0x3D,
    0x6C, 0x1C, 0x45, 0x14, 0xC7, 0xDF, 0xEE, 0x9E, 0x6F, 0x93, 0xAC, 0xEC, 0x75, 0xA4, 0x44, 0x8A,
    0x04, 0xF1, 0xBA, 0xA0, 0x30, 0xC8, 0xF1, 0x52, 0xB8, 0x48, 0x61, 0xD8, 0x8D, 0x40, 0x0A, 0xA5,
    0x1B, 0x2A, 0x0A, 0x52, 0xD2, 0x91, 0xC2, 0x12, 0x2E, 0x82, 0xF7, 0x90, 0xE8, 0xB1, 0x88, 0xA0,
    0x76, 0xE1, 0x36, 0x22, 0x85, 0x0B, 0x17, 0xF6, 0xDD, 0x22, 0x4B, 0xA4, 0xDD, 0x04, 0x89, 0x06,
    0x09, 0x56, 0x10, 0x21, 0x0A, 0x20, 0x2B, 0xB2, 0x96, 0x0E, 0xBC, 0x77, 0xCB, 0xFF, 0xBD, 0x99,
    0xF3, 0x87, 0xA0, 0x70, 0x6E, 0xE7, 0x18, 0x6B, 0x26, 0xDE, 0xF5, 0xCE, 0xCC, 0x6F, 0xDE, 0xBC,
    0xF7, 0xE6, 0xBD, 0x09, 0x91, 0x97, 0x11, 0x91, 0x9F, 0xA3, 0x89, 0xB8, 0xF9, 0xA8, 0x40, 0xF3,
    0x33, 0x1A, 0xFB, 0x00, 0x8D, 0xF3, 0x56, 0x49, 0xE4, 0x39, 0x68, 0xE6, 0xEC, 0x3E, 0xBE, 0xA8,
    0xD1, 0xAC, 0x59, 0x15, 0x51, 0x8E, 0xC6, 0x4E, 0xA9, 0x22, 0x37, 0xB3, 0x86, 0x14, 0x95, 0x7E,
    0xDD, 0x21, 0x29, 0x5E, 0xCA, 0xC3, 0xF1, 0x98, 0x1E, 0xBF, 0x99, 0x8A, 0x89, 0x7A, 0x75, 0xEC,
    0x94, 0x11, 0x26, 0x8A, 0xC8, 0x4F, 0x37, 0x28, 0x8C, 0xBB, 0x14, 0xD1, 0x00, 0xB5, 0xA2, 0xC8,
    0x46, 0x75, 0x2B, 0x0A, 0x1F, 0x0C, 0x3A, 0x7E, 0x51, 0xC7, 0x32, 0xC4, 0x1E, 0xEA, 0x00, 0x75,
    0x97, 0x1F, 0xAC, 0x4D, 0x1E, 0x4A, 0x7E, 0xBD, 0xC9, 0x8F, 0x8C, 0xE7, 0xE8, 0xB9, 0xC8, 0x30,
    0xBC, 0x87, 0x4F, 0x5B, 0xEB, 0xF8, 0x65, 0x07, 0x9D, 0xB1, 0x0E, 0x3B, 0x1E, 0x6F, 0x01, 0x28,
    0xB3, 0xDC, 0x00, 0xC9, 0x7D, 0x8E, 0x57, 0xC1, 0x3D, 0x3C, 0xAC, 0x5D, 0x9F, 0x00, 0xB4, 0x95,
    0x93, 0x7D, 0xBF, 0x43, 0x3E, 0x3E, 0x5F, 0x5F, 0x21, 0x5A, 0x6D, 0x8D, 0x09, 0xCC, 0xFF, 0x58,
    0x8C, 0xA5, 0x68, 0x26, 0x05, 0xCC, 0x42, 0xA5, 0x27, 0xD8, 0xD1, 0xB0, 0x68, 0x08, 0xAC, 0x4A,
    0x5B, 0x90, 0xB3, 0x89, 0x8B, 0xD9, 0x45, 0x6D, 0xA5, 0x4A, 0xD4, 0x87, 0x26, 0xC8, 0xFD, 0xFB,
    0x68, 0x5E, 0xAB, 0x59, 0x51, 0xAE, 0xA0, 0x71, 0x27, 0x29, 0x74, 0xBA, 0x64, 0xE1, 0x8B, 0x3F,
    0x88, 0xE6, 0x61, 0x45, 0x36, 0x84, 0xEF, 0x37, 0x15, 0x3E, 0xCF, 0x4B, 0x3E, 0x9B, 0xE9, 0xCA,
    0x0D, 0x52, 0xE3, 0x98, 0x76, 0x23, 0x0E, 0x0F, 0xE2, 0xF1, 0x20, 0x6E, 0xA6, 0x05, 0x14, 0x34,
    0x54, 0xF2, 0x33, 0x6E, 0x45, 0x95, 0x15, 0x6E, 0xB6, 0x50, 0xAF, 0xBD, 0x83, 0x66, 0x8E, 0xBF,
    0x70, 0xF3, 0x09, 0xE8, 0xCF, 0x02, 0xBA, 0x3E, 0x24, 0xBA, 0xFC, 0x29, 0xA6, 0xC4, 0xEF, 0x01,
    0x06, 0xB0, 0xE2, 0x26, 0xFA, 0xE3, 0xF2, 0x83, 0x9D, 0x4E, 0x9C, 0xFC, 0x12, 0x8F, 0x8B, 0x7A,
    0xF9, 0x6D, 0x03, 0xE4, 0x16, 0x4B, 0xDA, 0x5A, 0xFE, 0x9F, 0x64, 0x8E, 0x49, 0x9D, 0x87, 0xA6,
    0xE5, 0xEE, 0x7D, 0x8B, 0xA7, 0xEB, 0x6C, 0xB7, 0xC4, 0x76, 0x7B, 0xED, 0xC2, 0x24, 0x97, 0xD0,
    0xBE, 0x05, 0x64, 0xCC, 0xF5, 0x0A, 0x8E, 0xA4, 0xD9, 0x96, 0x81, 0x25, 0x2C, 0xF0, 0x76, 0x2E,
    0xB1, 0x9B, 0xE1, 0x03, 0x43, 0xC6, 0x31, 0x6D, 0xB7, 0xED, 0xCE, 0xE8, 0xF8, 0xF7, 0xD3, 0x91,
    0x44, 0x96, 0xA7, 0x89, 0xDE, 0xDC, 0x6B, 0xC6, 0xBE, 0x0D, 0x22, 0xCC, 0x6B, 0xF5, 0xB5, 0x2A,
    0xD5, 0x75, 0x45, 0xC9, 0x17, 0x7D, 0x8A, 0xE2, 0x9B, 0xE8, 0xB4, 0x4C, 0x09, 0x5E, 0x76, 0x51,
    0x87, 0xEF, 0x12, 0xD5, 0x90, 0x19, 0x7F, 0x8B, 0xCA, 0xD4, 0xC0, 0xCF, 0x9C, 0xD2, 0x4E, 0xBD,
    0xC3, 0xF7, 0xD2, 0xA4, 0xD6, 0xA0, 0x6C, 0x91, 0x43, 0xD4, 0x7D, 0xCD, 0x08, 0xAE, 0xA4, 0xB4,
    0x8B, 0xCA, 0x4B, 0xAB, 0xE0, 0x93, 0x7E, 0x78, 0xBB, 0x88, 0xEA, 0x38, 0x5A, 0xC5, 0xD0, 0x98,
    0x61, 0x3E, 0xF8, 0x25, 0x73, 0x85, 0x03, 0xAB, 0x83, 0xA8, 0x46, 0x2B, 0x7B, 0x15, 0xF5, 0x19,
    0x5E, 0x7B, 0xA8, 0x4B, 0xBC, 0x4E, 0x39, 0xF7, 0x9B, 0xA2, 0x61, 0x82, 0x2B, 0x05, 0x1F, 0xEC,
    0xB0, 0xF1, 0xF6, 0x79, 0xC1, 0xC8, 0x2A, 0xE7, 0xC9, 0x1D, 0x16, 0x34, 0x13, 0x42, 0xF6, 0x56,
    0x33, 0x88, 0xA5, 0x29, 0xAA, 0x7F, 0xB7, 0x1E, 0xE1, 0x4F, 0xAB, 0xE7, 0x9D, 0x1E, 0x9B, 0xCA,
    0xCD, 0x1C, 0x6A, 0x02, 0x31, 0x58, 0x47, 0x7C, 0x68, 0xDE, 0xCA, 0x4E, 0x6D, 0x96, 0xD0, 0x08,
    0x8E, 0xF0, 0x08, 0x90, 0x10, 0x09, 0x92, 0x30, 0x31, 0x94, 0x50, 0x09, 0x96, 0x70, 0x11, 0x83,
    0x11, 0x93, 0x91, 0x96, 0x0F, 0xA2, 0x94, 0xF6, 0xFD, 0x58, 0x1D, 0x06, 0xB0, 0x8B, 0xB8, 0xA5,
    0x74, 0x2A, 0x29, 0x09, 0x94, 0x88, 0x3E, 0x2B, 0x02, 0x27, 0x01, 0x14, 0xDA, 0x1A, 0x13, 0x50,
    0x99, 0x95, 0x61, 0x09, 0xB4, 0x74, 0x8C, 0xCB, 0xD6, 0xCB, 0x47, 0xAD, 0x9B, 0x28, 0x5A, 0x0D,
    0xDB, 0x44, 0x6E, 0x88, 0x4A, 0xAD, 0x6F, 0x36, 0x39, 0xB4, 0x01, 0x18, 0xB8, 0xCE, 0x2D, 0x3A,
    0x2E, 0x0F, 0x50, 0xA7, 0x45, 0x78, 0x86, 0x68, 0x54, 0xFC, 0x3D, 0x95, 0x1A, 0x91, 0x96, 0x94,
    0xFE, 0xEB, 0xE4, 0x7C, 0x95, 0x93, 0x25, 0x03, 0x18, 0x93, 0x1A, 0x5D, 0xB4, 0x38, 0x38, 0xB9,
    0xB3, 0x4B, 0xED, 0x4D, 0xF6, 0x10, 0x2F, 0x26, 0xBB, 0x10, 0x6B, 0xEC, 0x21, 0x30, 0x7B, 0x0C,
    0x2E, 0x9A, 0x35, 0xEE, 0x15, 0xBC, 0x9C, 0xC2, 0x92, 0x76, 0x57, 0xCE, 0x8F, 0x74, 0xC6, 0x43,
    0xE0, 0x61, 0x0E, 0x3E, 0xAF, 0x20, 0x3B, 0x93, 0x53, 0x14, 0x82, 0xEA, 0x53, 0x92, 0xA1, 0x03,
    0x77, 0x4B, 0x84, 0xAD, 0x2B, 0x41, 0x49, 0xC5, 0x5C, 0xC0, 0x02, 0x95, 0x53, 0x70, 0x1E, 0x92,
    0xD4, 0x92, 0x8F, 0x20, 0x1B, 0xD9, 0x71, 0x52, 0xCE, 0x43, 0x7A, 0x69, 0x80, 0x9F, 0xB0, 0x13,
    0xC5, 0x11, 0x7A, 0x6E, 0xA0, 0x5F, 0x6F, 0x2B, 0xCA, 0x5E, 0x78, 0x48, 0x66, 0x0A, 0xD2, 0x63,
    0x17, 0x66, 0xF5, 0xED, 0xCA, 0x2A, 0x45, 0x92, 0x85, 0x8B, 0x1F, 0x2F, 0xF7, 0x33, 0x9F, 0x67,
    0xEA, 0x84, 0x9D, 0xF0, 0x57, 0x3E, 0x25, 0x16, 0x20, 0x90, 0x91, 0x38, 0xE8, 0x25, 0x08, 0xA7,
    0xFB, 0x7E, 0xE6, 0x14, 0x4E, 0xE1, 0x65, 0x76, 0x3F, 0x48, 0xAD, 0x2A, 0xEA, 0xA0, 0xC2, 0x37,
    0x27, 0x98, 0xAB, 0x87, 0xC9, 0xBA, 0x98, 0xAD, 0x0B, 0xC1, 0x25, 0x98, 0x03, 0xAC, 0x71, 0xF0,
    0x78, 0x40, 0x76, 0xAD, 0x4F, 0xC7, 0x0F, 0xB4, 0x91, 0x57, 0x7A, 0x3C, 0x39, 0x09, 0x80, 0x58,
    0xEC, 0xE3, 0xCC, 0x88, 0x00, 0x16, 0x11, 0xAF, 0x8F, 0x57, 0x18, 0x51, 0x57, 0x9F, 0x06, 0x7D,
    0x0A, 0xBE, 0xCF, 0x8F, 0x75, 0x91, 0x83, 0x08, 0x3E, 0x90, 0x9C, 0x62, 0x04, 0x85, 0x41, 0xAD,
    0x67, 0xEC, 0x38, 0x51, 0x39, 0x1C, 0xBD, 0xAB, 0xD2, 0xAF, 0xA6, 0xAC, 0xA4, 0x03, 0xD0, 0x0B,
    0xEB, 0x2A, 0x88, 0xE0, 0xA4, 0xD3, 0x1E, 0x8F, 0x19, 0xA5, 0xA5, 0xA2, 0xCD, 0xE1, 0x16, 0x39,
    0x3F, 0x12, 0xCD, 0x38, 0xA9, 0x11, 0x79, 0x8A, 0x6E, 0x7D, 0x0E, 0x95, 0xFB, 0x0B, 0xA3, 0x9F,
    0x0E, 0x8D, 0x5F, 0x90, 0x6F, 0x56, 0xC7, 0xC2, 0xD3, 0xE0, 0x31, 0xC8, 0x27, 0x01, 0xEA, 0x4F,
    0x9B, 0x2A, 0x74, 0x6F, 0xC2, 0xA7, 0x0A, 0x6B, 0xCD, 0x22, 0x64, 0x78, 0xC7, 0xAC, 0x0C, 0x25,
    0xB9, 0xCB, 0x95, 0x1C, 0x0F, 0x9B, 0x73, 0xDA, 0xE5, 0x16, 0xB9, 0x1F, 0xA6, 0x7C, 0x0A, 0x8B,
    0x33, 0x31, 0xC9, 0xCA, 0x11, 0x61, 0x78, 0x84, 0x4C, 0xEE, 0x63, 0x9D, 0xC9, 0x35, 0x95, 0x2B,
    0x78, 0x6C, 0xB8, 0x05, 0xEF, 0x76, 0x07, 0x1A, 0x1A, 0x1B, 0xB7, 0x6F, 0x49, 0xDB, 0xE0, 0x6C,
    0xEF, 0x2D, 0x8E, 0xCD, 0xF8, 0x6F, 0x7B, 0x97, 0xE8, 0x32, 0xE4, 0xBF, 0xB2, 0x65, 0x22, 0x46,
    0x29, 0xC0, 0x0D, 0x27, 0x06, 0xF0, 0x82, 0xC9, 0x73, 0xA0, 0xD7, 0x1D, 0x66, 0x27, 0x86, 0x27,
    0xA6, 0x27, 0xC6, 0x27, 0xE6, 0x27, 0x5E, 0x00, 0xF1, 0x0A, 0x88, 0x97, 0xC0, 0xF3, 0xE3, 0x7C,
    0xC4, 0x22, 0xCE, 0x58, 0x3E, 0xDE, 0xF1, 0x22, 0xEC, 0x9C, 0xB7, 0x71, 0x17, 0xDC, 0x15, 0xB8,
    0xEF, 0x81, 0x7B, 0x0D, 0xDC, 0xE9, 0xB9, 0x64, 0x2B, 0x2E, 0x56, 0x92, 0x57, 0xB9, 0xB3, 0x82,
    0x8D, 0x99, 0xE7, 0xDC, 0x60, 0x49, 0x68, 0x15, 0xA6, 0x78, 0x3C, 0x4E, 0xD9, 0x34, 0x71, 0xA0,
    0xE2, 0x41, 0xC5, 0x85, 0x8A, 0x0F, 0x9D, 0x08, 0xF1, 0x7F, 0x7B, 0xD5, 0xF1, 0xC8, 0xDD, 0x0C,
    0x9D, 0xFD, 0x21, 0xE4, 0xBC, 0x90, 0xC4, 0xE2, 0x63, 0xCD, 0xF3, 0x2E, 0xC1, 0xE5, 0x27, 0xB8,
    0x3B, 0x79, 0xC2, 0x2A, 0x3D, 0x3B, 0xA6, 0x84, 0x8F, 0x7D, 0xB5, 0x69, 0x3A, 0xCE, 0x40, 0xF0,
    0xF5, 0xA9, 0x88, 0x65, 0x54, 0xC6, 0x23, 0xDD, 0x56, 0xF1, 0xD1, 0x28, 0xCB, 0xEA, 0x0D, 0xFC,
    0x2A, 0x78, 0xEA, 0x3E, 0xF5, 0x53, 0x1B, 0xFD, 0x1D, 0xC4, 0x04, 0x0E, 0x28, 0x5C, 0x8C, 0xE3,
    0xA1, 0xBF, 0x8F, 0x91, 0x66, 0x30, 0xD2, 0x34, 0xA2, 0x8D, 0x97, 0x51, 0x57, 0x50, 0xD7, 0x28,
    0xF9, 0x32, 0x47, 0xD2, 0xAA, 0xC6, 0x63, 0x17, 0xC5, 0x9B, 0xED, 0x65, 0x27, 0x60, 0xBD, 0x34,
    0x81, 0xDD, 0x77, 0x51, 0x07, 0x88, 0xDE, 0xC0, 0x00, 0xCC, 0x08, 0x93, 0x26, 0x4E, 0x9F, 0x36,
    0x5C, 0x2C, 0x1B, 0xB7, 0x53, 0xBD, 0xE7, 0x7F, 0xC7, 0xD1, 0xD7, 0x43, 0x3A, 0x9D, 0xF9, 0xD9,
    0x25, 0x9D, 0xDC, 0x22, 0xB8, 0x7B, 0xFA, 0xC0, 0x2A, 0xF5, 0x21, 0xD3, 0x9C, 0x55, 0x4A, 0x00,
    0xC9, 0x5E, 0x29, 0xE4, 0x5A, 0x55, 0xB2, 0xBA, 0xF6, 0x98, 0xCC, 0x12, 0x97, 0x8A, 0x75, 0x92,
    0x4A, 0xB4, 0x9D, 0x14, 0x7C, 0x8F, 0x32, 0x00, 0x1E, 0x20, 0xBE, 0xB2, 0x0F, 0x18, 0xF1, 0x07,
    0x7C, 0xE5, 0x6C, 0x12, 0x43, 0x0A, 0xA5, 0x60, 0x0A, 0xA7, 0x80, 0x0A, 0xA9, 0xA0, 0x0A, 0xAB,
    0xC0, 0x9E, 0xA1, 0x1D, 0x90, 0x96, 0x8A, 0x58, 0xFF, 0x14, 0x05, 0x32, 0x31, 0xC3, 0xFA, 0x4C,
    0x3B, 0x83, 0x66, 0xB8, 0x83, 0x39, 0x86, 0xB1, 0x00, 0x83, 0x18, 0xDB, 0xCA, 0xC8, 0xC2, 0x2C,
    0xD0, 0x42, 0x4D, 0x27, 0xD8, 0x12, 0xFD, 0x93, 0xCF, 0xE3, 0xA9, 0x13, 0x6B, 0x02, 0xE0, 0x4A,
    0xB9, 0xF6, 0xC4, 0xB8, 0xE4, 0xD9, 0x08, 0xB8, 0xDC, 0x2D, 0x89, 0x5A, 0xA8, 0x4B, 0xBD, 0x92,
    0x8E, 0x35, 0x63, 0x12, 0xB2, 0x1F, 0x29, 0x8B, 0x68, 0x8B, 0xA8, 0x8B, 0xE8, 0x0B, 0x14, 0xC6,
    0xC4, 0x62, 0xBC, 0x0E, 0x76, 0x20, 0xE0, 0x1C, 0x7A, 0x59, 0x8C, 0xBB, 0x35, 0x81, 0x25, 0xBC,
    0x71, 0x91, 0xB3, 0xEE, 0xDF, 0x00, 0xFF, 0x48, 0x36, 0x64, 0xD5, 0x04, 0xB8, 0x2E, 0x13, 0xC0,
    0xDD, 0x26, 0xE5, 0x06, 0x8E, 0x7D, 0xD3, 0xA9, 0x7D, 0x30, 0x00, 0xBE, 0x3D, 0xBA, 0x79, 0xA0,
    0x93, 0xE1, 0x23, 0x6D, 0x0A, 0x62, 0x09, 0xF8, 0x7A, 0xE8, 0x0F, 0x82, 0xB2, 0x5D, 0x7A, 0x85,
    0x9D, 0x22, 0x55, 0xC2, 0xF5, 0xD5, 0x0C, 0x7C, 0xF5, 0x22, 0xBA, 0x01, 0xB7, 0x02, 0x6D, 0x9D,
    0xAA, 0x5B, 0x8D, 0x9E, 0x4E, 0x22, 0xD9, 0x55, 0xA3, 0x86, 0xFC, 0x5E, 0xEC, 0x74, 0x4F, 0xAB,
    0xFC, 0x94, 0x3A, 0x5C, 0xEB, 0x78, 0x1F, 0x94, 0x1B, 0xC0, 0xBD, 0x81, 0x98, 0x66, 0x11, 0x9E,
    0xFE, 0x26, 0x02, 0xA6, 0xBB, 0x70, 0xFB, 0x39, 0x39, 0x7F, 0x22, 0xA9, 0x3D, 0x8A, 0xC9, 0x1A,
    0xEA, 0x68, 0x8A, 0x6F, 0xE4, 0x32, 0xC9, 0xE9, 0xAF, 0xC2, 0xD5, 0x27, 0x98, 0xAE, 0x11, 0xCF,
    0x28, 0xB0, 0x2A, 0x4E, 0x07, 0x56, 0xE3, 0x30, 0x7D, 0xD7, 0x21, 0xEF, 0xB3, 0xEC, 0xEA, 0xBE,
    0x9F, 0x26, 0xB9, 0x16, 0xA4, 0xB3, 0xAF, 0xEF, 0x56, 0x76, 0xD5, 0xFF, 0xCD, 0x34, 0x95, 0x9D,
    0xDA, 0xE4, 0x4C, 0xD9, 0x9A, 0x08, 0x01, 0x5A, 0x71, 0xD1, 0x88, 0x0C, 0xC5, 0xD2, 0xD8, 0xD0,
    0xC4, 0xCE, 0x5A, 0x0D, 0x39, 0xD9, 0xA4, 0x60, 0x51, 0xCA, 0xA0, 0x56, 0x4D, 0xF0, 0xFD, 0x03,
    0x8D, 0x56, 0x3D, 0x6C, 0x1C, 0xC7, 0x19, 0x7D, 0xB7, 0x4B, 0x6A, 0xED, 0x5B, 0x93, 0xC3, 0x82,
    0x84, 0x61, 0xEB, 0x7C, 0xEB, 0xC2, 0x0E, 0x2C, 0x81, 0xBC, 0x65, 0xC1, 0x82, 0x30, 0xEE, 0x6E,
    0xC7, 0x62, 0x21, 0x20, 0x2A, 0x72, 0x08, 0x4C, 0x20, 0x55, 0x3A, 0x07, 0x81, 0x81, 0x80, 0x4E,
    0x20, 0x04, 0x82, 0x73, 0xBC, 0x1D, 0x85, 0x48, 0x95, 0xC2, 0xD7, 0x18, 0x6E, 0x02, 0x44, 0x01,
    0x1C, 0xC0, 0x50, 0x13, 0x26, 0x10, 0x02, 0x07, 0x20, 0x79, 0x43, 0xAA, 0x70, 0xA1, 0x42, 0x1B,
    0xB3, 0x70, 0xA1, 0xC2, 0x2B, 0xC7, 0x86, 0x3B, 0x7B, 0x13, 0x5D, 0xB1, 0x86, 0x96, 0xB7, 0x79,
    0xB3, 0xCB, 0x3B, 0x59, 0x96, 0x79, 0xC9, 0xEC, 0xEC, 0xDF, 0xCC, 0x37, 0xDF, 0xBC, 0xF9, 0x7E,
    0xDE, 0x0C, 0x3A, 0xDF, 0x29, 0xC0, 0xAA, 0x16, 0x10, 0x78, 0x55, 0xCF, 0xE2, 0xAC, 0x0B, 0xB0,
    0x71, 0x51, 0xFF, 0x4C, 0xFD, 0x18, 0x9D, 0x33, 0x2F, 0xE0, 0x19, 0xBC, 0xAA, 0x2E, 0xF4, 0x9F,
    0x3A, 0x5B, 0xA4, 0x13, 0x26, 0x83, 0x64, 0xF3, 0xF4, 0xC9, 0x01, 0x41, 0x7E, 0xB2, 0xB4, 0xF9,
    0x3A, 0x6B, 0x90, 0x8F, 0xF8, 0xBB, 0xB4, 0xC9, 0xD2, 0x09, 0x72, 0x96, 0x04, 0x45, 0x79, 0xB2,
    0xE5, 0xC6, 0x6A, 0xB2, 0xF6, 0xFF, 0x5D, 0xD5, 0x9B, 0x1F, 0x3C, 0x7F, 0xF3, 0x83, 0x62, 0x96,
    0x94, 0xCF, 0x8A, 0xAA, 0x63, 0x1D, 0x5D, 0x1C, 0xA0, 0x87, 0x45, 0x38, 0x4A, 0x44, 0x6E, 0x64,
    0x6B, 0x47, 0xB6, 0xB0, 0xC0, 0x5E, 0xA1, 0x85, 0x76, 0xB4, 0xAD, 0x5D, 0xCA, 0x00, 0x1E, 0x02,
    0x19, 0xE2, 0x1A, 0xBF, 0xEB, 0xA8, 0xA0, 0x72, 0x5D, 0xD5, 0x85, 0x5C, 0x5F, 0x46, 0xB7, 0x89,
    0x83, 0x10, 0xBD, 0x00, 0x8B, 0x33, 0x70, 0x76, 0xB4, 0xB8, 0x17, 0xBB, 0x9F, 0xC4, 0xF6, 0x51,
    0xE4, 0x6C, 0xE8, 0x56, 0x03, 0x0B, 0x46, 0x0F, 0xC4, 0x47, 0x11, 0xDB, 0x9D, 0x63, 0xB6, 0x6B,
    0xD7, 0x51, 0xEB, 0x2B, 0xA6, 0xB1, 0xEE, 0xAA, 0xC0, 0xD3, 0x07, 0xBE, 0xBC, 0xB5, 0x8C, 0xB5,
    0x1A, 0x56, 0x5C, 0xC2, 0x01, 0x5A, 0x40, 0x13, 0x66, 0xBE, 0x35, 0x5C, 0xF8, 0x75, 0x3F, 0xC8,
    0xA3, 0xC5, 0xFB, 0xB2, 0x92, 0xC0, 0x66, 0x8D, 0x61, 0xEB, 0xA2, 0x2A, 0x38, 0x30, 0xB5, 0x0A,
    0xCC, 0x19, 0x03, 0x63, 0xC6, 0xF8, 0x22, 0x2A, 0xFB, 0xAC, 0x87, 0x7F, 0xB1, 0xF3, 0x51, 0x45,
    0x18, 0xC0, 0x44, 0x6A, 0xBA, 0x9F, 0x02, 0x96, 0xC1, 0x55, 0x12, 0xFC, 0x85, 0xBF, 0xDF, 0x30,
    0x3A, 0xFF, 0x24, 0x11, 0xC3, 0x8A, 0x51, 0x91, 0x38, 0xD7, 0xF7, 0x87, 0x41, 0x1A, 0xF2, 0x0A,
    0x12, 0x57, 0x49, 0x0C, 0x91, 0xCB, 0x3C, 0xC9, 0x55, 0x0A, 0x45, 0xAD, 0x3E, 0x02, 0x5E, 0x46,
    0x3F, 0x7C, 0x3B, 0x09, 0x9C, 0x24, 0xB0, 0x93, 0x19, 0x48, 0xF3, 0xBF, 0xE7, 0x44, 0xED, 0xCC,
    0x8D, 0xC3, 0xCC, 0xD1, 0xED, 0xD2, 0x0D, 0x01, 0x42, 0x98, 0xCF, 0x8B, 0xEA, 0x0D, 0x39, 0xC5,
    0xDF, 0xEC, 0x5F, 0xEA, 0x4F, 0xE9, 0xEE, 0x2C, 0xC9, 0x30, 0x2A, 0xAF, 0xB3, 0x83, 0x6F, 0x49,
    0x96, 0x73, 0xBC, 0xDD, 0x9F, 0x26, 0x53, 0xCE, 0xF3, 0x66, 0x34, 0x2D, 0x88, 0x8B, 0x62, 0x9D,
    0xD0, 0xE0, 0x74, 0xD4, 0x8F, 0x68, 0x17, 0xA0, 0x21, 0x2E, 0x69, 0xBE, 0x9A, 0xE2, 0xB2, 0x59,
    0x69, 0x57, 0xCC, 0x1B, 0x91, 0xAE, 0xB7, 0x5C, 0xBC, 0x56, 0x7E, 0x39, 0xC2, 0x40, 0x36, 0xAF,
    0x7D, 0x79, 0x67, 0xE7, 0x58, 0xFB, 0x9F, 0xDD, 0xDD, 0xF8, 0x68, 0x27, 0x82, 0xE3, 0x39, 0x77,
    0x37, 0x22, 0xCC, 0x35, 0x9C, 0xBB, 0xF4, 0x42, 0xB3, 0xE5, 0xFE, 0x91, 0xAF, 0xDD, 0x96, 0xF0,
    0x5C, 0x85, 0xA8, 0xB1, 0x22, 0x04, 0x3D, 0x23, 0x86, 0x4E, 0x8A, 0xEF, 0x96, 0xD3, 0x89, 0x27,
    0x53, 0x4F, 0x26, 0x9F, 0x4C, 0x3F, 0x01, 0x30, 0x81, 0x30, 0x01, 0x11, 0xAA, 0x12, 0xC6, 0xE1,
    0x7F, 0xE2, 0x12, 0xC8, 0xF1, 0x61, 0x52, 0x42, 0xF9, 0x84, 0x1F, 0x05, 0x98, 0x3B, 0xD7, 0xE3,
    0x12, 0xCE, 0xDD, 0x4B, 0x51, 0x09, 0xE8, 0x9D, 0x0D, 0x5D, 0x42, 0x72, 0xAF, 0xC8, 0x12, 0x94,
    0x7D, 0xF2, 0x08, 0x8F, 0xD0, 0x9E, 0xF4, 0x19, 0x85, 0x4D, 0xAC, 0x32, 0x6C, 0x63, 0xEF, 0x8A,
    0xF6, 0x85, 0x6A, 0x09, 0x34, 0xEB, 0x58, 0xAD, 0xB1, 0xE5, 0xB3, 0xA1, 0x77, 0xE5, 0x76, 0xE2,
    0x8B, 0x9D, 0xA8, 0x25, 0x1C, 0xDD, 0xAC, 0xBB, 0x72, 0xB5, 0x56, 0xC5, 0xFE, 0x76, 0xBB, 0x31,
    0x5F, 0xDD, 0x0F, 0xB0, 0xED, 0xA3, 0x2D, 0x64, 0x43, 0xC8, 0x79, 0x47, 0x56, 0x6D, 0xB9, 0x1F,
    0x08, 0xBD, 0xED, 0x0B, 0xDD, 0x16, 0x97, 0x75, 0x43, 0x6C, 0xE8, 0x79, 0xE7, 0x92, 0xAE, 0xDA,
    0xAF, 0x69, 0x13, 0xD1, 0x43, 0x38, 0x7B, 0x10, 0x2B, 0xA8, 0x53, 0xB9, 0x23, 0xD1, 0xB7, 0x49,
    0x38, 0x3D, 0xEC, 0x31, 0x4E, 0x1B, 0x24, 0x9E, 0x73, 0x8C, 0x6E, 0x47, 0xD9, 0xDA, 0x4E, 0xAC,
    0xC4, 0x89, 0x84, 0x6C, 0xE2, 0x45, 0x2C, 0xB8, 0x6A, 0xE1, 0x9A, 0xD0, 0xB7, 0x1A, 0xE2, 0x28,
    0x76, 0xAF, 0xBB, 0xCA, 0x8A, 0x1B, 0xC0, 0x87, 0x1F, 0xA2, 0xEB, 0xC7, 0xC3, 0x03, 0x71, 0x98,
    0x6E, 0xFB, 0xF7, 0x87, 0xE6, 0xDF, 0xB4, 0xBB, 0xCA, 0x55, 0x46, 0xCE, 0xC8, 0x9B, 0x71, 0x56,
    0x1A, 0xC2, 0x4E, 0x0F, 0x98, 0x48, 0x27, 0xBC, 0x33, 0xA6, 0x4B, 0x0A, 0x47, 0x13, 0x03, 0x0D,
    0xE5, 0xBE, 0x16, 0xC3, 0xB5, 0x34, 0xE6, 0x2D, 0x3D, 0xB1, 0x03, 0x81, 0x23, 0xE4, 0xDD, 0x16,
    0x93, 0x36, 0x2F, 0x97, 0x07, 0x5E, 0x9C, 0xD9, 0xC9, 0x0F, 0x1E, 0x0C, 0xED, 0x07, 0x89, 0xCD,
    0x34, 0xFF, 0x54, 0xD1, 0x76, 0x65, 0x4A, 0x8E, 0xCD, 0x07, 0x4F, 0x43, 0x8C, 0x7F, 0x4B, 0x86,
    0x5A, 0x30, 0x99, 0xCD, 0x94, 0x7E, 0x01, 0x9E, 0xAC, 0x0C, 0x61, 0xE5, 0x39, 0xFB, 0x67, 0x0D,
    0xD7, 0x9D, 0xBB, 0xD9, 0x07, 0x06, 0xE4, 0x39, 0xE7, 0x73, 0x8E, 0x23, 0x2D, 0x54, 0xA2, 0x72,
    0x60, 0x45, 0xC1, 0x96, 0x70, 0x8B, 0x04, 0x5F, 0x36, 0x64, 0x80, 0x5D, 0x98, 0x94, 0xA5, 0xDD,
    0x7E, 0x0E, 0xF7, 0x19, 0xCC, 0x55, 0xB1, 0x6C, 0x63, 0xCD, 0x52, 0xBB, 0xD0, 0x46, 0x31, 0xC9,
    0xC0, 0x3C, 0xC4, 0x1F, 0x5E, 0xE4, 0x58, 0x33, 0xA9, 0x9F, 0x53, 0x7F, 0xFD, 0x37, 0x46, 0xDD,
    0xAF, 0x4C, 0x5C, 0x25, 0x0A, 0x33, 0xDD, 0x85, 0x0D, 0xDD, 0xBC, 0x5A, 0xF9, 0x97, 0xF6, 0xFF,
    0x76, 0xF8, 0xF0, 0xA7, 0xCF, 0xE6, 0xD1, 0x56, 0x1E, 0x9E, 0xD8, 0x79, 0xFC, 0xD2, 0xA7, 0xBF,
    0xFD, 0xE1, 0xBE, 0x75, 0x5B, 0xCD, 0x2F, 0x5B, 0x91, 0xA1, 0x8C, 0xB2, 0xF8, 0x59, 0x90, 0x06,
    0xC3, 0x25, 0xAA, 0x21, 0x12, 0x7A, 0xA4, 0x00, 0x82, 0xAB, 0x30, 0x38, 0xCC, 0x9A, 0x41, 0xA7,
    0xC1, 0x04, 0x26, 0xF9, 0xCA, 0xA0, 0x33, 0xD0, 0x8D, 0x1D, 0x08, 0xBA, 0x00, 0x64, 0x38, 0x13,
    0x83, 0x04, 0x04, 0x92, 0xA1, 0x92, 0xC1, 0x4A, 0x8D, 0xCF, 0xED, 0x82, 0xCB, 0x1C, 0x1A, 0x3D,
    0x87, 0x88, 0x8C, 0xBD, 0x8C, 0xC9, 0x14, 0x7C, 0x45, 0x7A, 0x25, 0x83, 0x20, 0xEC, 0xE3, 0xCD,
    0x1B, 0xB4, 0xFF, 0x10, 0xE7, 0x87, 0x63, 0x51, 0xBA, 0x67, 0x22, 0xAA, 0xED, 0x7C, 0x2C, 0xCA,
    0xDA, 0x03, 0xB9, 0x1B, 0x8C, 0xDF, 0x0C, 0xCF, 0x66, 0xB8, 0xF8, 0xFE, 0x29, 0xF6, 0xF3, 0x23,
    0x6C, 0xA5, 0xE8, 0xF9, 0x87, 0xD9, 0x00, 0x99, 0x38, 0x4E, 0x02, 0xB9, 0x27, 0x3E, 0xE6, 0xD3,
    0x68, 0xE0, 0x93, 0x93, 0x85, 0x66, 0x20, 0x21, 0x39, 0x43, 0x78, 0xD4, 0x2D, 0x0D, 0xF1, 0x8A,
    0x72, 0x2D, 0xDF, 0x2A, 0x81, 0x51, 0x4C, 0x59, 0xC2, 0x37, 0xCC, 0xF6, 0x58, 0xFA, 0x9E, 0x1F,
    0x55, 0x32, 0x33, 0x43, 0x26, 0x3E, 0x4E, 0x8D, 0x76, 0x88, 0xDB, 0x09, 0x7C, 0x72, 0xC1, 0x01,
    0x77, 0x90, 0x21, 0xA3, 0x59, 0x3A, 0x52, 0x18, 0x9A, 0x9E, 0xE8, 0xF2, 0xA9, 0x29, 0x90, 0x6D,
    0xA3, 0x75, 0x92, 0xFE, 0xA9, 0xCF, 0x00, 0x4A, 0x4F, 0x42, 0x69, 0xFF, 0x7B, 0xE8, 0x2B, 0x3B,
    0x49, 0xB8, 0xC0, 0x88, 0x00, 0x1D, 0x02, 0x65, 0x80, 0x72, 0x62, 0x57, 0x0A, 0xAE, 0x9F, 0x49,
    0x41, 0x63, 0xD7, 0x1E, 0x07, 0xB7, 0x6F, 0xB0, 0x9D, 0x18, 0x68, 0x7B, 0xA7, 0x6D, 0x2F, 0xE3,
    0x27, 0x41, 0x9E, 0xB1, 0x7A, 0x79, 0x5A, 0x79, 0x9D, 0xCE, 0x7A, 0x8B, 0xAE, 0x37, 0x1E, 0xA3,
    0x77, 0xAC, 0xC9, 0xEE, 0x51, 0x44, 0x16, 0x57, 0xFB, 0x34, 0x63, 0xEF, 0x73, 0x6F, 0x2B, 0x13,
    0xDE, 0xC8, 0x3D, 0xAD, 0x27, 0xAE, 0x97, 0xB9, 0xDE, 0xD0, 0xAD, 0xE1, 0x7B, 0xAB, 0xA8, 0x61,
    0xE0, 0xE9, 0xC5, 0x59, 0x89, 0xCD, 0x4D, 0x91, 0x8F, 0x82, 0xF4, 0xAD, 0x49, 0xF5, 0xD3, 0x5D,
    0x37, 0xCF, 0x8B, 0xFD, 0x99, 0x16, 0xCE, 0x99, 0x62, 0x57, 0x46, 0xBC, 0xF3, 0xC9, 0xED, 0xF0,
    0xBF, 0xDC, 0x76, 0x59, 0xDE, 0xC7, 0xFA, 0x2D, 0x6C, 0xFF, 0x55, 0xB9, 0x5F, 0xEB, 0xC1, 0x37,
    0xF2, 0x1F, 0x5F, 0xC1, 0xBA, 0xA3, 0xEC, 0x23, 0x14, 0x5B, 0x8B, 0xD9, 0x77, 0x1F, 0xA5, 0x1D,
    0x19, 0x11, 0x03, 0xAE, 0x72, 0x97, 0x6B, 0x59, 0x39, 0x6D, 0xA9, 0x0C, 0x52, 0x88, 0x77, 0xB7,
    0xB8, 0x4F, 0x5B, 0xD1, 0x6E, 0x11, 0x7D, 0x67, 0x17, 0xD3, 0xDF, 0x24, 0x27, 0x88, 0xFE, 0x96,
    0xAA, 0x8C, 0xA7, 0xA7, 0x15, 0x8E, 0xB5, 0xF5, 0xE0, 0x77, 0xF0, 0x07, 0x76, 0xFE, 0x85, 0x7D,
    0x2F, 0xC5, 0x7C, 0x0B, 0xF5, 0x19, 0xB3, 0x21, 0xBC, 0x82, 0xB9, 0x26, 0xBC, 0x6B, 0x1D, 0xEB,
    0x61, 0x12, 0x8C, 0x3A, 0xAD, 0x50, 0xE1, 0x41, 0x64, 0xD2, 0xA7, 0x83, 0x6E, 0x6D, 0xB4, 0xBE,
    0xBF, 0xB6, 0xB8, 0x4B, 0x8B, 0x46, 0x15, 0x9E, 0x0B, 0x6C, 0xE9, 0xD0, 0x8A, 0x73, 0xA8, 0x6D,
    0x37, 0x0F, 0xD6, 0xB7, 0x89, 0x4A, 0x2E, 0x8A, 0x78, 0x7D, 0xB9, 0x7B, 0x75, 0xDD, 0x4B, 0x5E,
    0xE2, 0xD6, 0x3A, 0xFB, 0x67, 0x93, 0x8C, 0x79, 0x6C, 0xF8, 0xA0, 0x6B, 0xF2, 0xA1, 0xFA, 0x08,
    0x15, 0x59, 0xF9, 0x4B, 0xD9, 0xF8, 0x1A, 0x97, 0x53, 0x92, 0x44, 0xF4, 0xDE, 0x37, 0x9D, 0xFA,
    0x57, 0x68, 0xDE, 0x93, 0xB8, 0x5F, 0x9A, 0x40, 0x9E, 0x26, 0x8A, 0x65, 0x72, 0x77, 0xAF, 0x88,
    0xF0, 0x53, 0x17, 0x97, 0xED, 0x76, 0x52, 0x1C, 0x2B, 0xEE, 0xA7, 0x99, 0xF8, 0xFD, 0x51, 0x92,
    0x7A, 0x62, 0xE7, 0x9F, 0xC9, 0x8A, 0xB0, 0x8F, 0x62, 0x32, 0xF2, 0x86, 0x5E, 0xAB, 0x55, 0xED,
    0x72, 0xEB, 0xF0, 0xF9, 0x62, 0xB4, 0x93, 0x78, 0x8A, 0xDF, 0x1E, 0x5C, 0x3D, 0x60, 0xDE, 0xB5,
    0xF9, 0x2E, 0x39, 0xED, 0xF1, 0xFE, 0x52, 0x46, 0xE8, 0x90, 0x32, 0xAD, 0xB1, 0xCC, 0x19, 0x3A,
    0x7A, 0xE3, 0xFE, 0xF6, 0xA0, 0xF7, 0x68, 0xF0, 0xF8, 0x7B, 0xAC, 0xD8, 0x97, 0x8F, 0x39, 0xE3,
    0x89, 0xC1, 0x13, 0x72, 0x7D, 0x02, 0x48, 0xB3, 0xD6, 0xD8, 0xAE, 0x05, 0xAF, 0xD4, 0x9E, 0x63,
    0xD4, 0x2F, 0xFD, 0x62, 0x33, 0x64, 0x6C, 0x91, 0x80, 0x6A, 0x6C, 0x7F, 0x81, 0xED, 0xEC, 0x35,
    0x71, 0x1F, 0x4E, 0x92, 0x29, 0xF8, 0xBE, 0xEF, 0x56, 0xAF, 0xF5, 0xAD, 0xBB, 0xCD, 0x13, 0xC1,
    0xF3, 0xD2, 0xEC, 0xFA, 0x5B, 0x53, 0x4F, 0x0D, 0x6F, 0xF4, 0xCD, 0x11, 0xF8, 0xED, 0xA9, 0xA7,
    0x8F, 0x80, 0xFB, 0xA4, 0xC0, 0x2C, 0xA6, 0x9D, 0x2C, 0x66, 0x19, 0x1D, 0xBE, 0x0A, 0xA6, 0x1E,
    0xA1, 0x05, 0x0F, 0xDA, 0x2F, 0xAB, 0xEA, 0x14, 0x3D, 0x8B, 0x78, 0x0E, 0xFF, 0x0B, 0xF3, 0x7F,
    0x01, 0x5D, 0x53, 0xBF, 0x6F, 0xD3, 0x40, 0x18, 0x7D, 0xB6, 0x69, 0x2D, 0x6A, 0x1A, 0x77, 0x61,
    0xA9, 0xAA, 0x73, 0x87, 0x0E, 0x28, 0xCA, 0xC5, 0x0C, 0x0C, 0x19, 0xEE, 0x62, 0xFF, 0x11, 0x74,
    0x45, 0xCC, 0x45, 0x20, 0x86, 0x0C, 0xA7, 0xCA, 0x04, 0x8B, 0x85, 0x35, 0x3B, 0x43, 0x19, 0x11,
    0x12, 0x2D, 0xC3, 0x0D, 0x1E, 0x12, 0x25, 0x13, 0xB3, 0xFF, 0x04, 0x8F, 0x55, 0xA5, 0x4A, 0x1E,
    0x3C, 0x04, 0x29, 0x69, 0xF8, 0xEE, 0x5C, 0x52, 0xC1, 0xDD, 0xD9, 0xBE, 0xF3, 0xE7, 0xEF, 0xC7,
    0x7B, 0xDF, 0x33, 0x10, 0x14, 0xBC, 0x27, 0x78, 0x21, 0x1B, 0x51, 0x67, 0xB5, 0xFE, 0x59, 0x27,
    0x39, 0xE0, 0x22, 0x48, 0x81, 0x2E, 0x42, 0x30, 0x70, 0x08, 0x9A, 0x09, 0x9D, 0xCD, 0xE0, 0xC0,
    0x0C, 0xEE, 0x14, 0x7B, 0x02, 0xCF, 0x14, 0xCE, 0xEF, 0x70, 0xF6, 0x1B, 0xA8, 0x11, 0xAC, 0xE0,
    0x6D, 0x10, 0x5C, 0xE1, 0x89, 0x83, 0xFD, 0x09, 0xD8, 0x14, 0xE8, 0xE3, 0xA4, 0x0F, 0x21, 0x10,
    0xD7, 0xAD, 0xA7, 0xB7, 0x66, 0xFB, 0x02, 0xE3, 0xC9, 0xAC, 0xD0, 0x42, 0x8B, 0x91, 0x8E, 0x4B,
    0x20, 0xD9, 0x0C, 0x2F, 0x5F, 0xF7, 0xF0, 0x1E, 0x95, 0xBB, 0xF0, 0xD1, 0xA1, 0x3C, 0x34, 0xFC,
    0x3B, 0x84, 0x21, 0xA2, 0x10, 0xE1, 0x2D, 0x82, 0x25, 0xC4, 0x10, 0xA3, 0x3E, 0x14, 0x47, 0xDC,
    0xB4, 0x81, 0x42, 0x2D, 0x7A, 0x19, 0x57, 0x52, 0x4E, 0x77, 0x32, 0xE8, 0x49, 0x35, 0x37, 0xA5,
    0x51, 0xD1, 0x0B, 0xB3, 0x92, 0x0D, 0xBA, 0x37, 0xF7, 0x7B, 0xA4, 0xF6, 0xF8, 0x1D, 0x4F, 0x4F,
    0xCD, 0xA6, 0x1D, 0xF7, 0x9B, 0x03, 0xA7, 0x0E, 0xF2, 0x88, 0x12, 0x66, 0x28, 0xA0, 0xE9, 0x52,
    0xB4, 0x67, 0x04, 0xDC, 0x81, 0xB7, 0x20, 0x40, 0xE6, 0x95, 0x99, 0x0D, 0x6A, 0xB7, 0xF4, 0x73,
    0x86, 0x63, 0x74, 0xFB, 0x08, 0x2F, 0x4C, 0x5D, 0x7D, 0xF2, 0x23, 0x68, 0x1C, 0x59, 0x94, 0xDB,
    0x60, 0xFE, 0x92, 0x71, 0xC1, 0x15, 0xD7, 0x82, 0x48, 0x2C, 0xB4, 0xA5, 0x90, 0x46, 0x11, 0x2C,
    0x1F, 0x91, 0x3F, 0x6A, 0xA7, 0x72, 0x4B, 0xAF, 0x4C, 0x56, 0x5B, 0x70, 0xBB, 0xA1, 0x65, 0x72,
    0x04, 0x77, 0x81, 0xCE, 0x2E, 0xC6, 0x3F, 0x30, 0x5F, 0xE1, 0x1F, 0xAB, 0x84, 0xB7, 0x34, 0x1C,
    0x1E, 0x33, 0x28, 0xB9, 0x85, 0x6E, 0xDE, 0xB4, 0xFC, 0xFB, 0x02, 0x47, 0xD9, 0xFF, 0xFC, 0xFB,
    0x57, 0x78, 0xEC, 0x1A, 0xFE, 0x3B, 0x33, 0x10, 0x98, 0x13, 0x06, 0x21, 0x11, 0x35, 0x7F, 0xF9,
    0x0F, 0x3B, 0x02, 0xF2, 0xEB, 0x87, 0xCC, 0xF0, 0xAF, 0x2C, 0xFF, 0xF1, 0x06, 0xC3, 0x4B, 0x3C,
    0x3F, 0x02, 0x5E, 0x00, 0x95, 0xA9, 0xC6, 0x4F, 0xA9, 0x0D, 0xE8, 0xB5, 0x1E, 0x54, 0x4D, 0x60,
    0xD7, 0x2D, 0x41, 0x34, 0x8D, 0x50, 0x11, 0x06, 0x7C, 0x1B, 0x31, 0xD0, 0x92, 0x94, 0x23, 0xB8,
    0x9C, 0xED, 0x08, 0xA8, 0x49, 0xFD, 0xD1, 0x28, 0x27, 0xF5, 0x72, 0x2F, 0x9F, 0xAF, 0xDF, 0x5C,
    0x9B, 0xA7, 0x93, 0xCE, 0xD7, 0x67, 0xDF, 0x4E, 0x5F, 0x6E, 0xD6, 0xE6, 0xFB, 0xF6, 0x0E, 0xED,
    0x95, 0x61, 0xCA, 0x08, 0xA1, 0xB8, 0x9F, 0x9C, 0x74, 0xE6, 0x52, 0x13, 0x5D, 0x43, 0x7C, 0x41,
    0x1D, 0xC9, 0x6C, 0x57, 0x1A, 0xA7, 0xF6, 0x16, 0x11, 0x55, 0xE6, 0xDE, 0xA0, 0x63, 0x29, 0x27,
    0x11, 0x14, 0x94, 0x69, 0x8A, 0x24, 0x31, 0x81, 0xDC, 0x86, 0x09, 0x21, 0xC6, 0x15, 0x35, 0xEF,
    0x20, 0xAE, 0xEC, 0x99, 0x0B, 0xA6, 0x58, 0xC1, 0x55, 0x66, 0xCE, 0x7B, 0x9F, 0x72, 0xEF, 0x17,
    0x9C, 0x6B, 0x43, 0x90, 0xDB, 0x18, 0xC9, 0x0E, 0x12, 0x04, 0xD5, 0x49, 0x01, 0x11, 0xAC, 0x06,
    0x4A, 0xDB, 0x82, 0x0F, 0x49, 0x50, 0x29, 0x15, 0x80, 0xE8, 0x2D, 0xE2, 0x77, 0x18, 0x32, 0xD3,
    0x58, 0x92, 0xAD, 0x12, 0xD0, 0x56, 0xF4, 0x0F, 0x1F, 0x74, 0xD3, 0x7E, 0x8F, 0x08, 0x44, 0x52,
    0x42, 0xD6, 0x50, 0x4B, 0x68, 0x49, 0xD6, 0x30, 0x25, 0xB1, 0x52, 0x5F, 0x5A, 0x3C, 0x0A, 0x43,
    0xF2, 0xE9, 0x72, 0x62, 0xE9, 0xEA, 0x02, 0x31, 0xA9, 0x45, 0x72, 0x0A, 0x69, 0x63, 0x4A, 0x0A,
    0x1A, 0xDB, 0xFF, 0xA8, 0x4B, 0x66, 0x63, 0x85, 0xDC, 0xA6, 0xB3, 0x86, 0xC3, 0x57, 0x08, 0xBE,
    0xE4, 0xE1, 0xE7, 0x45, 0xE8, 0xE7, 0x61, 0x90, 0xB2, 0x0E, 0xE2, 0xC2, 0xFC, 0x14, 0xB4, 0xC6,
    0x84, 0xA7, 0x12, 0x23, 0xEA, 0x67, 0xE9, 0xD6, 0x75, 0x7D, 0x5E, 0xDA, 0x0E, 0x21, 0x9E, 0x3C,
    0xE4, 0x36, 0xB2, 0xFB, 0x03, 0x5D, 0x56, 0x4B, 0x8B, 0x1D, 0x45, 0x14, 0xFE, 0xBA, 0xCB, 0x99,
    0x56, 0x0B, 0x6D, 0x17, 0xC9, 0x42, 0x8D, 0xE9, 0x8D, 0x8A, 0xA8, 0xB1, 0x45, 0x22, 0x44, 0x49,
    0x6E, 0xB5, 0x89, 0xA0, 0xE8, 0xC2, 0x59, 0x64, 0x70, 0xA1, 0x10, 0xF1, 0x07, 0x98, 0x81, 0x04,
    0x74, 0xE1, 0x4C, 0xB5, 0x8F, 0x85, 0x8B, 0x2C, 0xE2, 0x46, 0xC4, 0x4D, 0x66, 0x1D, 0x91, 0x19,
    0xC4, 0xC5, 0x88, 0x93, 0xDB, 0x15, 0x47, 0x10, 0x51, 0xB1, 0x7D, 0x2B, 0xBE, 0x5A, 0x24, 0x0B,
    0x51, 0x4C, 0x23, 0x2D, 0xF6, 0x9D, 0x54, 0x77, 0xF9, 0x55, 0xDF, 0x9B, 0x28, 0x36, 0x9C, 0x53,
    0x73, 0xBB, 0xAA, 0x4E, 0x9F, 0xC7, 0x77, 0xBE, 0x33, 0x00, 0x10, 0x14, 0x15, 0xE4, 0x67, 0x35,
    0xD2, 0xA0, 0xC2, 0x0A, 0x7F, 0x6F, 0xCE, 0x2D, 0x2E, 0xD8, 0xC4, 0xD5, 0x36, 0x2A, 0xD7, 0x37,
    0xA5, 0x59, 0x58, 0x89, 0x0D, 0x12, 0xE7, 0x80, 0x24, 0xA7, 0x64, 0xE0, 0x41, 0x03, 0x25, 0x4C,
    0xE8, 0x1C, 0x5F, 0x7C, 0x40, 0x03, 0x1F, 0xF1, 0x5D, 0x07, 0xE1, 0x74, 0x1E, 0x7F, 0xAB, 0x8D,
    0x3A, 0x71, 0x2A, 0xD3, 0xB7, 0xBC, 0x87, 0xF1, 0x5D, 0x39, 0xBA, 0x63, 0x40, 0xF7, 0x15, 0xD0,
    0x7F, 0x0C, 0xB8, 0xC7, 0x01, 0x7D, 0x7C, 0x17, 0xD2, 0xED, 0x16, 0xB1, 0x3B, 0x89, 0x5D, 0x06,
    0xB8, 0x9B, 0x16, 0x2E, 0x3D, 0x92, 0xF6, 0xC6, 0x49, 0x29, 0x1A, 0x59, 0xC9, 0x32, 0x32, 0x09,
    0xF7, 0x15, 0xF7, 0x55, 0xF2, 0x93, 0xD1, 0xF2, 0x37, 0x53, 0xC8, 0x77, 0x51, 0xC4, 0x39, 0x25,
    0x83, 0x4E, 0xF8, 0x7E, 0xED, 0x0A, 0xFA, 0xB5, 0x89, 0xD0, 0x55, 0xC3, 0xF5, 0xC0, 0xB9, 0x1A,
    0xFA, 0x95, 0x1A, 0x2A, 0xAB, 0xA0, 0x50, 0x52, 0x30, 0x04, 0x74, 0x86, 0xE2, 0x2C, 0x1D, 0x39,
    0x8C, 0x80, 0x4B, 0xE2, 0x4A, 0x44, 0x93, 0x0C, 0xA2, 0x06, 0xA2, 0x86, 0x3E, 0xB9, 0xD9, 0xF7,
    0xA3, 0x9E, 0x46, 0x8F, 0x18, 0x30, 0x68, 0x58, 0x99, 0x81, 0x67, 0xBD, 0xCC, 0xF1, 0x9E, 0x74,
    0x3C, 0xB8, 0xE9, 0xEF, 0xD6, 0x98, 0x9B, 0x2C, 0x80, 0xA9, 0x82, 0xE8, 0x0F, 0x0E, 0x79, 0xB9,
    0xE7, 0xB1, 0xF6, 0x62, 0x04, 0x57, 0x7A, 0xB5, 0x8B, 0xB2, 0xE3, 0xEE, 0x2C, 0xFD, 0x93, 0xFE,
    0x44, 0xDB, 0xC5, 0xDF, 0x4D, 0xD4, 0xAA, 0xAD, 0x46, 0xD6, 0xEA, 0x50, 0x13, 0x97, 0x5A, 0xD4,
    0xB1, 0x19, 0x47, 0x75, 0x62, 0xBA, 0xA8, 0x4A, 0x9E, 0xB7, 0xB2, 0x4A, 0x0F, 0xD9, 0xB8, 0x54,
    0xB1, 0x95, 0xDB, 0xEA, 0x8E, 0x56, 0xB4, 0xD8, 0xEB, 0x6D, 0x0C, 0x11, 0xE5, 0x43, 0x50, 0x59,
    0x6C, 0xA1, 0x4D, 0xC4, 0x70, 0x4A, 0x91, 0x43, 0xD5, 0x22, 0xC3, 0xB1, 0x26, 0xCA, 0xE6, 0x2F,
    0xF4, 0x6B, 0xAB, 0xF3, 0xDB, 0x6E, 0x6D, 0x15, 0x55, 0x71, 0x35, 0x13, 0xEA, 0x5C, 0x15, 0x98,
    0xF4, 0x7B, 0x84, 0x86, 0x17, 0x44, 0x2E, 0xBD, 0xA2, 0x39, 0x99, 0x87, 0x0D, 0x74, 0x8D, 0x9A,
    0x79, 0x62, 0x7C, 0xD0, 0x6B, 0x25, 0xA3, 0x8C, 0x18, 0xBB, 0x16, 0x8C, 0x69, 0xEC, 0x55, 0x27,
    0xEA, 0x75, 0xD8, 0xA8, 0xAE, 0x02, 0x9B, 0x7C, 0x37, 0xE1, 0xB9, 0xE4, 0xD7, 0x70, 0x92, 0x49,
    0xC3, 0xBD, 0x38, 0x67, 0x9A, 0xE2, 0x9C, 0xE7, 0xE3, 0x2C, 0xA6, 0x7A, 0xB1, 0x70, 0x90, 0x76,
    0x96, 0xEF, 0x3E, 0xF3, 0xAB, 0x3E, 0x55, 0xFB, 0x45, 0x1D, 0x1A, 0xD2, 0xA0, 0x44, 0x1B, 0x2C,
    0x78, 0xE3, 0x6D, 0xEA, 0x06, 0xF3, 0x9B, 0x2C, 0x59, 0x27, 0x2B, 0xCB, 0xAA, 0xB9, 0x22, 0xF3,
    0x2E, 0xF4, 0x0C, 0xA8, 0x62, 0x29, 0xC6, 0x48, 0x2C, 0xC2, 0x56, 0x23, 0xEC, 0x21, 0x1A, 0x75,
    0x9F, 0xD1, 0xAC, 0x89, 0xDA, 0x2A, 0x47, 0x90, 0x4D, 0xF2, 0x79, 0xBD, 0xCC, 0xCA, 0x44, 0x7F,
    0xF9, 0xC4, 0x4F, 0x9F, 0xD8, 0xE5, 0x37, 0x0A, 0x87, 0xA8, 0xC3, 0x46, 0x30, 0xE1, 0x3D, 0xD6,
    0x86, 0x41, 0xB5, 0xA1, 0x0D, 0x4A, 0x1A, 0x13, 0x56, 0x18, 0x2E, 0xB2, 0x8B, 0x32, 0x28, 0x26,
    0x83, 0xF7, 0x76, 0x76, 0xCB, 0xC5, 0x53, 0xF4, 0xC5, 0x1E, 0xD7, 0xB7, 0xFB, 0x52, 0xD6, 0x6A,
    0x1F, 0x97, 0xAE, 0x54, 0x4B, 0x1E, 0x10, 0x46, 0xF9, 0x24, 0x17, 0x99, 0x32, 0x7E, 0x41, 0x9A,
    0x0F, 0x48, 0x21, 0xAE, 0xB0, 0x73, 0x31, 0x9B, 0xA3, 0x0D, 0x9B, 0x64, 0x23, 0xAC, 0x78, 0x95,
    0x5E, 0x54, 0xEA, 0x7F, 0xEA, 0x3A, 0xAF, 0x30, 0xA8, 0x14, 0x23, 0x75, 0xBA, 0xA7, 0x1A, 0x1C,
    0xD6, 0x4C, 0xB2, 0xC7, 0x2F, 0x45, 0x3A, 0xE6, 0x85, 0xD6, 0x6F, 0x2D, 0xB2, 0xA0, 0xA7, 0xFB,
    0x95, 0x46, 0x6C, 0x56, 0xF8, 0x66, 0x4C, 0x80, 0x76, 0x14, 0x0B, 0x15, 0x52, 0x22, 0xCA, 0x1B,
    0x7D, 0x1E, 0xD7, 0x6E, 0xC8, 0xEA, 0xDC, 0xE2, 0x61, 0xA4, 0xCE, 0xFE, 0x8B, 0xCC, 0xD1, 0xD1,
    0x1C, 0x36, 0xCE, 0xC3, 0x3A, 0x1E, 0x90, 0x7B, 0xFD, 0x39, 0x1F, 0xA7, 0xA1, 0x2D, 0x7E, 0x8D,
    0xDB, 0xE9, 0x97, 0xB3, 0x06, 0xE5, 0xEF, 0xD8, 0xEC, 0x40, 0xF4, 0xD7, 0x3A, 0x2B, 0x54, 0xCE,
    0x2A, 0xD5, 0xB2, 0xC7, 0x75, 0xA9, 0x79, 0x25, 0x7B, 0x86, 0x35, 0xF2, 0xF0, 0xD5, 0x4C, 0x14,
    0xC6, 0x7B, 0xF8, 0xA5, 0xBE, 0x5B, 0xF4, 0x40, 0xA6, 0x11, 0x5B, 0xF0, 0xB0, 0xE5, 0xB1, 0xB0,
    0x65, 0x5A, 0x44, 0x43, 0x63, 0xC4, 0x2B, 0xE9, 0xA1, 0x91, 0x04, 0x91, 0x0B, 0x3B, 0xBA, 0xE4,
    0xEA, 0xD1, 0x91, 0x73, 0xF5, 0xDE, 0xC4, 0xAC, 0x2F, 0xA5, 0x66, 0x15, 0xE9, 0x4B, 0xB4, 0xC7,
    0x08, 0x55, 0x86, 0xC8, 0xED, 0xC0, 0x0D, 0x05, 0xC3, 0x67, 0x04, 0xB2, 0x03, 0xEE, 0xB5, 0x18,
    0x1A, 0x4E, 0x50, 0xD2, 0x21, 0xAA, 0xA1, 0x3F, 0x70, 0xC0, 0xAB, 0x79, 0x1E, 0x40, 0x78, 0xE1,
    0x02, 0x3D, 0x0C, 0xA2, 0x9F, 0x7D, 0xCE, 0x62, 0x63, 0x07, 0xED, 0xDB, 0x35, 0xC9, 0x7D, 0xE3,
    0xA6, 0x99, 0xD7, 0x0A, 0x53, 0x3D, 0x1E, 0xDA, 0xF9, 0x4C, 0x5A, 0xB1, 0x4C, 0x76, 0xA3, 0x9D,
    0xB7, 0x41, 0xDB, 0x6C, 0xDE, 0x6B, 0xC5, 0x9F, 0xCD, 0xE6, 0x52, 0x2F, 0xB7, 0xDA, 0x56, 0x7D,
    0xDD, 0x8B, 0x21, 0xE2, 0x68, 0x68, 0x1F, 0x39, 0x04, 0xEF, 0xF3, 0x73, 0x51, 0x5F, 0x7C, 0x98,
    0x6A, 0xC4, 0x47, 0x68, 0x3F, 0xA6, 0xDD, 0x99, 0xA4, 0xFC, 0x9D, 0xF0, 0xD3, 0xB1, 0xDF, 0x23,
    0xAE, 0x1E, 0xA8, 0x21, 0xDE, 0x6F, 0x20, 0xCF, 0x5B, 0x24, 0x7D, 0x87, 0xFD, 0xED, 0x18, 0xC7,
    0x97, 0xD4, 0xE0, 0x08, 0xF6, 0xA5, 0x19, 0x36, 0x88, 0x94, 0x65, 0x3A, 0x96, 0x34, 0xB3, 0x46,
    0x18, 0xDA, 0x40, 0xBD, 0xD0, 0x92, 0x07, 0x1D, 0x83, 0xD5, 0xAC, 0x69, 0xE4, 0x93, 0x3A, 0xD7,
    0x3F, 0x3A, 0x81, 0xEF, 0x00, 0xE6, 0x85, 0xEF, 0x83, 0x8E, 0x88, 0x0C, 0x7D, 0xAB, 0xF8, 0xCE,
    0x9B, 0x2A, 0x39, 0x40, 0x66, 0x4A, 0x43, 0x37, 0xD2, 0x3D, 0x92, 0xA3, 0x7E, 0xA7, 0x09, 0x9B,
    0x27, 0x5B, 0x59, 0xBD, 0x4C, 0xAA, 0x28, 0x33, 0x95, 0x93, 0x72, 0x49, 0xBB, 0x3A, 0x24, 0xFF,
    0x09, 0x67, 0xC7, 0x22, 0x35, 0x85, 0x48, 0x73, 0x1D, 0xA9, 0x4C, 0x3D, 0xA4, 0xB2, 0xE4, 0xC7,
    0x82, 0xFD, 0x3D, 0x99, 0x92, 0xCF, 0x65, 0x97, 0xA2, 0x8F, 0x7D, 0x22, 0x06, 0x9C, 0x3F, 0xED,
    0x7B, 0xF4, 0x17, 0xAA, 0x70, 0x8B, 0xC1, 0xBD, 0xFE, 0xDB, 0xF6, 0xC9, 0x70, 0xED, 0xF5, 0xFE,
    0x24, 0x76, 0xD3, 0x15, 0xBA, 0x49, 0x20, 0xBD, 0xE5, 0x4B, 0x45, 0x06, 0x20, 0x81, 0x10, 0x92,
    0x51, 0x19, 0xF4, 0x50, 0x4D, 0xEC, 0xA6, 0x04, 0x7D, 0x3D, 0xC1, 0xA1, 0x1F, 0xE6, 0x86, 0x28,
    0x71, 0x9C, 0x5C, 0x84, 0xB8, 0x24, 0x62, 0x5A, 0xC2, 0x06, 0xB7, 0x3A, 0xB7, 0x7A, 0x9B, 0x3B,
    0xBD, 0x1A, 0x37, 0xD3, 0x34, 0x27, 0x59, 0x40, 0xAE, 0x90, 0xFC, 0x7B, 0xF9, 0x12, 0x35, 0x03,
    0x4B, 0x33, 0x7A, 0x3F, 0x4F, 0x7A, 0xFF, 0x90, 0xF4, 0xFE, 0xBE, 0x49, 0xCE, 0x32, 0xA4, 0xE7,
    0xC9, 0x68, 0x24, 0x34, 0x2D, 0xD8, 0x82, 0x5E, 0x22, 0x0A, 0x41, 0xA2, 0xAF, 0xA2, 0xDB, 0x27,
    0x48, 0xEF, 0xFD, 0x8C, 0xDE, 0x6F, 0xA1, 0x89, 0x6B, 0x88, 0x94, 0x66, 0x84, 0xB0, 0x59, 0x21,
    0x28, 0xCF, 0x50, 0x06, 0x34, 0x96, 0xF2, 0x53, 0x8B, 0xF8, 0x2C, 0x47, 0xCA, 0xBB, 0x64, 0x2B,
    0x06, 0x97, 0xBC, 0xC0, 0x51, 0xF6, 0x00, 0x27, 0x80, 0xA7, 0x4C, 0x66, 0x61, 0x24, 0x27, 0x58,
    0x89, 0xEC, 0xBF, 0xD5, 0x3F, 0xDA, 0xD2, 0x06, 0xA9, 0xA6, 0x4C, 0x33, 0x59, 0xEE, 0x86, 0x2F,
    0x4C, 0xC4, 0x7A, 0x08, 0x8F, 0x50, 0xFF, 0xAD, 0xB4, 0x1D, 0x20, 0xBB, 0xE3, 0x7E, 0xD2, 0x54,
    0xFF, 0x2C, 0x7E, 0x78, 0x6D, 0x03, 0x9B, 0x3F, 0xD5, 0x03, 0x82, 0xAF, 0xFD, 0x1E, 0xB8, 0xE9,
    0x55, 0x1F, 0x8A, 0x33, 0xF3, 0xA7, 0x4F, 0x67, 0x73, 0x8B, 0x43, 0xE7, 0x64, 0x7B, 0xD2, 0x47,
    0xB0, 0x4F, 0x49, 0xEC, 0x55, 0xF3, 0xD3, 0x91, 0xE3, 0xB1, 0xDA, 0x4D, 0xC7, 0x87, 0x97, 0xC0,
    0x9B, 0xF4, 0x34, 0xE0, 0x3C, 0x8D, 0xF5, 0x73, 0xC5, 0x61, 0x4E, 0xB6, 0x9D, 0xFA, 0x8B, 0x94,
    0x29, 0xD4, 0xA4, 0x05, 0x1C, 0x6D, 0x48, 0x41, 0xF0, 0xFD, 0x69, 0x90, 0x96, 0x1E, 0x80, 0x92,
    0x5E, 0x76, 0x84, 0x96, 0x27, 0xEA, 0x93, 0xBE, 0x65, 0xC9, 0x00, 0xCB, 0x18, 0x88, 0xB3, 0xBB,
    0x9C, 0xED, 0xD5, 0x0E, 0x6D, 0x16, 0xB5, 0x7B, 0xB0, 0xBB, 0x51, 0x98, 0xB2, 0x82, 0x17, 0x06,
    0x54, 0x3F, 0x43, 0x30, 0x4D, 0x3B, 0x3F, 0xE6, 0x72, 0x60, 0x1D, 0xD8, 0x7B, 0xE7, 0x02, 0x46,
    0x45, 0x4F, 0x07, 0xC8, 0x42, 0xAB, 0x9C, 0x23, 0x5E, 0x7E, 0xDF, 0x22, 0x25, 0xFF, 0x01, 0xF1,
    0xC1, 0x06, 0x19, 0x1E, 0xB8, 0xD9, 0x5C, 0x86, 0xB0, 0xDC, 0xCF, 0x6F, 0xB2, 0x92, 0x45, 0xF9,
    0x9F, 0x7E, 0xF1, 0xEC, 0x49, 0xEA, 0x0C, 0xDE, 0x66, 0xA5, 0x5C, 0x1D, 0xB4, 0x6F, 0xB6, 0xA2,
    0xAA, 0xAC, 0x34, 0xA5, 0x8D, 0x29, 0xC9, 0x73, 0xC6, 0x26, 0x07, 0xCF, 0xB6, 0xA9, 0x78, 0xAE,
    0x51, 0xE2, 0x60, 0xAD, 0x22, 0x51, 0xAF, 0x48, 0x72, 0x94, 0x6F, 0x0B, 0x7D, 0x8A, 0x95, 0x38,
    0xC4, 0x99, 0x4C, 0xA0, 0x73, 0xF6, 0x81, 0xA3, 0x0F, 0x5D, 0x5C, 0xCE, 0xF7, 0x05, 0xE6, 0x09,
    0xBF, 0xE9, 0x3C, 0x36, 0x97, 0xE6, 0xB1, 0xEF, 0x04, 0xE5, 0x0B, 0x11, 0x3C, 0x41, 0xA8, 0xDE,
    0xC9, 0x17, 0x04, 0x5E, 0x51, 0xE4, 0xE1, 0xF6, 0xA9, 0x5C, 0x9C, 0xFB, 0x04, 0xF2, 0x1B, 0x32,
    0xDE, 0x47, 0x39, 0x92, 0xF7, 0x66, 0x6C, 0x97, 0x4F, 0x41, 0xE7, 0x8B, 0xE8, 0x9B, 0x6A, 0xA7,
    0x5E, 0xF0, 0x2E, 0xA2, 0xF0, 0x79, 0x0B, 0x1E, 0x64, 0xD6, 0x1F, 0x67, 0x61, 0x2D, 0x82, 0xB1,
    0x26, 0xBB, 0xF3, 0xB4, 0x9F, 0x46, 0x96, 0x6B, 0x9B, 0x22, 0x98, 0x78, 0x70, 0x35, 0x33, 0x30,
    0x8D, 0x20, 0x2A, 0x45, 0xD8, 0x73, 0xF8, 0x90, 0x81, 0x92, 0xAF, 0x5A, 0x76, 0x6B, 0x39, 0xFD,
    0xF7, 0xE6, 0x04, 0xF0, 0x0F, 0xAB, 0xFF, 0xB0, 0xFF, 0x43, 0x68, 0x00, 0x00, 0x8D, 0x92, 0x31,
    0x4E, 0xC3, 0x40, 0x10, 0x45, 0x67, 0xE3, 0xC2, 0x85, 0x8B, 0x6D, 0x90, 0x28, 0x52, 0xB8, 0x45,
    0x4A, 0xB1, 0x47, 0xB0, 0xB9, 0x41, 0x68, 0xB8, 0x06, 0x37, 0xC8, 0x5A, 0x9C, 0x00, 0x6E, 0xC0,
    0x11, 0x38, 0x00, 0x8E, 0x2D, 0x71, 0x81, 0x8D, 0x14, 0x44, 0xEB, 0x16, 0xD1, 0xB8, 0x30, 0x92,
    0x15, 0x79, 0xB3, 0xFC, 0x19, 0xAF, 0x88, 0x44, 0x93, 0xB8, 0xF8, 0x96, 0x56, 0xEB, 0x79, 0x7F,
    0xFE, 0x37, 0xD1, 0xFC, 0xAC, 0x9E, 0x43, 0x45, 0xE4, 0xC3, 0xA7, 0xA3, 0xA4, 0x6F, 0xDE, 0x5B,
    0x4A, 0x7B, 0x83, 0x83, 0xAC, 0x2B, 0x4A, 0xA2, 0x26, 0x84, 0x89, 0x28, 0xFF, 0xB0, 0x6B, 0x22,
    0xDD, 0x6E, 0x70, 0x3D, 0xAF, 0x6A, 0xA8, 0xA9, 0x3C, 0xB4, 0x28, 0x27, 0x56, 0xC5, 0x6A, 0x17,
    0x23, 0x74, 0xB3, 0x18, 0xA0, 0x75, 0xD2, 0x43, 0xA7, 0x59, 0x53, 0xA8, 0x1A, 0x33, 0x47, 0x18,
    0xAF, 0x5B, 0xA2, 0xE5, 0xCE, 0xE2, 0x78, 0x9B, 0x8C, 0xF4, 0xF7, 0xE4, 0x47, 0x88, 0xB7, 0x15,
    0x6E, 0x18, 0x96, 0x2B, 0xC6, 0x93, 0xD0, 0x19, 0xDE, 0x30, 0x7B, 0xCB, 0x68, 0xCF, 0xE4, 0x29,
    0x82, 0x85, 0x2B, 0x58, 0xA1, 0xD6, 0x8B, 0x63, 0x45, 0x13, 0xE1, 0x0B, 0xB6, 0xA3, 0x78, 0xBC,
    0x18, 0x58, 0x3A, 0xC6, 0x9D, 0x60, 0x64, 0x0E, 0x8E, 0x69, 0x2D, 0xD3, 0xE2, 0xB6, 0x59, 0x07,
    0x69, 0x02, 0x36, 0xCE, 0xF7, 0x05, 0xD3, 0x2C, 0xD3, 0xB6, 0x71, 0xCF, 0x99, 0xC6, 0x63, 0x2D,
    0x23, 0x37, 0x8C, 0xAC, 0xD5, 0x4C, 0x2B, 0xCF, 0xD1, 0x68, 0xF5, 0xD4, 0x0C, 0x9C, 0xEF, 0x8F,
    0xE7, 0x7C, 0x5B, 0x2F, 0xC4, 0xF5, 0x29, 0x5F, 0x04, 0x8C, 0x7C, 0xEF, 0x47, 0xCE, 0x37, 0x19,
    0x18, 0x8B, 0x41, 0xE0, 0x42, 0x01, 0x46, 0x7A, 0xD8, 0x13, 0x69, 0x58, 0x35, 0x6A, 0xC7, 0x9B,
    0x42, 0x91, 0xAF, 0xFE, 0xE2, 0x7C, 0xD3, 0xF1, 0xA2, 0x7C, 0xC5, 0xC4, 0x37, 0x89, 0x8B, 0x40,
    0x62, 0x03, 0x89, 0xA7, 0xBD, 0xAC, 0xC8, 0x46, 0xBC, 0x38, 0x19, 0xE7, 0xAA, 0xEF, 0x26, 0xE9,
    0x9A, 0xB7, 0x64, 0x33, 0x03, 0x45, 0x37, 0x6C, 0x47, 0x5E, 0x4A, 0x98, 0x30, 0xC4, 0x25, 0xC1,
    0x11, 0xB3, 0x61, 0x29, 0x3B, 0x48, 0xE7, 0xC9, 0x14, 0x4B, 0x8F, 0xAE, 0xA2, 0xAD, 0xE8, 0xEB,
    0x9F, 0x31, 0x03, 0xB2, 0xF2, 0xA6, 0x9C, 0x2F, 0xB1, 0xA3, 0xB9, 0x0B, 0xBD, 0x43, 0x2C, 0xA8,
    0x61, 0x7D, 0x61, 0x17, 0x2F, 0x38, 0x69, 0xAA, 0x73, 0x5D, 0xCC, 0xFF, 0x59, 0xDE, 0x92, 0xEA,
    0xE1, 0x6C, 0xD1, 0x41, 0xAE, 0x3B, 0xED, 0x92, 0xD0, 0x07, 0xAF, 0x1F, 0xFB, 0x87, 0x7D, 0x7E,
    0xDB, 0x99, 0x32, 0x77, 0xA0, 0x68, 0x0F, 0x4A, 0x12, 0x2A, 0xC0, 0x2D, 0xFE, 0xBD, 0x9B, 0xCC,
    0x79, 0x7A, 0x4B, 0xD1, 0x5E, 0xAD, 0xDB, 0xF0, 0x6A, 0x8E, 0x54, 0x38, 0x99, 0xF9, 0x0B, 0x25,
    0xCC, 0xB1, 0x0D, 0x40, 0x40, 0x00, 0x46, 0xE1, 0x27, 0x57, 0x90, 0x5C, 0x71, 0xAD, 0x42, 0x18,
    0xC1, 0x02, 0xC2, 0x0C, 0x26, 0x3A, 0x63, 0xA9, 0x44, 0x4C, 0x72, 0x89, 0x05, 0x94, 0x92, 0x3B,
    0x7E, 0xC4, 0x57, 0xBC, 0xF2, 0x41, 0xC1, 0xAB, 0xFF, 0xA2, 0x09, 0x8C, 0x02, 0xB8, 0x71, 0x86,
    0xAE, 0xAC, 0x21, 0xF5, 0x76, 0x32, 0x5A, 0x6C, 0x70, 0xBA, 0xDC, 0x39, 0x28, 0xB5, 0x77, 0xA3,
    0xA0, 0x94, 0x6B, 0xD7, 0x91, 0x29, 0x6A, 0xC5, 0x4B, 0xD0, 0x6C, 0x09, 0xF2, 0xED, 0x80, 0x2C,
    0xAE, 0xEF, 0xCA, 0x7F, 0xBF, 0x8A, 0xDF, 0x03,
};

static const EpdGlyph notoserif_10_bolditalicGlyphs[] = {
    { 0, 0, 0, 0, 0, 0, 0 }, // U+0000
    { 0, 0, 87, 0, 0, 0, 0 }, // U+000D
    { 0, 0, 87, 0, 0, 0, 0 }, // U+0020
    { 7, 16, 132, 1, 15, 28, 0 }, // !
    { 9, 6, 169, 3, 15, 14, 28 }, // "
    { 12, 15, 186, 0, 15, 45, 42 }, // #
    { 12, 18, 186, 0, 16, 54, 87 }, // $
    { 17, 17, 299, 1, 16, 73, 141 }, // %
    { 17, 17, 267, 0, 16, 73, 214 }, // &
    { 4, 6, 97, 3, 15, 6, 287 }, // '
    { 10, 20, 133, 0, 17, 50, 293 }, // (
    { 9, 20, 133, -1, 17, 45, 343 }, // )
    { 10, 9, 206, 3, 16, 23, 388 }, // *
    { 10, 10, 186, 1, 12, 25, 411 }, // +
    { 6, 8, 101, -1, 4, 12, 436 }, // ,
    { 7, 3, 103, 0, 7, 6, 448 }, // -
    { 5, 5, 101, 0, 4, 7, 454 }, // .
    { 12, 19, 96, -3, 16, 57, 461 }, // /
    { 12, 17, 186, 0, 16, 51, 518 }, // 0
    { 10, 15, 172, 0, 15, 38, 569 }, // 1
    { 13, 16, 186, -1, 16, 52, 607 }, // 2
    { 13, 17, 186, -1, 16, 56, 659 }, // 3
    { 12, 15, 186, 0, 15, 45, 715 }, // 4
    { 12, 16, 186, 0, 15, 48, 760 }, // 5
    { 12, 17, 186, 1, 16, 51, 808 }, // 6
    { 12, 15, 186, 1, 15, 45, 859 }, // 7
    { 12, 17, 186, 0, 16, 51, 904 }, // 8
    { 12, 17, 186, 0, 16, 51, 955 }, // 9
    { 7, 13, 119, 0, 12, 23, 1006 }, // :
    { 8, 16, 119, -1, 12, 32, 1029 }, // ;
    { 10, 11, 186, 1, 13, 28, 1061 }, // <
    { 10, 7, 186, 1, 11, 18, 1089 }, // =
    { 10, 11, 186, 1, 13, 28, 1107 }, // >
    { 10, 17, 178, 2, 16, 43, 1135 }, // ?
    { 19, 18, 307, 0, 15, 86, 1178 }, // @
    { 17, 15, 251, -2, 15, 64, 1264 }, // A
    { 15, 15, 224, -1, 15, 57, 1328 }, // B
    { 14, 17, 223, 1, 16, 60, 1385 }, // C
    { 17, 15, 256, -1, 15, 64, 1445 }, // D
    { 15, 15, 211, -1, 15, 57, 1509 }, // E
    { 16, 15, 207, -1, 15, 60, 1566 }, // F
    { 15, 17, 265, 1, 16, 64, 1626 }, // G
    { 20, 15, 273, -1, 15, 75, 1690 }, // H
    { 11, 15, 134, -1, 15, 42, 1765 }, // I
    { 14, 20, 134, -4, 15, 70, 1807 }, // J
    { 18, 15, 247, -1, 15, 68, 1877 }, // K
    { 14, 15, 218, -1, 15, 53, 1945 }, // L
    { 23, 15, 317, -1, 15, 87, 1998 }, // M
    { 20, 15, 263, -1, 15, 75, 2085 }, // N
    { 15, 17, 264, 1, 16, 64, 2160 }, // O
    { 15, 15, 221, -1, 15, 57, 2224 }, // P
    { 15, 21, 262, 1, 16, 79, 2281 }, // Q
    { 16, 15, 236, -1, 15, 60, 2360 }, // R
    { 13, 17, 195, 0, 16, 56, 2420 }, // S
    { 15, 15, 218, 1, 15, 57, 2476 }, // T
    { 16, 16, 249, 2, 15, 64, 2533 }, // U
    { 16, 15, 233, 1, 15, 60, 2597 }, // V
    { 24, 15, 356, 1, 15, 90, 2657 }, // W
    { 18, 15, 244, -1, 15, 68, 2747 }, // X
    { 16, 15, 231, 1, 15, 60, 2815 }, // Y
    { 16, 15, 222, -1, 15, 60, 2875 }, // Z
    { 11, 19, 138, 0, 16, 53, 2935 }, // [
    { 3, 19, 96, 2, 16, 15, 2988 }, // <backslash>
    { 11, 19, 138, -2, 16, 53, 3003 }, // ]
    { 11, 10, 186, 0, 15, 28, 3056 }, // ^
    { 11, 2, 153, -2, -1, 6, 3084 }, // _
    { 5, 4, 111, 3, 16, 5, 3090 }, // `
    { 14, 13, 222, 0, 12, 46, 3095 }, // a
    { 13, 17, 208, 0, 16, 56, 3141 }, // b
    { 11, 13, 176, 0, 12, 36, 3197 }, // c
    { 14, 17, 222, 0, 16, 60, 3233 }, // d
    { 12, 13, 178, 0, 12, 39, 3293 }, // e
    { 15, 22, 135, -3, 17, 83, 3332 }, // f
    { 16, 18, 193, -2, 13, 72, 3415 }, // g
    { 14, 17, 219, 0, 16, 60, 3487 }, // h
    { 7, 18, 118, 1, 17, 32, 3547 }, // i
    { 10, 22, 113, -3, 17, 55, 3579 }, // j
    { 14, 16, 199, 0, 16, 56, 3634 }, // k
    { 7, 17, 118, 1, 16, 30, 3690 }, // l
    { 20, 13, 323, 0, 12, 65, 3720 }, // m
    { 14, 13, 224, 0, 12, 46, 3785 }, // n
    { 13, 13, 206, 0, 12, 43, 3831 }, // o
    { 14, 17, 208, -1, 12, 60, 3874 }, // p
    { 13, 17, 210, 0, 12, 56, 3934 }, // q
    { 12, 12, 184, 0, 12, 36, 3990 }, // r
    { 11, 13, 171, 0, 12, 36, 4026 }, // s
    { 8, 15, 139, 1, 14, 30, 4062 }, // t
    { 13, 13, 224, 1, 12, 43, 4092 }, // u
    { 12, 13, 195, 0, 12, 39, 4135 }, // v
    { 18, 13, 292, 0, 12, 59, 4174 }, // w
    { 14, 12, 201, -1, 12, 42, 4233 }, // x
    { 16, 17, 195, -4, 12, 68, 4275 }, // y
    { 12, 12, 186, 0, 12, 36, 4343 }, // z
    { 11, 19, 147, 0, 16, 53, 4379 }, // {
    { 2, 21, 186, 5, 16, 11, 4432 }, // |
    { 11, 19, 147, -2, 16, 53, 4443 }, // }
    { 11, 5, 186, 0, 10, 14, 4496 }, // ~
    { 0, 0, 87, 0, 0, 0, 0 }, // U+00A0
    { 7, 16, 132, 0, 12, 28, 0 }, // U+00A1
    { 11, 15, 186, 1, 15, 42, 28 }, // U+00A2
    { 14, 17, 186, -1, 16, 60, 70 }, // U+00A3
    { 10, 9, 186, 1, 12, 23, 130 }, // U+00A4
    { 14, 15, 186, 0, 15, 53, 153 }, // U+00A5
    { 2, 21, 186, 5, 16, 11, 206 }, // U+00A6
    { 12, 19, 181, 0, 16, 57, 217 }, // U+00A7
    { 8, 4, 192, 3, 16, 8, 274 }, // U+00A8
    { 16, 17, 282, 1, 16, 68, 282 }, // U+00A9
    { 9, 8, 144, 1, 15, 18, 350 }, // U+00AA
    { 11, 9, 185, 1, 10, 25, 368 }, // U+00AB
    { 10, 7, 186, 1, 9, 18, 393 }, // U+00AC
    { 7, 3, 103, 0, 7, 6, 411 }, // U+00AD
    { 16, 17, 282, 1, 16, 68, 417 }, // U+00AE
    { 11, 3, 153, 2, 18, 9, 485 }, // U+00AF
    { 8, 8, 133, 2, 16, 16, 494 }, // U+00B0
    { 10, 12, 186, 1, 12, 30, 510 }, // U+00B1
    { 9, 10, 133, 1, 18, 23, 540 }, // U+00B2
    { 9, 11, 133, 1, 18, 25, 563 }, // U+00B3
    { 7, 4, 108, 2, 16, 7, 588 }, // U+00B4
    { 15, 17, 226, -1, 12, 64, 595 }, // U+00B5
    { 12, 19, 209, 1, 16, 57, 659 }, // U+00B6
    { 5, 5, 101, 1, 10, 7, 716 }, // U+00B7
    { 6, 6, 111, 0, 1, 9, 723 }, // U+00B8
    { 7, 10, 133, 1, 18, 18, 732 }, // U+00B9
    { 9, 8, 136, 1, 15, 18, 750 }, // U+00BA
    { 11, 9, 185, 0, 10, 25, 768 }, // U+00BB
    { 17, 16, 294, 1, 16, 68, 793 }, // U+00BC
    { 17, 16, 294, 1, 16, 68, 861 }, // U+00BD
    { 17, 16, 294, 1, 16, 68, 929 }, // U+00BE
    { 10, 16, 178, 0, 12, 40, 997 }, // U+00BF
    { 17, 19, 251, -2, 19, 81, 1037 }, // U+00C0
    { 17, 19, 251, -2, 19, 81, 1118 }, // U+00C1
    { 17, 19, 251, -2, 19, 81, 1199 }, // U+00C2
    { 17, 19, 251, -2, 19, 81, 1280 }, // U+00C3
    { 17, 19, 251, -2, 19, 81, 1361 }, // U+00C4
    { 17, 18, 251, -2, 18, 77, 1442 }, // U+00C5
    { 23, 15, 331, -1, 15, 87, 1519 }, // U+00C6
    { 14, 21, 223, 1, 16, 74, 1606 }, // U+00C7
    { 15, 19, 211, -1, 19, 72, 1680 }, // U+00C8
    { 15, 19, 211, -1, 19, 72, 1752 }, // U+00C9
    { 15, 19, 211, -1, 19, 72, 1824 }, // U+00CA
    { 15, 19, 211, -1, 19, 72, 1896 }, // U+00CB
    { 11, 19, 134, -1, 19, 53, 1968 }, // U+00CC
    { 12, 19, 134, -1, 19, 57, 2021 }, // U+00CD
    { 12, 19, 134, -1, 19, 57, 2078 }, // U+00CE
    { 12, 19, 134, -1, 19, 57, 2135 }, // U+00CF
    { 17, 15, 256, -1, 15, 64, 2192 }, // U+00D0
    { 20, 19, 263, -1, 19, 95, 2256 }, // U+00D1
    { 15, 20, 264, 1, 19, 75, 2351 }, // U+00D2
    { 15, 20, 264, 1, 19, 75, 2426 }, // U+00D3
    { 15, 20, 264, 1, 19, 75, 2501 }, // U+00D4
    { 15, 20, 264, 1, 19, 75, 2576 }, // U+00D5
    { 15, 20, 264, 1, 19, 75, 2651 }, // U+00D6
    { 9, 9, 186, 1, 12, 21, 2726 }, // U+00D7
    { 15, 17, 264, 1, 16, 64, 2747 }, // U+00D8
    { 16, 20, 249, 2, 19, 80, 2811 }, // U+00D9
    { 16, 20, 249, 2, 19, 80, 2891 }, // U+00DA
    { 16, 20, 249, 2, 19, 80, 2971 }, // U+00DB
    { 16, 20, 249, 2, 19, 80, 3051 }, // U+00DC
    { 16, 19, 231, 1, 19, 76, 3131 }, // U+00DD
    { 15, 15, 213, -1, 15, 57, 3207 }, // U+00DE
    { 18, 22, 232, -4, 17, 99, 3264 }, // U+00DF
    { 14, 17, 222, 0, 16, 60, 3363 }, // U+00E0
    { 14, 17, 222, 0, 16, 60, 3423 }, // U+00E1
    { 14, 17, 222, 0, 16, 60, 3483 }, // U+00E2
    { 14, 17, 222, 0, 16, 60, 3543 }, // U+00E3
    { 14, 17, 222, 0, 16, 60, 3603 }, // U+00E4
    { 14, 18, 222, 0, 17, 63, 3663 }, // U+00E5
    { 19, 13, 293, 0, 12, 62, 3726 }, // U+00E6
    { 11, 17, 176, 0, 12, 47, 3788 }, // U+00E7
    { 12, 17, 178, 0, 16, 51, 3835 }, // U+00E8
    { 13, 17, 178, 0, 16, 56, 3886 }, // U+00E9
    { 12, 17, 178, 0, 16, 51, 3942 }, // U+00EA
    { 12, 17, 178, 0, 16, 51, 3993 }, // U+00EB
    { 7, 17, 118, 1, 16, 30, 4044 }, // U+00EC
    { 9, 17, 118, 1, 16, 39, 4074 }, // U+00ED
    { 9, 17, 118, 0, 16, 39, 4113 }, // U+00EE
    { 9, 17, 118, 0, 16, 39, 4152 }, // U+00EF
    { 12, 17, 205, 0, 16, 51, 4191 }, // U+00F0
    { 14, 17, 224, 0, 16, 60, 4242 }, // U+00F1
    { 13, 17, 206, 0, 16, 56, 4302 }, // U+00F2
    { 13, 17, 206, 0, 16, 56, 4358 }, // U+00F3
    { 13, 17, 206, 0, 16, 56, 4414 }, // U+00F4
    { 13, 17, 206, 0, 16, 56, 4470 }, // U+00F5
    { 13, 17, 206, 0, 16, 56, 4526 }, // U+00F6
    { 10, 11, 186, 1, 13, 28, 4582 }, // U+00F7
    { 13, 15, 206, 0, 13, 49, 4610 }, // U+00F8
    { 13, 17, 224, 1, 16, 56, 4659 }, // U+00F9
    { 13, 17, 224, 1, 16, 56, 4715 }, // U+00FA
    { 13, 17, 224, 1, 16, 56, 4771 }, // U+00FB
    { 13, 17, 224, 1, 16, 56, 4827 }, // U+00FC
    { 16, 21, 195, -4, 16, 84, 4883 }, // U+00FD
    { 14, 21, 208, -1, 16, 74, 4967 }, // U+00FE
    { 16, 21, 195, -4, 16, 84, 5041 }, // U+00FF
    { 17, 18, 251, -2, 18, 77, 0 }, // U+0100
    { 14, 16, 222, 0, 15, 56, 77 }, // U+0101
    { 17, 19, 251, -2, 19, 81, 133 }, // U+0102
    { 14, 17, 222, 0, 16, 60, 214 }, // U+0103
    { 17, 20, 251, -2, 15, 85, 274 }, // U+0104
    { 14, 17, 222, 0, 12, 60, 359 }, // U+0105
    { 15, 20, 223, 1, 19, 75, 419 }, // U+0106
    { 13, 17, 176, 0, 16, 56, 494 }, // U+0107
    { 14, 20, 223, 1, 19, 70, 550 }, // U+0108
    { 12, 17, 176, 0, 16, 51, 620 }, // U+0109
    { 14, 21, 223, 1, 20, 74, 671 }, // U+010A
    { 11, 18, 176, 0, 17, 50, 745 }, // U+010B
    { 14, 20, 223, 1, 19, 70, 795 }, // U+010C
    { 12, 17, 176, 0, 16, 51, 865 }, // U+010D
    { 17, 19, 256, -1, 19, 81, 916 }, // U+010E
    { 18, 17, 222, 0, 16, 77, 997 }, // U+010F
    { 17, 15, 256, -1, 15, 64, 1074 }, // U+0110
    { 15, 17, 221, 0, 16, 64, 1138 }, // U+0111
    { 15, 18, 211, -1, 18, 68, 1202 }, // U+0112
    { 12, 16, 178, 0, 15, 48, 1270 }, // U+0113
    { 15, 19, 211, -1, 19, 72, 1318 }, // U+0114
    { 12, 17, 178, 0, 16, 51, 1390 }, // U+0115
    { 15, 20, 211, -1, 20, 75, 1441 }, // U+0116
    { 12, 18, 178, 0, 17, 54, 1516 }, // U+0117
    { 15, 20, 211, -1, 15, 75, 1570 }, // U+0118
    { 12, 17, 178, 0, 12, 51, 1645 }, // U+0119
    { 15, 19, 211, -1, 19, 72, 1696 }, // U+011A
    { 13, 17, 178, 0, 16, 56, 1768 }, // U+011B
    { 15, 20, 265, 1, 19, 75, 1824 }, // U+011C
    { 16, 21, 193, -2, 16, 84, 1899 }, // U+011D
    { 15, 20, 265, 1, 19, 75, 1983 }, // U+011E
    { 16, 21, 193, -2, 16, 84, 2058 }, // U+011F
    { 15, 21, 265, 1, 20, 79, 2142 }, // U+0120
    { 16, 22, 193, -2, 17, 88, 2221 }, // U+0121
    { 15, 21, 265, 1, 16, 79, 2309 }, // U+0122
    { 16, 21, 193, -2, 16, 84, 2388 }, // U+0123
    { 20, 19, 273, -1, 19, 95, 2472 }, // U+0124
    { 14, 21, 219, 0, 20, 74, 2567 }, // U+0125
    { 20, 15, 273, -1, 15, 75, 2641 }, // U+0126
    { 14, 17, 219, 0, 16, 60, 2716 }, // U+0127
    { 12, 19, 134, -1, 19, 57, 2776 }, // U+0128
    { 9, 17, 118, 0, 16, 39, 2833 }, // U+0129
    { 11, 18, 134, -1, 18, 50, 2872 }, // U+012A
    { 7, 16, 118, 1, 15, 28, 2922 }, // U+012B
    { 12, 19, 134, -1, 19, 57, 2950 }, // U+012C
    { 8, 17, 118, 1, 16, 34, 3007 }, // U+012D
    { 11, 20, 134, -1, 15, 55, 3041 }, // U+012E
    { 8, 22, 118, 0, 17, 44, 3096 }, // U+012F
    { 11, 20, 134, -1, 20, 55, 3140 }, // U+0130
    { 7, 13, 118, 1, 12, 23, 3195 }, // U+0131
    { 20, 20, 267, -1, 15, 100, 3218 }, // U+0132
    { 14, 22, 231, 1, 17, 77, 3318 }, // U+0133
    { 15, 24, 134, -4, 19, 90, 3395 }, // U+0134
    { 11, 21, 113, -3, 16, 58, 3485 }, // U+0135
    { 18, 20, 247, -1, 15, 90, 3543 }, // U+0136
    { 14, 21, 199, 0, 16, 74, 3633 }, // U+0137
    { 14, 12, 199, 0, 12, 42, 3707 }, // U+0138
    { 14, 19, 218, -1, 19, 67, 3749 }, // U+0139
    { 10, 21, 118, 1, 20, 53, 3816 }, // U+013A
    { 14, 20, 218, -1, 15, 70, 3869 }, // U+013B
    { 9, 21, 118, -1, 16, 48, 3939 }, // U+013C
    { 15, 15, 218, -1, 15, 57, 3987 }, // U+013D
    { 11, 17, 118, 1, 16, 47, 4044 }, // U+013E
    { 15, 15, 218, -1, 15, 57, 4091 }, // U+013F
    { 10, 17, 154, 1, 16, 43, 4148 }, // U+0140
    { 14, 15, 218, -1, 15, 53, 4191 }, // U+0141
    { 9, 17, 118, -1, 16, 39, 4244 }, // U+0142
    { 20, 19, 263, -1, 19, 95, 4283 }, // U+0143
    { 14, 17, 224, 0, 16, 60, 4378 }, // U+0144
    { 20, 20, 263, -1, 15, 100, 4438 }, // U+0145
    { 14, 17, 224, 0, 12, 60, 4538 }, // U+0146
    { 20, 19, 263, -1, 19, 95, 4598 }, // U+0147
    { 14, 17, 224, 0, 16, 60, 4693 }, // U+0148
    { 18, 16, 293, 0, 15, 72, 4753 }, // U+0149
    { 20, 20, 254, -1, 15, 100, 4825 }, // U+014A
    { 13, 17, 217, 0, 12, 56, 4925 }, // U+014B
    { 15, 19, 264, 1, 18, 72, 4981 }, // U+014C
    { 13, 16, 206, 0, 15, 52, 5053 }, // U+014D
    { 15, 20, 264, 1, 19, 75, 5105 }, // U+014E
    { 13, 17, 206, 0, 16, 56, 5180 }, // U+014F
    { 16, 20, 264, 1, 19, 80, 5236 }, // U+0150
    { 14, 17, 206, 0, 16, 60, 5316 }, // U+0151
    { 21, 17, 330, 1, 16, 90, 5376 }, // U+0152
    { 19, 13, 300, 0, 12, 62, 5466 }, // U+0153
    { 16, 19, 236, -1, 19, 76, 5528 }, // U+0154
    { 12, 16, 184, 0, 16, 48, 5604 }, // U+0155
    { 16, 20, 236, -1, 15, 80, 5652 }, // U+0156
    { 13, 17, 184, -1, 12, 56, 5732 }, // U+0157
    { 16, 19, 236, -1, 19, 76, 5788 }, // U+0158
    { 12, 16, 184, 0, 16, 48, 5864 }, // U+0159
    { 13, 20, 195, 0, 19, 65, 5912 }, // U+015A
    { 12, 17, 171, 0, 16, 51, 5977 }, // U+015B
    { 13, 20, 195, 0, 19, 65, 6028 }, // U+015C
    { 11, 17, 171, 0, 16, 47, 6093 }, // U+015D
    { 13, 21, 195, 0, 16, 69, 6140 }, // U+015E
    { 11, 17, 171, 0, 12, 47, 6209 }, // U+015F
    { 13, 20, 195, 0, 19, 65, 6256 }, // U+0160
    { 12, 17, 171, 0, 16, 51, 6321 }, // U+0161
    { 15, 20, 218, 1, 15, 75, 6372 }, // U+0162
    { 9, 19, 139, 0, 14, 43, 6447 }, // U+0163
    { 15, 19, 218, 1, 19, 72, 6490 }, // U+0164
    { 11, 17, 139, 1, 16, 47, 6562 }, // U+0165
    { 15, 15, 218, 1, 15, 57, 6609 }, // U+0166
    { 9, 15, 139, 0, 14, 34, 6666 }, // U+0167
    { 16, 20, 249, 2, 19, 80, 6700 }, // U+0168
    { 13, 17, 224, 1, 16, 56, 6780 }, // U+0169
    { 16, 19, 249, 2, 18, 76, 6836 }, // U+016A
    { 13, 16, 224, 1, 15, 52, 6912 }, // U+016B
    { 16, 20, 249, 2, 19, 80, 6964 }, // U+016C
    { 13, 17, 224, 1, 16, 56, 7044 }, // U+016D
    { 16, 21, 249, 2, 20, 84, 7100 }, // U+016E
    { 13, 18, 224, 1, 17, 59, 7184 }, // U+016F
    { 16, 20, 249, 2, 19, 80, 7243 }, // U+0170
    { 14, 17, 224, 1, 16, 60, 7323 }, // U+0171
    { 16, 20, 249, 2, 15, 80, 7383 }, // U+0172
    { 13, 17, 224, 1, 12, 56, 7463 }, // U+0173
    { 24, 19, 356, 1, 19, 114, 7519 }, // U+0174
    { 18, 17, 292, 0, 16, 77, 7633 }, // U+0175
    { 16, 19, 231, 1, 19, 76, 7710 }, // U+0176
    { 16, 21, 195, -4, 16, 84, 7786 }, // U+0177
    { 16, 19, 231, 1, 19, 76, 7870 }, // U+0178
    { 16, 19, 222, -1, 19, 76, 7946 }, // U+0179
    { 12, 16, 186, 0, 16, 48, 8022 }, // U+017A
    { 16, 20, 222, -1, 20, 80, 8070 }, // U+017B
    { 12, 17, 186, 0, 17, 51, 8150 }, // U+017C
    { 16, 19, 222, -1, 19, 76, 8201 }, // U+017D
    { 12, 16, 186, 0, 16, 48, 8277 }, // U+017E
    { 15, 22, 135, -3, 17, 83, 8325 }, // U+017F
    { 19, 18, 281, 1, 17, 86, 0 }, // U+01A0
    { 16, 15, 223, 0, 14, 60, 86 }, // U+01A1
    { 18, 18, 284, 2, 17, 81, 146 }, // U+01AF
    { 17, 15, 259, 1, 14, 64, 227 }, // U+01B0
    { 32, 19, 478, -1, 19, 152, 291 }, // U+01C4
    { 29, 16, 442, -1, 16, 116, 443 }, // U+01C5
    { 25, 17, 408, 0, 16, 107, 559 }, // U+01C6
    { 25, 20, 352, -1, 15, 125, 666 }, // U+01C7
    { 22, 22, 331, -1, 17, 121, 791 }, // U+01C8
    { 14, 22, 231, 1, 17, 77, 912 }, // U+01C9
    { 28, 20, 396, -1, 15, 140, 989 }, // U+01CA
    { 25, 22, 375, -1, 17, 138, 1129 }, // U+01CB
    { 21, 22, 337, 0, 17, 116, 1267 }, // U+01CC
    { 17, 19, 251, -2, 19, 81, 1383 }, // U+01CD
    { 14, 17, 222, 0, 16, 60, 1464 }, // U+01CE
    { 12, 19, 134, -1, 19, 57, 1524 }, // U+01CF
    { 8, 17, 118, 1, 16, 34, 1581 }, // U+01D0
    { 15, 20, 264, 1, 19, 75, 1615 }, // U+01D1
    { 13, 17, 206, 0, 16, 56, 1690 }, // U+01D2
    { 16, 20, 249, 2, 19, 80, 1746 }, // U+01D3
    { 13, 17, 224, 1, 16, 56, 1826 }, // U+01D4
    { 16, 23, 249, 2, 22, 92, 1882 }, // U+01D5
    { 13, 19, 224, 1, 18, 62, 1974 }, // U+01D6
    { 16, 23, 249, 2, 22, 92, 2036 }, // U+01D7
    { 13, 20, 224, 1, 19, 65, 2128 }, // U+01D8
    { 16, 23, 249, 2, 22, 92, 2193 }, // U+01D9
    { 13, 20, 224, 1, 19, 65, 2285 }, // U+01DA
    { 16, 23, 249, 2, 22, 92, 2350 }, // U+01DB
    { 13, 20, 224, 1, 19, 65, 2442 }, // U+01DC
    { 11, 13, 187, 0, 12, 36, 2507 }, // U+01DD
    { 17, 22, 251, -2, 22, 94, 2543 }, // U+01DE
    { 14, 19, 222, 0, 18, 67, 2637 }, // U+01DF
    { 17, 21, 251, -2, 21, 90, 2704 }, // U+01E0
    { 14, 19, 222, 0, 18, 67, 2794 }, // U+01E1
    { 23, 18, 331, -1, 18, 104, 2861 }, // U+01E2
    { 19, 16, 293, 0, 15, 76, 2965 }, // U+01E3
    { 15, 17, 265, 1, 16, 64, 3041 }, // U+01E4
    { 16, 18, 193, -2, 13, 72, 3105 }, // U+01E5
    { 15, 20, 265, 1, 19, 75, 3177 }, // U+01E6
    { 16, 21, 193, -2, 16, 84, 3252 }, // U+01E7
    { 18, 19, 247, -1, 19, 86, 3336 }, // U+01E8
    { 14, 20, 199, 0, 20, 70, 3422 }, // U+01E9
    { 15, 21, 264, 1, 16, 79, 3492 }, // U+01EA
    { 13, 17, 206, 0, 12, 56, 3571 }, // U+01EB
    { 15, 23, 264, 1, 18, 87, 3627 }, // U+01EC
    { 13, 20, 206, 0, 15, 65, 3714 }, // U+01ED
    { 14, 20, 202, 0, 19, 70, 3779 }, // U+01EE
    { 13, 21, 186, -1, 16, 69, 3849 }, // U+01EF
    { 12, 21, 113, -3, 16, 63, 3918 }, // U+01F0
    { 32, 15, 478, -1, 15, 120, 3981 }, // U+01F1
    { 29, 15, 442, -1, 15, 109, 4101 }, // U+01F2
    { 25, 17, 408, 0, 16, 107, 4210 }, // U+01F3
    { 15, 20, 265, 1, 19, 75, 4317 }, // U+01F4
    { 16, 21, 193, -2, 16, 84, 4392 }, // U+01F5
    { 26, 16, 380, -1, 15, 104, 4476 }, // U+01F6
    { 18, 21, 250, -2, 16, 95, 4580 }, // U+01F7
    { 20, 19, 263, -1, 19, 95, 4675 }, // U+01F8
    { 14, 17, 224, 0, 16, 60, 4770 }, // U+01F9
    { 17, 21, 251, -2, 21, 90, 4830 }, // U+01FA
    { 14, 22, 222, 0, 21, 77, 4920 }, // U+01FB
    { 23, 19, 331, -1, 19, 110, 4997 }, // U+01FC
    { 19, 17, 293, 0, 16, 81, 5107 }, // U+01FD
    { 15, 20, 264, 1, 19, 75, 5188 }, // U+01FE
    { 13, 18, 206, 0, 16, 59, 5263 }, // U+01FF
    { 17, 20, 251, -2, 20, 85, 5322 }, // U+0200
    { 14, 17, 222, 0, 16, 60, 5407 }, // U+0201
    { 17, 19, 251, -2, 19, 81, 5467 }, // U+0202
    { 14, 17, 222, 0, 16, 60, 5548 }, // U+0203
    { 15, 20, 211, -1, 20, 75, 5608 }, // U+0204
    { 12, 17, 178, 0, 16, 51, 5683 }, // U+0205
    { 15, 19, 211, -1, 19, 72, 5734 }, // U+0206
    { 12, 17, 178, 0, 16, 51, 5806 }, // U+0207
    { 11, 20, 134, -1, 20, 55, 5857 }, // U+0208
    { 10, 17, 118, -2, 16, 43, 5912 }, // U+0209
    { 12, 20, 134, -1, 20, 60, 5955 }, // U+020A
    { 8, 17, 118, 1, 16, 34, 6015 }, // U+020B
    { 15, 21, 264, 1, 20, 79, 6049 }, // U+020C
    { 13, 17, 206, 0, 16, 56, 6128 }, // U+020D
    { 15, 20, 264, 1, 19, 75, 6184 }, // U+020E
    { 13, 17, 206, 0, 16, 56, 6259 }, // U+020F
    { 16, 20, 236, -1, 20, 80, 6315 }, // U+0210
    { 12, 16, 184, 0, 16, 48, 6395 }, // U+0211
    { 16, 19, 236, -1, 19, 76, 6443 }, // U+0212
    { 12, 16, 184, 0, 16, 48, 6519 }, // U+0213
    { 16, 21, 249, 2, 20, 84, 6567 }, // U+0214
    { 13, 17, 224, 1, 16, 56, 6651 }, // U+0215
    { 16, 20, 249, 2, 19, 80, 6707 }, // U+0216
    { 13, 17, 224, 1, 16, 56, 6787 }, // U+0217
    { 13, 21, 195, 0, 16, 69, 6843 }, // U+0218
    { 11, 17, 171, 0, 12, 47, 6912 }, // U+0219
    { 15, 20, 218, 1, 15, 75, 6959 }, // U+021A
    { 9, 19, 139, 0, 14, 43, 7034 }, // U+021B
    { 14, 20, 204, -1, 16, 70, 7077 }, // U+021C
    { 12, 17, 170, -2, 12, 51, 7147 }, // U+021D
    { 20, 19, 273, -1, 19, 95, 7198 }, // U+021E
    { 14, 21, 219, 0, 20, 74, 7293 }, // U+021F
    { 5, 4, 0, -10, 16, 5, 0 }, // U+0300
    { 7, 4, 0, -7, 16, 7, 5 }, // U+0301
    { 9, 4, 0, -3, 16, 9, 12 }, // U+0302
    { 9, 4, 0, -10, 16, 9, 21 }, // U+0303
    { 7, 3, 0, -2, 15, 6, 30 }, // U+0304
    { 7, 3, 0, -1, 18, 6, 36 }, // U+0305
    { 8, 4, 0, -2, 16, 8, 42 }, // U+0306
    { 4, 4, 0, 0, 17, 4, 50 }, // U+0307
    { 8, 4, 0, -2, 16, 8, 54 }, // U+0308
    { 6, 6, 0, -8, 18, 9, 62 }, // U+0309
    { 6, 5, 0, -1, 17, 8, 71 }, // U+030A
    { 10, 4, 0, -3, 16, 10, 79 }, // U+030B
    { 9, 4, 0, -2, 16, 9, 89 }, // U+030C
    { 3, 4, 0, 0, 16, 3, 98 }, // U+030D
    { 6, 4, 0, -1, 16, 6, 101 }, // U+030E
    { 10, 4, 0, -10, 16, 10, 107 }, // U+030F
    { 8, 7, 0, -2, 19, 14, 117 }, // U+0310
    { 7, 4, 0, -2, 16, 7, 131 }, // U+0311
    { 5, 7, 0, -1, 15, 9, 138 }, // U+0312
    { 6, 7, 0, -2, 15, 11, 147 }, // U+0313
    { 5, 7, 0, -1, 15, 9, 158 }, // U+0314
    { 6, 7, 0, -2, 15, 11, 167 }, // U+0315
    { 6, 4, 0, -5, -1, 6, 178 }, // U+0316
    { 7, 4, 0, -5, -1, 7, 184 }, // U+0317
    { 4, 5, 0, -3, 0, 5, 191 }, // U+0318
    { 4, 5, 0, -3, 0, 5, 196 }, // U+0319
    { 7, 6, 125, 2, 16, 11, 201 }, // U+031A
    { 6, 6, 0, -2, 17, 9, 212 }, // U+031B
    { 4, 5, 0, -3, 0, 5, 221 }, // U+031C
    { 5, 4, 0, -4, -1, 5, 226 }, // U+031D
    { 5, 4, 0, -4, -1, 5, 231 }, // U+031E
    { 5, 5, 0, -4, 0, 7, 236 }, // U+031F
    { 6, 2, 0, -5, -2, 3, 243 }, // U+0320
    { 6, 7, 0, -6, 2, 11, 246 }, // U+0321
    { 5, 6, 0, -3, 1, 8, 257 }, // U+0322
    { 4, 4, 0, -10, -1, 4, 265 }, // U+0323
    { 9, 4, 0, -6, -1, 9, 269 }, // U+0324
    { 6, 5, 0, -4, -1, 8, 278 }, // U+0325
    { 5, 4, 0, -4, -1, 5, 286 }, // U+0326
    { 6, 6, 0, -4, 1, 9, 291 }, // U+0327
    { 6, 5, 0, -5, 0, 8, 300 }, // U+0328
    { 3, 4, 0, -3, -1, 3, 308 }, // U+0329
    { 9, 4, 0, -6, -1, 9, 311 }, // U+032A
    { 8, 3, 0, -5, -1, 6, 320 }, // U+032B
    { 8, 4, 0, -5, -1, 8, 326 }, // U+032C
    { 8, 4, 0, -6, -1, 8, 334 }, // U+032D
    { 8, 4, 0, -5, -1, 8, 342 }, // U+032E
    { 7, 4, 0, -5, -1, 7, 350 }, // U+032F
    { 9, 4, 0, -6, -1, 9, 357 }, // U+0330
    { 7, 3, 0, -5, -1, 6, 366 }, // U+0331
    { 10, 3, 0, -11, -1, 8, 372 }, // U+0332
    { 10, 5, 0, -11, 0, 13, 380 }, // U+0333
    { 9, 4, 0, -4, 8, 9, 393 }, // U+0334
    { 10, 2, 0, -5, 7, 5, 402 }, // U+0335
    { 14, 2, 0, -7, 7, 7, 407 }, // U+0336
    { 10, 6, 0, -5, 9, 15, 414 }, // U+0337
    { 13, 19, 0, -6, 17, 62, 429 }, // U+0338
    { 4, 5, 0, -3, 0, 5, 491 }, // U+0339
    { 9, 4, 0, -6, -1, 9, 496 }, // U+033A
    { 9, 5, 0, -6, 0, 12, 505 }, // U+033B
    { 8, 3, 0, -5, -1, 6, 517 }, // U+033C
    { 5, 4, 0, -1, 16, 5, 523 }, // U+033D
    { 4, 8, 0, 0, 19, 8, 528 }, // U+033E
    { 11, 5, 0, -3, 20, 14, 536 }, // U+033F
    { 6, 4, 0, -2, 16, 6, 550 }, // U+0340
    { 7, 4, 0, -1, 16, 7, 556 }, // U+0341
    { 9, 4, 0, -3, 16, 9, 563 }, // U+0342
    { 4, 5, 0, 1, 17, 5, 572 }, // U+0343
    { 10, 5, 0, -3, 16, 13, 577 }, // U+0344
    { 5, 4, 0, -1, -1, 5, 590 }, // U+0345
    { 9, 4, 0, -3, 16, 9, 595 }, // U+0346
    { 11, 5, 0, -7, 0, 14, 604 }, // U+0347
    { 7, 4, 0, -5, -1, 7, 618 }, // U+0348
    { 5, 4, 0, -3, -1, 5, 625 }, // U+0349
    { 10, 6, 0, -3, 17, 15, 630 }, // U+034A
    { 10, 10, 0, -3, 21, 25, 645 }, // U+034B
    { 10, 8, 0, -3, 20, 20, 670 }, // U+034C
    { 7, 5, 0, -5, 0, 9, 690 }, // U+034D
    { 5, 5, 0, -4, 0, 7, 699 }, // U+034E
    { 16, 15, 0, -8, 15, 60, 706 }, // U+034F
    { 5, 6, 0, -1, 17, 8, 766 }, // U+0350
    { 4, 5, 0, 0, 17, 5, 774 }, // U+0351
    { 8, 7, 0, -2, 19, 14, 779 }, // U+0352
    { 5, 4, 0, -4, -1, 5, 793 }, // U+0353
    { 5, 5, 0, -4, 0, 7, 798 }, // U+0354
    { 5, 5, 0, -4, 0, 7, 805 }, // U+0355
    { 9, 5, 0, -6, 0, 12, 812 }, // U+0356
    { 4, 5, 0, -1, 17, 5, 824 }, // U+0357
    { 4, 4, 0, 3, 17, 4, 829 }, // U+0358
    { 6, 6, 0, -3, 0, 9, 833 }, // U+0359
    { 8, 5, 0, -6, 0, 10, 842 }, // U+035A
    { 5, 5, 0, -1, 17, 7, 852 }, // U+035B
    { 17, 5, 0, -10, 0, 22, 859 }, // U+035C
    { 17, 5, 0, -6, 17, 22, 881 }, // U+035D
    { 13, 3, 0, -5, 15, 10, 903 }, // U+035E
    { 14, 3, 0, -9, -1, 11, 913 }, // U+035F
    { 18, 4, 0, -7, 16, 18, 924 }, // U+0360
    { 18, 5, 0, -7, 18, 23, 942 }, // U+0361
    { 14, 5, 0, -9, 0, 18, 965 }, // U+0362
    { 6, 6, 0, -1, 18, 9, 983 }, // U+0363
    { 6, 6, 0, -1, 18, 9, 992 }, // U+0364
    { 4, 8, 0, 0, 20, 8, 1001 }, // U+0365
    { 6, 6, 0, -1, 18, 9, 1009 }, // U+0366
    { 7, 6, 0, -1, 18, 11, 1018 }, // U+0367
    { 6, 6, 0, -1, 18, 9, 1029 }, // U+0368
    { 6, 8, 0, -1, 20, 12, 1038 }, // U+0369
    { 6, 8, 0, -1, 20, 12, 1050 }, // U+036A
    { 10, 6, 0, -3, 18, 15, 1062 }, // U+036B
    { 6, 6, 0, -1, 18, 9, 1077 }, // U+036C
    { 5, 7, 0, 0, 19, 9, 1086 }, // U+036D
    { 6, 6, 0, -1, 18, 9, 1095 }, // U+036E
    { 6, 6, 0, -1, 18, 9, 1104 }, // U+036F
    { 15, 19, 218, -1, 19, 72, 0 }, // U+0400
    { 15, 20, 218, -1, 20, 75, 72 }, // U+0401
    { 16, 15, 274, 1, 15, 60, 147 }, // U+0402
    { 15, 19, 197, -1, 19, 72, 207 }, // U+0403
    { 14, 17, 219, 1, 16, 60, 279 }, // U+0404
    { 13, 17, 195, -1, 16, 56, 339 }, // U+0405
    { 11, 15, 133, -1, 15, 42, 395 }, // U+0406
    { 12, 20, 133, -1, 20, 60, 437 }, // U+0407
    { 13, 20, 132, -3, 15, 65, 497 }, // U+0408
    { 21, 16, 324, -1, 15, 84, 562 }, // U+0409
    { 22, 15, 344, -1, 15, 83, 646 }, // U+040A
    { 17, 15, 296, 1, 15, 64, 729 }, // U+040B
    { 18, 19, 243, -1, 19, 86, 793 }, // U+040C
    { 20, 19, 273, -1, 19, 95, 879 }, // U+040D
    { 16, 21, 233, 1, 20, 84, 974 }, // U+040E
    { 20, 19, 268, -1, 15, 95, 1058 }, // U+040F
    { 17, 15, 250, -2, 15, 64, 1153 }, // U+0410
    { 15, 15, 213, -1, 15, 57, 1217 }, // U+0411
    { 15, 15, 225, -1, 15, 57, 1274 }, // U+0412
    { 15, 15, 197, -1, 15, 57, 1331 }, // U+0413
    { 20, 19, 257, -2, 15, 95, 1388 }, // U+0414
    { 15, 15, 218, -1, 15, 57, 1483 }, // U+0415
    { 25, 15, 345, -2, 15, 94, 1540 }, // U+0416
    { 14, 17, 207, -1, 16, 60, 1634 }, // U+0417
    { 20, 15, 275, -1, 15, 75, 1694 }, // U+0418
    { 20, 20, 275, -1, 20, 100, 1769 }, // U+0419
    { 18, 15, 243, -1, 15, 68, 1869 }, // U+041A
    { 18, 16, 250, -1, 15, 72, 1937 }, // U+041B
    { 23, 15, 323, -1, 15, 87, 2009 }, // U+041C
    { 20, 15, 272, -1, 15, 75, 2096 }, // U+041D
    { 15, 17, 256, 1, 16, 64, 2171 }, // U+041E
    { 20, 15, 268, -1, 15, 75, 2235 }, // U+041F
    { 15, 15, 213, -1, 15, 57, 2310 }, // U+0420
    { 14, 17, 219, 1, 16, 60, 2367 }, // U+0421
    { 15, 15, 221, 1, 15, 57, 2427 }, // U+0422
    { 16, 16, 233, 1, 15, 64, 2484 }, // U+0423
    { 19, 17, 315, 1, 16, 81, 2548 }, // U+0424
    { 19, 15, 244, -2, 15, 72, 2629 }, // U+0425
    { 20, 19, 270, -1, 15, 95, 2701 }, // U+0426
    { 17, 15, 261, 1, 15, 64, 2796 }, // U+0427
    { 27, 15, 380, -1, 15, 102, 2860 }, // U+0428
    { 27, 19, 382, -1, 15, 129, 2962 }, // U+0429
    { 14, 15, 246, 1, 15, 53, 3091 }, // U+042A
    { 23, 15, 326, -1, 15, 87, 3144 }, // U+042B
    { 14, 15, 213, -1, 15, 53, 3231 }, // U+042C
    { 15, 17, 219, -1, 16, 64, 3284 }, // U+042D
    { 24, 17, 360, -1, 16, 102, 3348 }, // U+042E
    { 19, 15, 235, -2, 15, 72, 3450 }, // U+042F
    { 13, 13, 208, 0, 12, 43, 3522 }, // U+0430
    { 14, 18, 203, 0, 17, 63, 3565 }, // U+0431
    { 12, 13, 190, 0, 12, 39, 3628 }, // U+0432
    { 10, 13, 160, 0, 12, 33, 3667 }, // U+0433
    { 12, 18, 200, 0, 17, 54, 3700 }, // U+0434
    { 12, 13, 177, 0, 12, 39, 3754 }, // U+0435
    { 23, 13, 342, -1, 12, 75, 3793 }, // U+0436
    { 10, 13, 171, 0, 12, 33, 3868 }, // U+0437
    { 13, 13, 216, 1, 12, 43, 3901 }, // U+0438
    { 13, 18, 216, 1, 17, 59, 3944 }, // U+0439
    { 14, 12, 204, 0, 12, 42, 4003 }, // U+043A
    { 14, 13, 205, -1, 12, 46, 4045 }, // U+043B
    { 19, 13, 288, -1, 12, 62, 4091 }, // U+043C
    { 14, 13, 216, 0, 12, 46, 4153 }, // U+043D
    { 12, 13, 200, 0, 12, 39, 4199 }, // U+043E
    { 14, 13, 217, 0, 12, 46, 4238 }, // U+043F
    { 14, 17, 207, -1, 12, 60, 4284 }, // U+0440
    { 11, 13, 173, 0, 12, 36, 4344 }, // U+0441
    { 20, 13, 316, 0, 12, 65, 4380 }, // U+0442
    { 13, 18, 193, -1, 12, 59, 4445 }, // U+0443
    { 17, 22, 277, 0, 17, 94, 4504 }, // U+0444
    { 14, 12, 198, -1, 12, 42, 4598 }, // U+0445
    { 13, 17, 217, 1, 12, 56, 4640 }, // U+0446
    { 13, 13, 205, 0, 12, 43, 4696 }, // U+0447
    { 19, 13, 317, 1, 12, 62, 4739 }, // U+0448
    { 19, 17, 318, 1, 12, 81, 4801 }, // U+0449
    { 12, 13, 197, 0, 12, 39, 4882 }, // U+044A
    { 18, 13, 287, 0, 12, 59, 4921 }, // U+044B
    { 11, 13, 193, 1, 12, 36, 4980 }, // U+044C
    { 11, 13, 175, 0, 12, 36, 5016 }, // U+044D
    { 18, 13, 288, 0, 12, 59, 5052 }, // U+044E
    { 14, 13, 209, -1, 12, 46, 5111 }, // U+044F
    { 12, 17, 177, 0, 16, 51, 5157 }, // U+0450
    { 12, 17, 177, 0, 16, 51, 5208 }, // U+0451
    { 13, 22, 207, 0, 16, 72, 5259 }, // U+0452
    { 11, 17, 160, 0, 16, 47, 5331 }, // U+0453
    { 11, 13, 173, 0, 12, 36, 5378 }, // U+0454
    { 11, 13, 160, -1, 12, 36, 5414 }, // U+0455
    { 6, 18, 109, 1, 17, 27, 5450 }, // U+0456
    { 8, 18, 109, 1, 17, 36, 5477 }, // U+0457
    { 10, 23, 105, -3, 17, 58, 5513 }, // U+0458
    { 18, 13, 285, -1, 12, 59, 5571 }, // U+0459
    { 18, 13, 296, 0, 12, 59, 5630 }, // U+045A
    { 14, 17, 217, 0, 16, 60, 5689 }, // U+045B
    { 14, 16, 204, 0, 16, 56, 5749 }, // U+045C
    { 13, 17, 216, 1, 16, 56, 5805 }, // U+045D
    { 13, 23, 193, -1, 17, 75, 5861 }, // U+045E
    { 13, 17, 216, 1, 12, 56, 5936 }, // U+045F
    { 21, 16, 341, 1, 16, 84, 5992 }, // U+0460
    { 17, 12, 274, 0, 12, 51, 6076 }, // U+0461
    { 14, 15, 237, 0, 15, 53, 6127 }, // U+0462
    { 18, 13, 298, 0, 12, 59, 6180 }, // U+0463
    { 24, 17, 344, -1, 16, 102, 6239 }, // U+0464
    { 18, 13, 279, 0, 12, 59, 6341 }, // U+0465
    { 18, 15, 264, -2, 15, 68, 6400 }, // U+0466
    { 15, 12, 216, -2, 12, 45, 6468 }, // U+0467
    { 25, 15, 388, -1, 15, 94, 6513 }, // U+0468
    { 20, 12, 318, 0, 12, 60, 6607 }, // U+0469
    { 20, 15, 300, -2, 15, 75, 6667 }, // U+046A
    { 18, 12, 261, -2, 12, 54, 6742 }, // U+046B
    { 27, 15, 428, -1, 15, 102, 6796 }, // U+046C
    { 22, 12, 361, 0, 12, 66, 6898 }, // U+046D
    { 14, 23, 202, -1, 18, 81, 6964 }, // U+046E
    { 12, 19, 172, -1, 14, 57, 7045 }, // U+046F
    { 21, 15, 325, 2, 15, 79, 7102 }, // U+0470
    { 15, 21, 240, 1, 16, 79, 7181 }, // U+0471
    { 15, 17, 264, 1, 16, 64, 7260 }, // U+0472
    { 13, 13, 206, 0, 12, 43, 7324 }, // U+0473
    { 17, 15, 248, 1, 15, 64, 7367 }, // U+0474
    { 14, 13, 210, 0, 12, 46, 7431 }, // U+0475
    { 17, 20, 248, 1, 20, 85, 7477 }, // U+0476
    { 14, 17, 210, 0, 16, 60, 7562 }, // U+0477
    { 26, 21, 435, 1, 16, 137, 7622 }, // U+0478
    { 23, 17, 373, 0, 12, 98, 7759 }, // U+0479
    { 16, 19, 277, 1, 17, 76, 7857 }, // U+047A
    { 13, 15, 216, 0, 13, 49, 7933 }, // U+047B
    { 23, 24, 381, 1, 23, 138, 7982 }, // U+047C
    { 20, 20, 321, 0, 19, 100, 8120 }, // U+047D
    { 21, 19, 341, 1, 19, 100, 8220 }, // U+047E
    { 17, 15, 274, 0, 15, 64, 8320 }, // U+047F
    { 14, 21, 223, 1, 16, 74, 8384 }, // U+0480
    { 11, 17, 176, 0, 12, 47, 8458 }, // U+0481
    { 11, 15, 203, 1, 14, 42, 8505 }, // U+0482
    { 9, 5, 0, -3, 16, 12, 8547 }, // U+0483
    { 9, 4, 0, -3, 16, 9, 8559 }, // U+0484
    { 4, 5, 0, 0, 17, 5, 8568 }, // U+0485
    { 4, 5, 0, 0, 17, 5, 8573 }, // U+0486
    { 10, 4, 0, -3, 19, 10, 8578 }, // U+0487
    { 26, 24, 0, -13, 18, 156, 8588 }, // U+0488
    { 26, 26, 0, -13, 19, 169, 8744 }, // U+0489
    { 20, 25, 279, -1, 20, 125, 8913 }, // U+048A
    { 13, 22, 224, 1, 17, 72, 9038 }, // U+048B
    { 14, 16, 221, -1, 16, 56, 9110 }, // U+048C
    { 12, 15, 198, 0, 14, 45, 9166 }, // U+048D
    { 15, 15, 221, -1, 15, 57, 9211 }, // U+048E
    { 14, 17, 208, -1, 12, 60, 9268 }, // U+048F
    { 15, 18, 181, -1, 18, 68, 9328 }, // U+0490
    { 11, 14, 161, 0, 14, 39, 9396 }, // U+0491
    { 15, 15, 197, -1, 15, 57, 9435 }, // U+0492
    { 12, 12, 169, 0, 12, 36, 9492 }, // U+0493
    { 15, 21, 240, -1, 15, 79, 9528 }, // U+0494
    { 12, 17, 200, 0, 12, 51, 9607 }, // U+0495
    { 26, 20, 354, -2, 15, 130, 9658 }, // U+0496
    { 25, 17, 392, 0, 12, 107, 9788 }, // U+0497
    { 13, 21, 204, 0, 16, 69, 9895 }, // U+0498
    { 11, 17, 173, 0, 12, 47, 9964 }, // U+0499
    { 18, 20, 252, -1, 15, 90, 10011 }, // U+049A
    { 13, 17, 202, 0, 12, 56, 10101 }, // U+049B
    { 19, 15, 259, -1, 15, 72, 10157 }, // U+049C
    { 14, 13, 219, 0, 12, 46, 10229 }, // U+049D
    { 18, 15, 248, -1, 15, 68, 10275 }, // U+049E
    { 13, 17, 202, 0, 16, 56, 10343 }, // U+049F
    { 18, 15, 284, 1, 15, 68, 10399 }, // U+04A0
    { 16, 13, 246, 0, 12, 52, 10467 }, // U+04A1
    { 20, 20, 273, -1, 15, 100, 10519 }, // U+04A2
    { 14, 17, 228, 0, 12, 60, 10619 }, // U+04A3
    { 23, 15, 311, -1, 15, 87, 10679 }, // U+04A4
    { 18, 13, 273, 0, 12, 59, 10766 }, // U+04A5
    { 24, 21, 376, -1, 15, 126, 10825 }, // U+04A6
    { 18, 17, 305, 0, 12, 77, 10951 }, // U+04A7
    { 16, 17, 281, 1, 16, 68, 11028 }, // U+04A8
    { 14, 13, 228, 0, 12, 46, 11096 }, // U+04A9
    { 14, 21, 223, 1, 16, 74, 11142 }, // U+04AA
    { 11, 17, 176, 0, 12, 47, 11216 }, // U+04AB
    { 15, 20, 218, 1, 15, 75, 11263 }, // U+04AC
    { 20, 17, 323, 0, 12, 85, 11338 }, // U+04AD
    { 16, 15, 231, 1, 15, 60, 11423 }, // U+04AE
    { 12, 17, 195, 0, 12, 51, 11483 }, // U+04AF
    { 16, 15, 231, 1, 15, 60, 11534 }, // U+04B0
    { 12, 17, 195, 0, 12, 51, 11594 }, // U+04B1
    { 18, 20, 251, -1, 15, 90, 11645 }, // U+04B2
    { 14, 17, 201, -1, 12, 60, 11735 }, // U+04B3
    { 21, 20, 328, 1, 15, 105, 11795 }, // U+04B4
    { 17, 17, 266, 0, 12, 73, 11900 }, // U+04B5
    { 17, 20, 252, 1, 15, 85, 11973 }, // U+04B6
    { 14, 17, 218, 0, 12, 60, 12058 }, // U+04B7
    { 17, 15, 261, 1, 15, 64, 12118 }, // U+04B8
    { 13, 13, 205, 0, 12, 43, 12182 }, // U+04B9
    { 16, 15, 260, -1, 15, 60, 12225 }, // U+04BA
    { 14, 17, 219, 0, 16, 60, 12285 }, // U+04BB
    { 18, 17, 274, 0, 16, 77, 12345 }, // U+04BC
    { 14, 13, 222, 0, 12, 46, 12422 }, // U+04BD
    { 18, 21, 274, 0, 16, 95, 12468 }, // U+04BE
    { 14, 17, 222, 0, 12, 60, 12563 }, // U+04BF
    { 11, 15, 134, -1, 15, 42, 12623 }, // U+04C0
    { 25, 20, 345, -2, 20, 125, 12665 }, // U+04C1
    { 23, 18, 342, -1, 17, 104, 12790 }, // U+04C2
    { 18, 21, 243, -1, 15, 95, 12894 }, // U+04C3
    { 13, 17, 205, 0, 12, 56, 12989 }, // U+04C4
    { 18, 20, 247, -1, 15, 90, 13045 }, // U+04C5
    { 14, 17, 228, 0, 12, 60, 13135 }, // U+04C6
    { 20, 21, 273, -1, 15, 105, 13195 }, // U+04C7
    { 14, 17, 222, 0, 12, 60, 13300 }, // U+04C8
    { 20, 20, 279, -1, 15, 100, 13360 }, // U+04C9
    { 14, 17, 228, 0, 12, 60, 13460 }, // U+04CA
    { 17, 20, 252, 1, 15, 85, 13520 }, // U+04CB
    { 13, 17, 218, 0, 12, 56, 13605 }, // U+04CC
    { 23, 20, 324, -1, 15, 115, 13661 }, // U+04CD
    { 20, 17, 316, 0, 12, 85, 13776 }, // U+04CE
    { 11, 15, 134, -1, 15, 42, 13861 }, // U+04CF
    { 17, 20, 251, -2, 20, 85, 13903 }, // U+04D0
    { 14, 18, 222, 0, 17, 63, 13988 }, // U+04D1
    { 17, 19, 251, -2, 19, 81, 14051 }, // U+04D2
    { 14, 17, 222, 0, 16, 60, 14132 }, // U+04D3
    { 23, 15, 331, -1, 15, 87, 14192 }, // U+04D4
    { 19, 13, 293, 0, 12, 62, 14279 }, // U+04D5
    { 15, 20, 211, -1, 20, 75, 14341 }, // U+04D6
    { 12, 18, 178, 0, 17, 54, 14416 }, // U+04D7
    { 15, 17, 234, 0, 16, 64, 14470 }, // U+04D8
    { 11, 13, 187, 0, 12, 36, 14534 }, // U+04D9
    { 15, 20, 234, 0, 19, 75, 14570 }, // U+04DA
    { 11, 17, 187, 0, 16, 47, 14645 }, // U+04DB
    { 25, 19, 345, -2, 19, 119, 14692 }, // U+04DC
    { 23, 17, 342, -1, 16, 98, 14811 }, // U+04DD
    { 14, 20, 207, -1, 19, 70, 14909 }, // U+04DE
    { 11, 17, 171, 0, 16, 47, 14979 }, // U+04DF
    { 14, 16, 202, 0, 15, 56, 15026 }, // U+04E0
    { 13, 17, 186, -1, 12, 56, 15082 }, // U+04E1
    { 20, 18, 275, -1, 18, 90, 15138 }, // U+04E2
    { 13, 16, 224, 1, 15, 52, 15228 }, // U+04E3
    { 20, 19, 275, -1, 19, 95, 15280 }, // U+04E4
    { 13, 17, 224, 1, 16, 56, 15375 }, // U+04E5
    { 15, 20, 264, 1, 19, 75, 15431 }, // U+04E6
    { 13, 17, 206, 0, 16, 56, 15506 }, // U+04E7
    { 15, 17, 264, 1, 16, 64, 15562 }, // U+04E8
    { 13, 13, 206, 0, 12, 43, 15626 }, // U+04E9
    { 15, 20, 264, 1, 19, 75, 15669 }, // U+04EA
    { 13, 17, 206, 0, 16, 56, 15744 }, // U+04EB
    { 15, 20, 219, -1, 19, 75, 15800 }, // U+04EC
    { 11, 17, 175, 0, 16, 47, 15875 }, // U+04ED
    { 16, 19, 233, 1, 18, 76, 15922 }, // U+04EE
    { 16, 20, 195, -4, 15, 80, 15998 }, // U+04EF
    { 16, 20, 233, 1, 19, 80, 16078 }, // U+04F0
    { 16, 21, 195, -4, 16, 84, 16158 }, // U+04F1
    { 16, 20, 233, 1, 19, 80, 16242 }, // U+04F2
    { 17, 21, 195, -4, 16, 90, 16322 }, // U+04F3
    { 17, 19, 261, 1, 19, 81, 16412 }, // U+04F4
    { 13, 17, 205, 0, 16, 56, 16493 }, // U+04F5
    { 15, 20, 197, -1, 15, 75, 16549 }, // U+04F6
    { 13, 17, 169, -1, 12, 56, 16624 }, // U+04F7
    { 23, 19, 326, -1, 19, 110, 16680 }, // U+04F8
    { 18, 17, 287, 0, 16, 77, 16790 }, // U+04F9
    { 15, 20, 197, -1, 15, 75, 16867 }, // U+04FA
    { 12, 17, 169, 0, 12, 51, 16942 }, // U+04FB
    { 18, 20, 247, -1, 15, 90, 16993 }, // U+04FC
    { 14, 17, 201, -1, 12, 60, 17083 }, // U+04FD
    { 18, 15, 244, -1, 15, 68, 17143 }, // U+04FE
    { 14, 12, 201, -1, 12, 42, 17211 }, // U+04FF
    { 17, 19, 251, -2, 15, 81, 0 }, // U+1EA0
    { 14, 16, 222, 0, 12, 56, 81 }, // U+1EA1
    { 17, 21, 251, -2, 21, 90, 137 }, // U+1EA2
    { 14, 19, 222, 0, 18, 67, 227 }, // U+1EA3
    { 19, 21, 251, -2, 21, 100, 294 }, // U+1EA4
    { 14, 18, 222, 0, 17, 63, 394 }, // U+1EA5
    { 17, 21, 251, -2, 21, 90, 457 }, // U+1EA6
    { 14, 18, 222, 0, 17, 63, 547 }, // U+1EA7
    { 18, 22, 251, -2, 22, 99, 610 }, // U+1EA8
    { 14, 19, 222, 0, 18, 67, 709 }, // U+1EA9
    { 17, 23, 251, -2, 23, 98, 776 }, // U+1EAA
    { 14, 20, 222, 0, 19, 70, 874 }, // U+1EAB
    { 17, 23, 251, -2, 19, 98, 944 }, // U+1EAC
    { 14, 20, 222, 0, 16, 70, 1042 }, // U+1EAD
    { 17, 22, 251, -2, 22, 94, 1112 }, // U+1EAE
    { 14, 19, 222, 0, 18, 67, 1206 }, // U+1EAF
    { 17, 22, 251, -2, 22, 94, 1273 }, // U+1EB0
    { 14, 19, 222, 0, 18, 67, 1367 }, // U+1EB1
    { 17, 22, 251, -2, 22, 94, 1434 }, // U+1EB2
    { 14, 20, 222, 0, 19, 70, 1528 }, // U+1EB3
    { 17, 23, 251, -2, 23, 98, 1598 }, // U+1EB4
    { 14, 20, 222, 0, 19, 70, 1696 }, // U+1EB5
    { 17, 24, 251, -2, 19, 102, 1766 }, // U+1EB6
    { 14, 21, 222, 0, 16, 74, 1868 }, // U+1EB7
    { 15, 20, 211, -1, 15, 75, 1942 }, // U+1EB8
    { 12, 17, 178, 0, 12, 51, 2017 }, // U+1EB9
    { 15, 21, 211, -1, 21, 79, 2068 }, // U+1EBA
    { 12, 19, 178, 0, 18, 57, 2147 }, // U+1EBB
    { 15, 19, 211, -1, 19, 72, 2204 }, // U+1EBC
    { 12, 17, 178, 0, 16, 51, 2276 }, // U+1EBD
    { 17, 21, 211, -1, 21, 90, 2327 }, // U+1EBE
    { 14, 18, 178, 0, 17, 63, 2417 }, // U+1EBF
    { 15, 21, 211, -1, 21, 79, 2480 }, // U+1EC0
    { 12, 18, 178, 0, 17, 54, 2559 }, // U+1EC1
    { 16, 22, 211, -1, 22, 88, 2613 }, // U+1EC2
    { 14, 19, 178, 0, 18, 67, 2701 }, // U+1EC3
    { 15, 23, 211, -1, 23, 87, 2768 }, // U+1EC4
    { 12, 20, 178, 0, 19, 60, 2855 }, // U+1EC5
    { 15, 24, 211, -1, 19, 90, 2915 }, // U+1EC6
    { 12, 21, 178, 0, 16, 63, 3005 }, // U+1EC7
    { 11, 21, 134, -1, 21, 58, 3068 }, // U+1EC8
    { 7, 19, 118, 1, 18, 34, 3126 }, // U+1EC9
    { 11, 20, 134, -1, 15, 55, 3160 }, // U+1ECA
    { 8, 22, 118, 0, 17, 44, 3215 }, // U+1ECB
    { 15, 21, 264, 1, 16, 79, 3259 }, // U+1ECC
    { 13, 17, 206, 0, 12, 56, 3338 }, // U+1ECD
    { 15, 22, 264, 1, 21, 83, 3394 }, // U+1ECE
    { 13, 19, 206, 0, 18, 62, 3477 }, // U+1ECF
    { 16, 22, 264, 1, 21, 88, 3539 }, // U+1ED0
    { 15, 18, 206, 0, 17, 68, 3627 }, // U+1ED1
    { 15, 22, 264, 1, 21, 83, 3695 }, // U+1ED2
    { 13, 18, 206, 0, 17, 59, 3778 }, // U+1ED3
    { 16, 23, 264, 1, 22, 92, 3837 }, // U+1ED4
    { 14, 19, 206, 0, 18, 67, 3929 }, // U+1ED5
    { 15, 24, 264, 1, 23, 90, 3996 }, // U+1ED6
    { 13, 20, 206, 0, 19, 65, 4086 }, // U+1ED7
    { 15, 24, 264, 1, 19, 90, 4151 }, // U+1ED8
    { 13, 21, 206, 0, 16, 69, 4241 }, // U+1ED9
    { 19, 20, 281, 1, 19, 95, 4310 }, // U+1EDA
    { 16, 17, 223, 0, 16, 68, 4405 }, // U+1EDB
    { 19, 20, 281, 1, 19, 95, 4473 }, // U+1EDC
    { 16, 17, 223, 0, 16, 68, 4568 }, // U+1EDD
    { 19, 22, 281, 1, 21, 105, 4636 }, // U+1EDE
    { 16, 19, 223, 0, 18, 76, 4741 }, // U+1EDF
    { 19, 20, 281, 1, 19, 95, 4817 }, // U+1EE0
    { 16, 17, 223, 0, 16, 68, 4912 }, // U+1EE1
    { 19, 22, 281, 1, 17, 105, 4980 }, // U+1EE2
    { 16, 19, 223, 0, 14, 76, 5085 }, // U+1EE3
    { 16, 20, 249, 2, 15, 80, 5161 }, // U+1EE4
    { 13, 17, 224, 1, 12, 56, 5241 }, // U+1EE5
    { 16, 22, 249, 2, 21, 88, 5297 }, // U+1EE6
    { 13, 19, 224, 1, 18, 62, 5385 }, // U+1EE7
    { 18, 20, 284, 2, 19, 90, 5447 }, // U+1EE8
    { 17, 17, 259, 1, 16, 73, 5537 }, // U+1EE9
    { 18, 20, 284, 2, 19, 90, 5610 }, // U+1EEA
    { 17, 17, 259, 1, 16, 73, 5700 }, // U+1EEB
    { 18, 22, 284, 2, 21, 99, 5773 }, // U+1EEC
    { 17, 19, 259, 1, 18, 81, 5872 }, // U+1EED
    { 18, 20, 284, 2, 19, 90, 5953 }, // U+1EEE
    { 17, 17, 259, 1, 16, 73, 6043 }, // U+1EEF
    { 18, 22, 284, 2, 17, 99, 6116 }, // U+1EF0
    { 17, 19, 259, 1, 14, 81, 6215 }, // U+1EF1
    { 16, 19, 231, 1, 19, 76, 6296 }, // U+1EF2
    { 16, 21, 195, -4, 16, 84, 6372 }, // U+1EF3
    { 16, 20, 231, 1, 15, 80, 6456 }, // U+1EF4
    { 16, 17, 195, -4, 12, 68, 6536 }, // U+1EF5
    { 16, 21, 231, 1, 21, 84, 6604 }, // U+1EF6
    { 16, 23, 195, -4, 18, 92, 6688 }, // U+1EF7
    { 16, 19, 231, 1, 19, 76, 6780 }, // U+1EF8
    { 16, 21, 195, -4, 16, 84, 6856 }, // U+1EF9
    { 0, 0, 167, 0, 0, 0, 0 }, // U+2000
    { 0, 0, 333, 0, 0, 0, 0 }, // U+2001
    { 0, 0, 167, 0, 0, 0, 0 }, // U+2002
    { 0, 0, 333, 0, 0, 0, 0 }, // U+2003
    { 0, 0, 111, 0, 0, 0, 0 }, // U+2004
    { 0, 0, 83, 0, 0, 0, 0 }, // U+2005
    { 0, 0, 56, 0, 0, 0, 0 }, // U+2006
    { 0, 0, 186, 0, 0, 0, 0 }, // U+2007
    { 0, 0, 101, 0, 0, 0, 0 }, // U+2008
    { 0, 0, 55, 0, 0, 0, 0 }, // U+2009
    { 0, 0, 33, 0, 0, 0, 0 }, // U+200A
    { 0, 0, 0, 0, 0, 0, 0 }, // U+200B
    { 2, 17, 0, -1, 14, 9, 0 }, // U+200C
    { 6, 18, 0, -3, 15, 27, 9 }, // U+200D
    { 6, 18, 0, -1, 15, 27, 36 }, // U+200E
    { 6, 18, 0, -5, 15, 27, 63 }, // U+200F
    { 7, 3, 103, 0, 7, 6, 90 }, // U+2010
    { 7, 3, 103, 0, 7, 6, 96 }, // U+2011
    { 12, 3, 186, 0, 9, 9, 102 }, // U+2012
    { 12, 3, 167, -1, 7, 9, 111 }, // U+2013
    { 23, 3, 333, -1, 7, 18, 120 }, // U+2014
    { 23, 3, 333, -1, 7, 18, 138 }, // U+2015
    { 7, 21, 186, 3, 16, 37, 156 }, // U+2016
    { 12, 5, 137, -3, 0, 15, 193 }, // U+2017
    { 5, 7, 93, 2, 15, 9, 208 }, // U+2018
    { 6, 7, 93, 1, 15, 11, 217 }, // U+2019
    { 6, 8, 93, -1, 4, 12, 228 }, // U+201A
    { 5, 7, 93, 2, 15, 9, 240 }, // U+201B
    { 10, 7, 163, 2, 15, 18, 249 }, // U+201C
    { 10, 7, 163, 1, 15, 18, 267 }, // U+201D
    { 10, 8, 163, -1, 4, 20, 285 }, // U+201E
    { 9, 7, 163, 2, 15, 16, 305 }, // U+201F
    { 10, 19, 159, 1, 16, 48, 321 }, // U+2020
    { 12, 19, 159, -1, 16, 57, 369 }, // U+2021
    { 7, 7, 133, 1, 11, 13, 426 }, // U+2022
    { 7, 7, 167, 3, 11, 13, 439 }, // U+2023
    { 5, 5, 101, 1, 10, 7, 452 }, // U+2024
    { 11, 5, 196, 1, 10, 14, 459 }, // U+2025
    { 16, 5, 305, 1, 4, 20, 473 }, // U+2026
    { 5, 5, 101, 1, 8, 7, 493 }, // U+2027
    { 0, 0, 200, 0, 0, 0, 500 }, // U+2028
    { 0, 0, 200, 0, 0, 0, 500 }, // U+2029
    { 6, 16, 0, -1, 13, 24, 500 }, // U+202A
    { 6, 16, 0, -5, 13, 24, 524 }, // U+202B
    { 6, 18, 0, -3, 15, 27, 548 }, // U+202C
    { 6, 18, 0, -3, 15, 27, 575 }, // U+202D
    { 6, 18, 0, -3, 15, 27, 602 }, // U+202E
    { 0, 0, 55, 0, 0, 0, 629 }, // U+202F
    { 26, 17, 434, 1, 16, 111, 629 }, // U+2030
    { 34, 17, 568, 1, 16, 145, 740 }, // U+2031
    { 6, 6, 97, 2, 15, 9, 885 }, // U+2032
    { 10, 6, 173, 2, 15, 15, 894 }, // U+2033
    { 15, 6, 249, 2, 15, 23, 909 }, // U+2034
    { 4, 6, 97, 3, 15, 6, 932 }, // U+2035
    { 9, 6, 173, 3, 15, 14, 938 }, // U+2036
    { 14, 6, 249, 3, 15, 21, 952 }, // U+2037
    { 9, 6, 147, -1, 1, 14, 973 }, // U+2038
    { 6, 9, 118, 1, 10, 14, 987 }, // U+2039
    { 7, 9, 118, 0, 10, 16, 1001 }, // U+203A
    { 15, 15, 273, 1, 15, 57, 1017 }, // U+203B
    { 13, 16, 210, 1, 15, 52, 1074 }, // U+203C
    { 11, 17, 193, 2, 16, 47, 1126 }, // U+203D
    { 11, 3, 153, 2, 18, 9, 1173 }, // U+203E
    { 17, 5, 0, -15, 0, 22, 1182 }, // U+203F
    { 18, 5, 0, -14, 18, 23, 1204 }, // U+2040
    { 10, 15, 150, -1, 15, 38, 1227 }, // U+2041
    { 20, 17, 333, 0, 16, 85, 1265 }, // U+2042
    { 8, 5, 121, 0, 10, 10, 1350 }, // U+2043
    { 13, 15, 21, -6, 15, 49, 1360 }, // U+2044
    { 11, 19, 138, 0, 16, 53, 1409 }, // U+2045
    { 11, 19, 138, -2, 16, 53, 1462 }, // U+2046
    { 21, 17, 355, 2, 16, 90, 1515 }, // U+2047
    { 16, 17, 281, 2, 16, 68, 1605 }, // U+2048
    { 17, 17, 280, 1, 16, 73, 1673 }, // U+2049
    { 11, 16, 203, 0, 12, 44, 1746 }, // U+204A
    { 12, 19, 209, 2, 16, 57, 1790 }, // U+204B
    { 12, 9, 206, 0, 12, 27, 1847 }, // U+204C
    { 13, 9, 206, 0, 12, 30, 1874 }, // U+204D
    { 10, 9, 167, 1, 12, 23, 1904 }, // U+204E
    { 6, 16, 119, 1, 12, 24, 1927 }, // U+204F
    { 15, 17, 257, 1, 16, 64, 1951 }, // U+2050
    { 12, 18, 167, -1, 16, 54, 2015 }, // U+2051
    { 8, 16, 146, 1, 15, 32, 2069 }, // U+2052
    { 11, 5, 186, 0, 10, 14, 2101 }, // U+2053
    { 17, 5, 0, -6, 0, 22, 2115 }, // U+2054
    { 10, 11, 180, 1, 13, 28, 2137 }, // U+2055
    { 11, 13, 210, 1, 12, 36, 2165 }, // U+2056
    { 20, 6, 324, 2, 15, 30, 2201 }, // U+2057
    { 14, 13, 255, 1, 12, 46, 2231 }, // U+2058
    { 14, 13, 255, 1, 12, 46, 2277 }, // U+2059
    { 4, 17, 101, 1, 16, 17, 2323 }, // U+205A
    { 14, 17, 255, 1, 16, 60, 2340 }, // U+205B
    { 12, 12, 232, 1, 12, 36, 2400 }, // U+205C
    { 5, 17, 101, 1, 16, 22, 2436 }, // U+205D
    { 4, 17, 101, 1, 16, 17, 2458 }, // U+205E
    { 0, 0, 74, 0, 0, 0, 2475 }, // U+205F
    { 0, 0, 200, 0, 0, 0, 2475 }, // U+2060
    { 0, 0, 200, 0, 0, 0, 2475 }, // U+2061
    { 0, 0, 200, 0, 0, 0, 2475 }, // U+2062
    { 0, 0, 200, 0, 0, 0, 2475 }, // U+2063
    { 0, 0, 200, 0, 0, 0, 2475 }, // U+2064
    { 0, 0, 200, 0, 0, 0, 2475 }, // U+2066
    { 0, 0, 200, 0, 0, 0, 2475 }, // U+2067
    { 0, 0, 200, 0, 0, 0, 2475 }, // U+2068
    { 0, 0, 200, 0, 0, 0, 2475 }, // U+2069
    { 6, 18, 0, -3, 15, 27, 2475 }, // U+206A
    { 6, 18, 0, -3, 15, 27, 2502 }, // U+206B
    { 6, 18, 0, -3, 15, 27, 2529 }, // U+206C
    { 6, 18, 0, -3, 15, 27, 2556 }, // U+206D
    { 6, 18, 0, -3, 15, 27, 2583 }, // U+206E
    { 6, 18, 0, -3, 15, 27, 2610 }, // U+206F
    { 8, 11, 133, 2, 18, 22, 0 }, // U+2070
    { 5, 11, 77, 1, 16, 14, 22 }, // U+2071
    { 9, 10, 133, 1, 18, 23, 36 }, // U+2074
    { 9, 10, 133, 1, 17, 23, 59 }, // U+2075
    { 8, 11, 133, 2, 18, 22, 82 }, // U+2076
    { 8, 9, 133, 2, 17, 18, 104 }, // U+2077
    { 9, 11, 133, 1, 18, 25, 122 }, // U+2078
    { 8, 11, 133, 2, 18, 22, 147 }, // U+2079
    { 9, 8, 133, 1, 16, 18, 169 }, // U+207A
    { 9, 2, 133, 1, 13, 5, 187 }, // U+207B
    { 9, 6, 133, 1, 15, 14, 192 }, // U+207C
    { 7, 13, 83, 2, 19, 23, 206 }, // U+207D
    { 7, 13, 83, -1, 19, 23, 229 }, // U+207E
    { 9, 8, 146, 1, 13, 18, 252 }, // U+207F
    { 8, 11, 133, 0, 8, 22, 270 }, // U+2080
    { 7, 10, 133, -1, 8, 18, 292 }, // U+2081
    { 9, 10, 133, -1, 8, 23, 310 }, // U+2082
    { 9, 11, 133, -1, 8, 25, 333 }, // U+2083
    { 9, 10, 133, -1, 8, 23, 358 }, // U+2084
    { 9, 10, 133, -1, 7, 23, 381 }, // U+2085
    { 8, 11, 133, 0, 8, 22, 404 }, // U+2086
    { 9, 9, 133, 0, 7, 21, 426 }, // U+2087
    { 9, 11, 133, -1, 8, 25, 447 }, // U+2088
    { 8, 11, 133, 0, 8, 22, 472 }, // U+2089
    { 8, 8, 133, 0, 6, 16, 494 }, // U+208A
    { 8, 2, 133, 0, 3, 4, 510 }, // U+208B
    { 8, 6, 133, 0, 5, 12, 514 }, // U+208C
    { 7, 13, 83, 0, 9, 23, 526 }, // U+208D
    { 7, 13, 83, -3, 9, 23, 549 }, // U+208E
    { 9, 8, 144, -1, 5, 18, 572 }, // U+2090
    { 8, 8, 116, -1, 5, 16, 590 }, // U+2091
    { 8, 8, 134, -1, 5, 16, 606 }, // U+2092
    { 10, 7, 131, -2, 5, 18, 622 }, // U+2093
    { 7, 8, 122, -1, 5, 14, 640 }, // U+2094
    { 9, 11, 142, -1, 8, 25, 654 }, // U+2095
    { 9, 10, 129, -1, 8, 23, 679 }, // U+2096
    { 5, 11, 77, -1, 8, 14, 702 }, // U+2097
    { 13, 8, 210, -1, 5, 26, 716 }, // U+2098
    { 9, 8, 146, -1, 5, 18, 742 }, // U+2099
    { 9, 10, 135, -2, 5, 23, 760 }, // U+209A
    { 7, 8, 111, -1, 5, 14, 783 }, // U+209B
    { 6, 10, 90, -1, 7, 15, 797 }, // U+209C
    { 15, 16, 257, 1, 16, 60, 0 }, // U+20A0
    { 13, 18, 223, 1, 16, 59, 60 }, // U+20A1
    { 14, 17, 223, 1, 16, 60, 119 }, // U+20A2
    { 15, 15, 186, -1, 15, 57, 179 }, // U+20A3
    { 14, 17, 186, -1, 16, 60, 236 }, // U+20A4
    { 20, 17, 323, 0, 14, 85, 296 }, // U+20A5
    { 20, 15, 263, -1, 15, 75, 381 }, // U+20A6
    { 20, 16, 306, -1, 15, 80, 456 }, // U+20A7
    { 25, 16, 387, -1, 15, 100, 536 }, // U+20A8
    { 25, 15, 356, 0, 15, 94, 636 }, // U+20A9
    { 17, 13, 297, 1, 13, 56, 730 }, // U+20AA
    { 15, 19, 221, 0, 16, 72, 786 }, // U+20AB
    { 13, 17, 186, 0, 16, 56, 858 }, // U+20AC
    { 18, 15, 247, -1, 15, 68, 914 }, // U+20AD
    { 15, 15, 218, 1, 15, 57, 982 }, // U+20AE
    { 24, 22, 369, -1, 17, 132, 1039 }, // U+20AF
    { 13, 21, 212, -1, 16, 69, 1171 }, // U+20B0
    { 17, 15, 226, -1, 15, 64, 1240 }, // U+20B1
    { 15, 18, 265, 1, 16, 68, 1304 }, // U+20B2
    { 18, 15, 251, -2, 15, 68, 1372 }, // U+20B3
    { 15, 17, 205, -1, 16, 64, 1440 }, // U+20B4
    { 14, 18, 223, 1, 16, 63, 1504 }, // U+20B5
    { 14, 16, 199, 0, 15, 56, 1567 }, // U+20B6
    { 13, 18, 186, 0, 16, 59, 1623 }, // U+20B7
    { 14, 15, 186, 0, 15, 53, 1682 }, // U+20B8
    { 12, 15, 186, 1, 15, 45, 1735 }, // U+20B9
    { 13, 15, 186, -1, 15, 49, 1780 }, // U+20BA
    { 13, 17, 218, 1, 16, 56, 1829 }, // U+20BB
    { 15, 15, 262, 0, 15, 57, 1885 }, // U+20BC
    { 15, 15, 197, -1, 15, 57, 1942 }, // U+20BD
    { 13, 17, 186, 0, 17, 56, 1999 }, // U+20BE
    { 13, 19, 186, -1, 17, 62, 2055 }, // U+20BF
    { 7, 3, 103, 0, 7, 6, 0 }, // U+2212
    { 22, 22, 243, -3, 17, 121, 0 }, // U+FB00
    { 17, 22, 229, -3, 17, 94, 121 }, // U+FB01
    { 18, 22, 237, -3, 17, 99, 215 }, // U+FB02
    { 24, 22, 337, -3, 17, 132, 314 }, // U+FB03
    { 25, 22, 345, -3, 17, 138, 446 }, // U+FB04
    { 19, 22, 252, -3, 17, 105, 584 }, // U+FB05
    { 20, 18, 310, 0, 17, 90, 689 }, // U+FB06
    { 20, 20, 333, 0, 16, 100, 0 }, // U+FFFD
};

static const EpdUnicodeInterval notoserif_10_bolditalicIntervals[] = {
    { 0x0, 0x0, 0x0 },
    { 0xD, 0xD, 0x1 },
    { 0x20, 0x7E, 0x2 },
    { 0xA0, 0x17F, 0x61 },
    { 0x1A0, 0x1A1, 0x141 },
    { 0x1AF, 0x1B0, 0x143 },
    { 0x1C4, 0x21F, 0x145 },
    { 0x300, 0x36F, 0x1A1 },
    { 0x400, 0x4FF, 0x211 },
    { 0x1EA0, 0x1EF9, 0x311 },
    { 0x2000, 0x2064, 0x36B },
    { 0x2066, 0x2071, 0x3D0 },
    { 0x2074, 0x208E, 0x3DC },
    { 0x2090, 0x209C, 0x3F7 },
    { 0x20A0, 0x20BF, 0x404 },
    { 0x2212, 0x2212, 0x424 },
    { 0xFB00, 0xFB06, 0x425 },
    { 0xFFFD, 0xFFFD, 0x42C },
};

static const EpdFontGroup notoserif_10_bolditalicGroups[] = {
    { 0, 2774, 4910, 97, 0 },
    { 2774, 2345, 5684, 96, 97 },
    { 5119, 3025, 9099, 128, 193 },
    { 8144, 2961, 8033, 96, 321 },
    { 11105, 957, 1345, 112, 417 },
    { 12062, 7967, 18777, 256, 529 },
    { 20029, 1651, 7582, 90, 785 },
    { 21680, 1601, 3008, 111, 875 },
    { 23281, 628, 976, 42, 986 },
    { 23909, 1520, 2344, 32, 1028 },
    { 25429, 8, 6, 1, 1060 },
    { 25437, 402, 838, 7, 1061 },
    { 25839, 89, 100, 1, 1068 },
};

static const uint16_t notoserif_10_bolditalicKernLeftCodepoints[] = {
    0x0022, 0x0026, 0x0027, 0x0028, 0x002A, 0x002C, 0x002D, 0x002E, 0x0041, 0x0042, 0x0043, 0x0044,
    0x0045, 0x0046, 0x0047, 0x004A, 0x004B, 0x004C, 0x004E, 0x004F, 0x0050, 0x0051, 0x0052, 0x0053,
    0x0054, 0x0055, 0x0056, 0x0057, 0x0058, 0x0059, 0x005B, 0x005F, 0x0061, 0x0062, 0x0063, 0x0065,
    0x0066, 0x0068, 0x006B, 0x006D, 0x006E, 0x006F, 0x0070, 0x0071, 0x0072, 0x0073, 0x0076, 0x0077,
    0x0079, 0x007A, 0x007B, 0x00A1, 0x00AB, 0x00BF, 0x00C0, 0x00C1, 0x00C2, 0x00C3, 0x00C4, 0x00C5,
    0x00C6, 0x00C7, 0x00C8, 0x00C9, 0x00CA, 0x00CB, 0x00D0, 0x00D1, 0x00D2, 0x00D3, 0x00D4, 0x00D5,
    0x00D6, 0x00D8, 0x00D9, 0x00DA, 0x00DB, 0x00DC, 0x00DD, 0x00DE, 0x00DF, 0x00E0, 0x00E1, 0x00E2,
    0x00E3, 0x00E4, 0x00E5, 0x00E6, 0x00E7, 0x00E8, 0x00E9, 0x00EA, 0x00EB, 0x00F0, 0x00F1, 0x00F2,
    0x00F3, 0x00F4, 0x00F5, 0x00F6, 0x00F8, 0x00F9, 0x00FA, 0x00FB, 0x00FC, 0x00FD, 0x00FE, 0x00FF,
    0x0100, 0x0101, 0x0102, 0x0103, 0x0104, 0x0105, 0x0106, 0x0107, 0x0108, 0x0109, 0x010A, 0x010B,
    0x010C, 0x010D, 0x010E, 0x010F, 0x0110, 0x0112, 0x0113, 0x0114, 0x0115, 0x0116, 0x0117, 0x0118,
    0x0119, 0x011A, 0x011B, 0x011C, 0x011E, 0x0120, 0x0122, 0x0125, 0x0127, 0x0132, 0x0134, 0x0136,
    0x0137, 0x0138, 0x0139, 0x013B, 0x013D, 0x013E, 0x0141, 0x0143, 0x0144, 0x0145, 0x0146, 0x0147,
    0x0148, 0x0149, 0x014A, 0x014B, 0x014C, 0x014D, 0x014E, 0x014F, 0x0150, 0x0151, 0x0152, 0x0153,
    0x0154, 0x0155, 0x0156, 0x0157, 0x0158, 0x0159, 0x015A, 0x015B, 0x015C, 0x015D, 0x015E, 0x015F,
    0x0160, 0x0161, 0x0162, 0x0164, 0x0166, 0x0168, 0x0169, 0x016A, 0x016B, 0x016C, 0x016D, 0x016E,
    0x016F, 0x0170, 0x0171, 0x0172, 0x0173, 0x0174, 0x0175, 0x0176, 0x0177, 0x0178, 0x017A, 0x017C,
    0x017E, 0x01A0, 0x01A1, 0x01AF, 0x01B0, 0x01FA, 0x01FB, 0x01FC, 0x01FD, 0x01FE, 0x01FF, 0x0218,
    0x0219, 0x021A, 0x0400, 0x0401, 0x0402, 0x0403, 0x0404, 0x0405, 0x0406, 0x0407, 0x0408, 0x0409,
    0x040A, 0x040B, 0x040C, 0x040D, 0x040E, 0x040F, 0x0410, 0x0411, 0x0412, 0x0413, 0x0414, 0x0415,
    0x0416, 0x0417, 0x0418, 0x0419, 0x041A, 0x041B, 0x041C, 0x041D, 0x041E, 0x041F, 0x0420, 0x0421,
    0x0422, 0x0423, 0x0424, 0x0425, 0x0426, 0x0427, 0x0428, 0x0429, 0x042A, 0x042B, 0x042C, 0x042D,
    0x042E, 0x042F, 0x0430, 0x0431, 0x0432, 0x0433, 0x0434, 0x0435, 0x0436, 0x0437, 0x0438, 0x0439,
    0x043A, 0x043B, 0x043C, 0x043D, 0x043E, 0x043F, 0x0440, 0x0441, 0x0442, 0x0443, 0x0444, 0x0445,
    0x0446, 0x0447, 0x0448, 0x0449, 0x044A, 0x044B, 0x044C, 0x044D, 0x044E, 0x044F, 0x0450, 0x0451,
    0x0452, 0x0453, 0x0454, 0x0455, 0x0456, 0x0457, 0x0458, 0x0459, 0x045A, 0x045B, 0x045C, 0x045D,
    0x045E, 0x045F, 0x0460, 0x0461, 0x0462, 0x0464, 0x0465, 0x0466, 0x0468, 0x046A, 0x046C, 0x046E,
    0x046F, 0x0470, 0x0471, 0x0472, 0x0473, 0x0474, 0x0475, 0x0476, 0x0477, 0x0478, 0x0479, 0x047A,
    0x047B, 0x047C, 0x047D, 0x047E, 0x047F, 0x0480, 0x0481, 0x048A, 0x048B, 0x048C, 0x048E, 0x048F,
    0x0490, 0x0491, 0x0492, 0x0493, 0x0494, 0x0496, 0x0497, 0x0498, 0x0499, 0x049A, 0x049B, 0x049C,
    0x049D, 0x049E, 0x049F, 0x04A0, 0x04A1, 0x04A2, 0x04A3, 0x04A4, 0x04A6, 0x04AA, 0x04AB, 0x04AC,
    0x04AD, 0x04AE, 0x04AF, 0x04B0, 0x04B1, 0x04B2, 0x04B3, 0x04B4, 0x04B5, 0x04B6, 0x04B7, 0x04B8,
    0x04B9, 0x04BA, 0x04BB, 0x04BC, 0x04BD, 0x04BE, 0x04BF, 0x04C1, 0x04C2, 0x04C3, 0x04C5, 0x04C6,
    0x04C7, 0x04C9, 0x04CA, 0x04CC, 0x04CD, 0x04CE, 0x04D0, 0x04D1, 0x04D2, 0x04D3, 0x04D4, 0x04D5,
    0x04D6, 0x04D7, 0x04D8, 0x04D9, 0x04DA, 0x04DB, 0x04DC, 0x04DD, 0x04DE, 0x04DF, 0x04E0, 0x04E1,
    0x04E2, 0x04E3, 0x04E4, 0x04E5, 0x04E6, 0x04E7, 0x04E8, 0x04E9, 0x04EA, 0x04EB, 0x04EC, 0x04ED,
    0x04EE, 0x04EF, 0x04F0, 0x04F1, 0x04F2, 0x04F3, 0x04F4, 0x04F5, 0x04F6, 0x04F7, 0x04F8, 0x04F9,
    0x04FA, 0x04FB, 0x04FC, 0x04FD, 0x04FE, 0x04FF, 0x1EA0, 0x1EA1, 0x1EA2, 0x1EA3, 0x1EA4, 0x1EA5,
    0x1EA6, 0x1EA7, 0x1EA8, 0x1EA9, 0x1EAA, 0x1EAB, 0x1EAC, 0x1EAD, 0x1EAE, 0x1EAF, 0x1EB0, 0x1EB1,
    0x1EB2, 0x1EB3, 0x1EB4, 0x1EB5, 0x1EB6, 0x1EB7, 0x1EB8, 0x1EB9, 0x1EBA, 0x1EBB, 0x1EBC, 0x1EBD,
    0x1EBE, 0x1EBF, 0x1EC0, 0x1EC1, 0x1EC2, 0x1EC3, 0x1EC4, 0x1EC5, 0x1EC6, 0x1EC7, 0x1ECC, 0x1ECD,
    0x1ECE, 0x1ECF, 0x1ED0, 0x1ED1, 0x1ED2, 0x1ED3, 0x1ED4, 0x1ED5, 0x1ED6, 0x1ED7, 0x1ED8, 0x1ED9,
    0x1EDA, 0x1EDB, 0x1EDC, 0x1EDD, 0x1EDE, 0x1EDF, 0x1EE0, 0x1EE1, 0x1EE2, 0x1EE3, 0x1EE4, 0x1EE5,
    0x1EE6, 0x1EE7, 0x1EE8, 0x1EE9, 0x1EEA, 0x1EEB, 0x1EEC, 0x1EED, 0x1EEE, 0x1EEF, 0x1EF0, 0x1EF1,
    0x1EF2, 0x1EF3, 0x1EF4, 0x1EF5, 0x1EF6, 0x1EF7, 0x1EF8, 0x1EF9, 0x2013, 0x2014, 0x2015, 0x2018,
    0x2019, 0x201A, 0x201C, 0x201D, 0x201E, 0x2039, 0x207D, 0x208D, 0x2090, 0x2092, 0xFB00,
};

static const uint8_t notoserif_10_bolditalicKernLeftClassIds[] = {
      1,   2,   1,   3,   4,   5,   6,   5,   7,   8,   9,  10,  11,  12,  13,  14,
     15,  16,  17,  10,  18,  10,  19,  20,  21,  22,  23,  24,  25,  26,   3,  27,
     28,  29,  30,  30,  31,  28,  32,  28,  28,  29,  29,  33,  34,  35,  36,  37,
     38,  39,   3,  40,  41,  42,  43,  43,  43,  43,  43,  43,  11,   9,  11,  11,
     11,  11,  10,  17,  10,  10,  10,  10,  10,  10,  22,  22,  22,  22,  26,  10,
     35,  28,  28,  28,  28,  28,  28,  30,  30,  30,  30,  30,  30,  29,  28,  29,
     29,  29,  29,  29,  29,  28,  28,  28,  28,  38,  29,  38,   7,  28,  43,  28,
     43,  28,   9,  30,   9,  30,   9,  30,   9,  30,  10,  44,  10,  11,  30,  11,
     30,  11,  30,  11,  30,  11,  30,  13,  13,  13,  13,  28,  28,  14,  14,  15,
     32,  32,  16,  16,  45,  44,  16,  17,  28,  17,  28,  17,  28,  28,  14,  28,
     10,  29,  10,  29,  10,  29,  11,  30,  19,  34,  19,  34,  19,  34,  20,  35,
     20,  35,  20,  35,  20,  35,  21,  21,  21,  22,  28,  22,  28,  22,  28,  22,
     28,  22,  28,  22,  28,  24,  37,  26,  38,  26,  39,  39,  39,  46,  47,  48,
     49,   7,  28,  11,  30,  10,  29,  20,  35,  21,  50,  50,  51,  52,  53,  54,
     55,  55,  56,  57,  57,  58,  59,  55,  60,  55,  61,  62,  63,  52,  64,  50,
     59,  63,  55,  55,  59,  55,  55,  55,  65,  55,  66,  53,  52,  60,  67,  68,
     64,  55,  55,  64,  57,  55,  57,  65,  65,  55,  69,  70,  71,  72,  73,  74,
     75,  71,  69,  69,  76,  69,  69,  69,  77,  78,  77,  79,  78,  80,  77,  76,
     81,  69,  69,  81,  82,  69,  82,  77,  77,  69,  74,  74,  83,  72,  79,  84,
     69,  85,  86,  82,  82,  78,  76,  69,  80,  69,  65,  87,  57,  53,  72,  61,
     61,  88,  88,  63,  72,  89,  90,  65,  71,  60,  90,  60,  90,  91,  80,  65,
     71,  65,  71,  65,  87,  53,  72,  64,  81,  57,  66,  71,  92,  93,  92,  93,
     58,  59,  79,  63,  72,  59,  79,  59,  79,  59,  79,  59,  79,  64,  81,  92,
     58,  53,  72,  92,  81,  89,  90,  89,  90,  68,  76,  64,  81,  64,  81,  55,
     69,  58,  82,  94,  74,  94,  74,  59,  79,  58,  64,  81,  56,  64,  81,  81,
     64,  81,  61,  81,  61,  81,  50,  74,  50,  74,  65,  71,  65,  71,  59,  79,
     63,  71,  63,  95,  55,  81,  55,  81,  65,  71,  65,  71,  65,  71,  65,  77,
     60,  80,  60,  80,  60,  80,  55,  69,  92,  93,  55,  69,  92,  93,  68,  76,
     68,  96,  43,  28,  43,  28,  43,  28,  43,  28,  43,  28,  43,  28,  43,  28,
     43,  28,  43,  28,  43,  28,  43,  28,  43,  28,  11,  30,  11,  30,  11,  30,
     11,  30,  11,  30,  11,  30,  11,  30,  11,  30,  10,  29,  10,  29,  10,  29,
     10,  29,  10,  29,  10,  29,  10,  97,  46,  47,  46,  47,  46,  47,  46,  47,
     46,  47,  22,  28,  22,  28,  48,  49,  48,  49,  48,  49,  48,  49,  48,  49,
     26,  38,  26,  38,  26,  38,  26,  38,   6,   6,   6,  98,  99,   5,  98,  99,
      5,  41, 100, 101, 102, 103,  31,
};

static const uint16_t notoserif_10_bolditalicKernRightCodepoints[] = {
    0x0022, 0x0026, 0x0027, 0x0029, 0x002A, 0x002C, 0x002D, 0x002E, 0x003A, 0x003B, 0x003F, 0x0041,
    0x0042, 0x0043, 0x0044, 0x0045, 0x0046, 0x0047, 0x0048, 0x0049, 0x004A, 0x004B, 0x004C, 0x004D,
    0x004E, 0x004F, 0x0050, 0x0051, 0x0052, 0x0053, 0x0054, 0x0055, 0x0056, 0x0057, 0x0058, 0x0059,
    0x005A, 0x005C, 0x005D, 0x005F, 0x0061, 0x0062, 0x0063, 0x0064, 0x0065, 0x0067, 0x0068, 0x0069,
    0x006B, 0x006C, 0x006D, 0x006E, 0x006F, 0x0070, 0x0071, 0x0072, 0x0073, 0x0074, 0x0075, 0x0076,
    0x0077, 0x0078, 0x0079, 0x007A, 0x007D, 0x00A9, 0x00AE, 0x00BB, 0x00C0, 0x00C1, 0x00C2, 0x00C3,
    0x00C4, 0x00C5, 0x00C6, 0x00C7, 0x00C8, 0x00C9, 0x00CA, 0x00CB, 0x00CC, 0x00CD, 0x00CE, 0x00CF,
    0x00D0, 0x00D1, 0x00D2, 0x00D3, 0x00D4, 0x00D5, 0x00D6, 0x00D8, 0x00D9, 0x00DA, 0x00DB, 0x00DC,
    0x00DD, 0x00DE, 0x00E0, 0x00E1, 0x00E2, 0x00E3, 0x00E4, 0x00E5, 0x00E6, 0x00E7, 0x00E8, 0x00E9,
    0x00EA, 0x00EB, 0x00EC, 0x00ED, 0x00EE, 0x00EF, 0x00F0, 0x00F1, 0x00F2, 0x00F3, 0x00F4, 0x00F5,
    0x00F6, 0x00F8, 0x00F9, 0x00FA, 0x00FB, 0x00FC, 0x00FD, 0x00FE, 0x00FF, 0x0100, 0x0101, 0x0102,
    0x0103, 0x0104, 0x0105, 0x0106, 0x0107, 0x0108, 0x0109, 0x010A, 0x010B, 0x010C, 0x010D, 0x010E,
    0x010F, 0x0110, 0x0111, 0x0112, 0x0113, 0x0114, 0x0115, 0x0116, 0x0117, 0x0118, 0x0119, 0x011A,
    0x011B, 0x011C, 0x011D, 0x011E, 0x011F, 0x0120, 0x0121, 0x0122, 0x0123, 0x0124, 0x0125, 0x0126,
    0x0127, 0x0128, 0x0129, 0x012A, 0x012B, 0x012C, 0x012D, 0x012E, 0x012F, 0x0130, 0x0132, 0x0133,
    0x0134, 0x0136, 0x0137, 0x0138, 0x0139, 0x013A, 0x013B, 0x013C, 0x013D, 0x013E, 0x013F, 0x0140,
    0x0141, 0x0142, 0x0143, 0x0144, 0x0145, 0x0146, 0x0147, 0x0148, 0x0149, 0x014A, 0x014B, 0x014C,
    0x014D, 0x014E, 0x014F, 0x0150, 0x0151, 0x0152, 0x0153, 0x0154, 0x0155, 0x0156, 0x0157, 0x0158,
    0x0159, 0x015A, 0x015B, 0x015C, 0x015D, 0x015E, 0x015F, 0x0160, 0x0161, 0x0163, 0x0165, 0x0167,
    0x0168, 0x0169, 0x016A, 0x016B, 0x016C, 0x016D, 0x016E, 0x016F, 0x0170, 0x0171, 0x0172, 0x0173,
    0x0174, 0x0175, 0x0176, 0x0177, 0x0178, 0x0179, 0x017A, 0x017B, 0x017C, 0x017D, 0x017E, 0x01A0,
    0x01A1, 0x01AF, 0x01B0, 0x01FA, 0x01FB, 0x01FC, 0x01FD, 0x01FE, 0x01FF, 0x0218, 0x0219, 0x021B,
    0x021E, 0x0400, 0x0401, 0x0402, 0x0403, 0x0404, 0x0405, 0x0406, 0x0407, 0x0408, 0x0409, 0x040A,
    0x040B, 0x040C, 0x040D, 0x040E, 0x040F, 0x0410, 0x0411, 0x0412, 0x0413, 0x0414, 0x0415, 0x0416,
    0x0417, 0x0418, 0x0419, 0x041A, 0x041B, 0x041C, 0x041D, 0x041E, 0x041F, 0x0420, 0x0421, 0x0422,
    0x0423, 0x0424, 0x0425, 0x0426, 0x0427, 0x0428, 0x0429, 0x042A, 0x042B, 0x042C, 0x042D, 0x042E,
    0x042F, 0x0430, 0x0431, 0x0432, 0x0433, 0x0434, 0x0435, 0x0436, 0x0437, 0x0438, 0x0439, 0x043A,
    0x043B, 0x043C, 0x043D, 0x043E, 0x043F, 0x0440, 0x0441, 0x0442, 0x0443, 0x0444, 0x0445, 0x0446,
    0x0447, 0x0448, 0x0449, 0x044A, 0x044B, 0x044C, 0x044D, 0x044E, 0x044F, 0x0450, 0x0451, 0x0452,
    0x0453, 0x0454, 0x0455, 0x0456, 0x0457, 0x0458, 0x0459, 0x045A, 0x045B, 0x045C, 0x045D, 0x045E,
    0x045F, 0x0460, 0x0461, 0x0466, 0x046A, 0x046E, 0x0470, 0x0471, 0x0472, 0x0473, 0x0474, 0x0475,
    0x0476, 0x0477, 0x0478, 0x0479, 0x047A, 0x047B, 0x047C, 0x047D, 0x047E, 0x047F, 0x0480, 0x0481,
    0x048B, 0x048F, 0x0496, 0x0497, 0x0498, 0x0499, 0x049F, 0x04A0, 0x04A1, 0x04A8, 0x04A9, 0x04AA,
    0x04AB, 0x04AC, 0x04AE, 0x04AF, 0x04B0, 0x04B1, 0x04B2, 0x04B3, 0x04B4, 0x04B5, 0x04B6, 0x04B7,
    0x04B8, 0x04B9, 0x04C1, 0x04C2, 0x04C5, 0x04C6, 0x04CB, 0x04CC, 0x04CE, 0x04D0, 0x04D1, 0x04D2,
    0x04D3, 0x04D4, 0x04D5, 0x04D7, 0x04D9, 0x04DB, 0x04DC, 0x04DD, 0x04DE, 0x04DF, 0x04E0, 0x04E2,
    0x04E3, 0x04E4, 0x04E5, 0x04E6, 0x04E7, 0x04E8, 0x04E9, 0x04EA, 0x04EB, 0x04EC, 0x04ED, 0x04EE,
    0x04EF, 0x04F0, 0x04F1, 0x04F2, 0x04F3, 0x04F4, 0x04F5, 0x04F8, 0x04F9, 0x04FC, 0x04FD, 0x04FE,
    0x1EA0, 0x1EA1, 0x1EA2, 0x1EA3, 0x1EA4, 0x1EA5, 0x1EA6, 0x1EA7, 0x1EA8, 0x1EA9, 0x1EAA, 0x1EAB,
    0x1EAC, 0x1EAD, 0x1EAE, 0x1EAF, 0x1EB0, 0x1EB1, 0x1EB2, 0x1EB3, 0x1EB4, 0x1EB5, 0x1EB6, 0x1EB7,
    0x1EB8, 0x1EB9, 0x1EBA, 0x1EBB, 0x1EBC, 0x1EBD, 0x1EBE, 0x1EBF, 0x1EC0, 0x1EC1, 0x1EC2, 0x1EC3,
    0x1EC4, 0x1EC5, 0x1EC6, 0x1EC7, 0x1EC9, 0x1ECB, 0x1ECC, 0x1ECD, 0x1ECE, 0x1ECF, 0x1ED0, 0x1ED1,
    0x1ED2, 0x1ED3, 0x1ED4, 0x1ED5, 0x1ED6, 0x1ED7, 0x1ED8, 0x1ED9, 0x1EDA, 0x1EDB, 0x1EDC, 0x1EDD,
    0x1EDE, 0x1EDF, 0x1EE0, 0x1EE1, 0x1EE2, 0x1EE3, 0x1EE4, 0x1EE5, 0x1EE6, 0x1EE7, 0x1EE8, 0x1EE9,
    0x1EEA, 0x1EEB, 0x1EEC, 0x1EED, 0x1EEE, 0x1EEF, 0x1EF0, 0x1EF1, 0x1EF2, 0x1EF3, 0x1EF4, 0x1EF5,
    0x1EF6, 0x1EF7, 0x1EF8, 0x1EF9, 0x2013, 0x2014, 0x2015, 0x2018, 0x2019, 0x201A, 0x201C, 0x201D,
    0x201E, 0x2026, 0x203A, 0x207E, 0x208E,
};

static const uint8_t notoserif_10_bolditalicKernRightClassIds[] = {
      1,   2,   1,   3,   4,   5,   6,   7,   8,   8,   9,  10,  11,  12,  11,  11,
     11,  12,  11,  11,  11,  11,  11,  11,  11,  12,  11,  12,  11,  13,  14,  15,
     16,  17,  18,  19,  20,  21,   3,  22,  23,  24,  25,  25,  25,  26,  24,  27,
     24,  28,  29,  29,  25,  29,  25,  29,  30,  31,  32,  33,  34,  35,  36,  37,
      3,  38,  38,  39,  10,  10,  10,  10,  10,  10,  40,  12,  11,  11,  11,  11,
     11,  11,  11,  11,  11,  11,  12,  12,  12,  12,  12,  12,  15,  15,  15,  15,
     19,  11,  23,  23,  23,  23,  23,  23,  23,  25,  25,  25,  25,  25,  27,  27,
     27,  27,  25,  29,  25,  25,  25,  25,  25,  25,  32,  32,  32,  32,  36,  24,
     36,  10,  23,  10,  23,  10,  23,  12,  25,  12,  25,  12,  25,  12,  25,  11,
     25,  11,  25,  11,  25,  11,  25,  11,  25,  11,  25,  11,  25,  12,  25,  12,
     25,  12,  25,  12,  25,  11,  24,  11,  24,  11,  27,  11,  27,  11,  27,  11,
     27,  11,  11,  27,  11,  11,  24,  29,  11,  28,  11,  28,  11,  28,  11,  28,
     11,  28,  11,  29,  11,  29,  11,  29,  41,  11,  29,  12,  25,  12,  25,  12,
     25,  12,  25,  11,  29,  11,  29,  11,  29,  13,  30,  13,  30,  13,  30,  13,
     30,  31,  31,  31,  15,  32,  15,  32,  15,  32,  15,  32,  15,  32,  15,  32,
     17,  34,  19,  36,  19,  20,  37,  20,  37,  20,  37,  12,  25,  15,  32,  10,
     23,  40,  23,  12,  25,  13,  30,  31,  11,  42,  42,  43,  42,  44,  45,  42,
     42,  46,  47,  42,  43,  42,  42,  48,  42,  49,  42,  42,  42,  50,  42,  51,
     52,  42,  42,  42,  47,  42,  42,  44,  42,  42,  44,  43,  48,  53,  54,  42,
     55,  42,  42,  43,  42,  42,  52,  42,  56,  57,  58,  57,  59,  60,  57,  61,
     62,  63,  63,  64,  65,  65,  64,  57,  64,  66,  57,  64,  67,  57,  68,  63,
     69,  63,  63,  70,  63,  63,  61,  64,  71,  57,  57,  72,  59,  57,  73,  74,
     75,  76,  65,  64,  72,  64,  63,  67,  63,  77,  78,  49,  79,  52,  80,  63,
     77,  81,  80,  82,  80,  82,  77,  81,  77,  81,  77,  81,  77,  78,  77,  81,
     63,  66,  51,  61,  52,  61,  72,  83,  70,  77,  81,  77,  81,  83,  80,  82,
     80,  82,  54,  68,  83,  70,  55,  69,  55,  69,  51,  61,  50,  65,  55,  69,
     84,  49,  81,  49,  81,  85,  81,  81,  81,  81,  51,  61,  52,  61,  52,  42,
     63,  42,  63,  77,  81,  77,  81,  77,  81,  52,  61,  48,  67,  48,  67,  48,
     67,  55,  69,  42,  63,  54,  68,  54,  10,  23,  10,  23,  10,  23,  10,  23,
     10,  23,  10,  23,  10,  23,  10,  23,  10,  23,  10,  23,  10,  23,  10,  23,
     11,  25,  11,  25,  11,  25,  11,  25,  11,  25,  11,  25,  11,  25,  11,  25,
     86,  86,  12,  25,  12,  25,  12,  25,  12,  25,  12,  25,  12,  25,  12,  25,
     12,  25,  12,  25,  12,  25,  12,  25,  12,  25,  15,  32,  15,  32,  15,  32,
     15,  32,  15,  32,  15,  32,  15,  32,  19,  36,  19,  36,  19,  36,  19,  36,
      6,   6,   6,  87,   4,  88,  87,   4,  88,  88,  39,  89,  90,
};

static const uint16_t notoserif_10_bolditalicKernRowOffsets[] = {
        0,     8,    13,    23,    35,    56,    63,    81,    92,    93,   104,   107,   116,   121,   125,   132,
      141,   145,   151,   161,   170,   181,   187,   198,   210,   217,   231,   245,   252,   257,   260,   265,
      267,   269,   280,   284,   290,   296,   300,   305,   309,   314,   319,   337,   352,   355,   371,   382,
      401,   405,   412,   433,   459,   463,   472,   474,   482,   503,   534,   556,   587,   614,   636,   657,
      673,   693,   713,   739,   757,   773,   792,   807,   818,   830,   835,   845,   858,   877,   896,   905,
      925,   951,   966,   972,   979,   996,   999,  1000,  1003,  1005,  1006,  1009,  1018,  1026,  1030,  1032,
     1033,  1034,  1051,  1075,  1076,  1077,  1079,  1080,
};

static const uint8_t notoserif_10_bolditalicKernSparseCols[] = {
      9,  25,  26,  39,  48,  49,  64,  84,  13,  14,  15,  16,  18,  43,  45,  46,
     47,  49,  52,  64,  68,  74,  75,   1,   4,   6,   9,  39,  47,  48,  49,  64,
     80,  84,  87,  11,  13,  14,  15,  16,  18,  32,  33,  35,  42,  43,  46,  47,
     49,  52,  54,  66,  68,  69,  76,  82,  42,  47,  48,  49,  53,  54,  67,   0,
      1,   3,  11,  13,  14,  15,  16,  18,  24,  25,  31,  32,  33,  35,  37,  40,
     86,   3,   9,  13,  15,  16,  17,  18,  19,  33,  35,  39,   1,   0,   4,   6,
      9,  13,  15,  16,  17,  18,  39,  87,  15,  16,  18,   1,   4,   6,   9,  22,
     24,  25,  39,  87,  13,  15,  16,  18,  39,   4,   6,   9,  87,   1,  11,  24,
     25,  31,  33,  35,   0,   3,  13,  14,  15,  16,  18,  32,  86,   1,   4,   6,
     87,   1,   4,   6,   9,  39,  87,   1,   3,  11,  13,  14,  15,  16,  18,  33,
     35,   9,  13,  15,  16,  17,  18,  33,  35,  39,   1,   4,   6,   9,  11,  22,
     24,  25,  39,  40,  87,   1,   4,   6,   9,  39,  87,   1,   4,   6,   9,  11,
     22,  24,  25,  29,  39,  87,   1,   4,   6,   9,  11,  22,  24,  25,  29,  34,
     39,  87,  11,  12,  24,  25,  33,  35,  37,   1,   4,   6,   9,  11,  12,  22,
     24,  25,  29,  34,  36,  39,  87,  42,  43,  45,  47,  49,  52,  54,  56,  57,
     59,  66,  68,  69,  75,   0,  13,  15,  16,  18,  35,  86,  13,  15,  16,  18,
     35,  15,  16,  18,   0,   2,   3,  20,  86,  24,  25,  16,  18,   3,   4,   6,
     15,  16,  17,  18,  22,  24,  25,  87,   0,  15,  16,  18,   4,   6,  15,  16,
     18,  87,   4,   6,  15,  16,  18,  87,   4,   6,  16,  87,   3,  15,  16,  18,
     86,  13,  14,  15,  18,  42,  47,  48,  52,  54,  13,  14,  15,  16,  18,   0,
      1,   3,  11,  13,  14,  15,  16,  18,  24,  25,  31,  32,  33,  35,  37,  40,
     86,   0,   2,   3,   8,  10,  13,  14,  15,  16,  17,  18,  19,  23,  27,  86,
      3,  13,  15,   4,   6,   9,  13,  15,  16,  18,  22,  24,  25,  29,  30,  33,
     34,  35,  87,   3,   4,   6,  26,  28,  30,  31,  33,  35,  85,  87,   4,   6,
      9,  11,  14,  15,  18,  22,  23,  24,  25,  28,  29,  30,  31,  33,  35,  36,
     87,   3,  26,  28,  85,  42,  47,  52,  64,  69,  70,  83,   0,   2,   3,   7,
     21,  42,  45,  47,  48,  49,  50,  52,  53,  54,  55,  64,  66,  67,  68,  82,
     86,   3,   4,   5,   6,   7,  21,  38,  43,  44,  46,  48,  49,  52,  55,  56,
     58,  59,  62,  64,  66,  68,  70,  72,  73,  74,  87,  47,  52,  64,  67,  42,
     47,  48,  49,  52,  53,  54,  78,  82,  52,  64,  46,  48,  49,  52,  62,  64,
     73,  74,   0,   2,   3,   7,  21,  42,  45,  47,  48,  49,  50,  52,  53,  54,
     55,  64,  66,  67,  68,  82,  86,   0,   2,   3,   5,   7,  38,  42,  43,  44,
     45,  47,  51,  52,  54,  56,  58,  59,  61,  62,  64,  66,  68,  73,  74,  75,
     76,  77,  79,  81,  82,  86,   5,  38,  43,  44,  46,  49,  51,  52,  54,  56,
     57,  59,  62,  66,  68,  69,  73,  74,  76,  80,  83,  86,   2,   3,   4,   5,
      6,   7,  20,  21,  38,  43,  44,  46,  48,  49,  52,  55,  56,  58,  59,  60,
     61,  62,  63,  64,  67,  70,  72,  73,  74,  80,  87,   0,   3,   5,  38,  42,
     43,  44,  47,  49,  51,  52,  54,  56,  57,  59,  62,  64,  66,  68,  69,  72,
     73,  74,  76,  82,  83,  86,   3,   7,  21,  42,  44,  45,  47,  48,  49,  50,
     52,  53,  54,  55,  64,  65,  66,  67,  68,  69,  70,  86,   3,   7,  21,  42,
     44,  47,  48,  49,  50,  52,  53,  54,  64,  67,  69,  70,  78,  82,  83,  84,
     86,   2,  21,  43,  45,  52,  56,  58,  59,  61,  62,  64,  69,  70,  73,  74,
     75,   2,   4,   6,   7,  21,  42,  45,  46,  47,  48,  49,  50,  53,  54,  55,
     64,  67,  78,  82,  87,   2,   4,   6,   7,  21,  38,  46,  47,  48,  49,  50,
     51,  53,  54,  55,  64,  66,  67,  70,  87,   2,   3,   4,   6,   7,  21,  38,
     41,  42,  44,  45,  46,  47,  48,  49,  50,  51,  53,  54,  55,  64,  67,  70,
     78,  86,  87,   5,  38,  43,  44,  52,  54,  56,  58,  59,  62,  64,  66,  68,
     69,  73,  74,  76,  83,  41,  42,  46,  47,  48,  49,  50,  53,  54,  55,  60,
     64,  67,  68,  69,  70,   4,   6,  21,  42,  47,  48,  50,  53,  54,  60,  61,
     64,  66,  67,  68,  69,  70,  75,  87,   3,   4,   6,  42,  47,  54,  62,  64,
     66,  67,  68,  73,  74,  82,  87,   3,   4,   6,  42,  47,  54,  64,  67,  70,
     82,  87,   4,   6,  21,  47,  48,  50,  53,  54,  64,  67,  70,  87,  42,  47,
     54,  64,  67,  42,  47,  54,  55,  56,  59,  64,  66,  67,  80,   5,  42,  43,
     46,  47,  49,  51,  52,  54,  56,  57,  58,  59,   4,   6,  21,  42,  47,  48,
     50,  53,  54,  60,  61,  64,  66,  67,  68,  69,  70,  75,  87,   3,  41,  42,
     46,  47,  48,  49,  50,  53,  54,  55,  60,  61,  64,  66,  67,  68,  70,  86,
     42,  47,  54,  55,  56,  59,  64,  67,  80,   2,   4,   6,  21,  42,  46,  47,
     48,  49,  50,  51,  53,  54,  58,  60,  61,  64,  67,  70,  87,   2,   3,  21,
     38,  41,  42,  45,  46,  47,  48,  49,  50,  52,  53,  54,  55,  60,  61,  64,
     67,  68,  69,  70,  72,  75,  86,   0,   3,  42,  46,  47,  52,  54,  62,  66,
     68,  69,  70,  73,  74,  86,  42,  47,  54,  64,  68,  86,   4,   6,  42,  47,
     54,  67,  87,  41,  42,  46,  47,  48,  49,  50,  53,  54,  55,  60,  64,  67,
     68,  69,  70,  71,  54,  64,  70,  64,  54,  69,  83,  49,  64,  64,   4,   6,
     87,   4,   6,  43,  48,  49,  64,  76,  80,  87,   3,   4,   6,  48,  49,  64,
     80,  87,  47,  49,  64,  78,   3,  86,  80,  35,   9,  26,  35,  39,  46,  48,
     49,  62,  64,  66,  68,  71,  73,  74,  75,  80,  84,   9,  22,  24,  25,  29,
     39,  46,  47,  48,  49,  56,  59,  62,  63,  64,  65,  66,  68,  69,  71,  73,
     74,  75,  84,  88,  89,   0,  35,  35,
};

static const int8_t notoserif_10_bolditalicKernSparseValues[] = {
     -27,  -13,    7,  -40,  -27,  -27,  -20,  -40,  -13,   -3,  -17,  -13,  -15,   -7,   10,   -7,
       7,    3,   -7,   -7,   -3,   10,   13,   -7,  -40,  -40,  -17,  -27,   -7,  -17,  -23,  -17,
     -17,  -27,  -40,   -7,  -23,   -3,  -30,  -27,  -23,  -17,   -7,   -7,  -20,   -7,    3,   -7,
       7,  -10,  -43,   -7,  -23,  -23,   -7,  -23,  -13,   -7,   -3,   -3,   -3,  -13,   -7,  -27,
      -7,  -23,   -7,  -20,   -7,  -27,  -23,  -23,   -7,   -7,   -7,  -20,  -10,  -17,  -17,  -17,
     -30,   -7,   -7,   -7,  -13,  -10,   -7,  -13,   -7,   -3,   -7,  -10,   -7,  -10,   -7,  -13,
      -7,   -7,   -7,   -7,   -7,  -10,  -17,   -7,   -7,   -7,   -7,  -13,  -27,  -27,  -23,  -13,
     -13,  -13,  -37,  -27,   -7,   -7,   -7,   -7,   -7,   -7,   -7,   -7,   -7,   -7,   -7,   -7,
      -7,   -7,  -10,  -10,  -20,  -27,  -23,   -7,  -27,  -17,  -20,  -10,  -30,   -7,   -7,   -7,
      -7,   -7,  -40,  -40,  -17,  -27,  -40,   -7,   -7,   -7,   -7,   -3,  -10,  -10,  -10,   -7,
      -7,   -7,   -7,   -7,   -7,   -7,   -7,   -3,   -7,   -7,   -7,  -30,  -30,  -20,   -7,  -10,
     -10,  -10,  -27,   17,  -30,   -7,   -7,   -7,   -7,   -7,   -7,  -10,  -37,  -37,  -27,   -7,
     -20,  -20,  -20,  -13,  -43,  -37,  -10,  -30,  -30,  -20,   -7,  -17,  -20,  -20,  -10,   -7,
     -43,  -30,   -7,   -3,   -3,   -3,  -10,  -17,  -13,  -10,  -27,  -27,  -23,  -10,   -7,  -20,
     -23,  -23,  -20,   -3,   -3,  -30,  -27,  -13,   -7,   20,  -10,   17,  -13,  -37,   -7,   -7,
      -7,   13,  -27,   -7,   20,  -13,   -7,  -17,  -13,  -17,   -7,  -13,  -10,  -20,  -20,  -23,
      -7,  -17,  -17,  -23,   27,   30,   27,   33,   20,   -7,   -7,  -13,   -7,   10,  -70,  -70,
     -10,  -13,  -17,  -10,   -7,   -7,   -7,  -70,   -7,  -10,  -10,  -17,  -17,  -23,  -10,   -7,
     -10,  -23,  -23,  -23,   -7,   -7,  -10,  -23,  -30,  -30,   -7,  -30,   -7,  -13,  -10,  -10,
      -7,   -7,   -3,  -17,  -20,  -17,  -13,   -7,   -3,  -13,  -10,   -3,  -17,  -17,  -17,  -27,
      -7,  -23,   -7,  -20,   -7,  -27,  -23,  -23,   -7,   -7,   -7,  -17,  -10,  -17,  -17,  -17,
     -30,   10,   23,   13,   10,   17,   23,   23,   30,   23,   23,   33,   27,   30,   30,   10,
     -10,  -10,  -17,  -10,  -10,  -13,    7,    7,    7,    7,   -7,   -7,   -7,   -7,   -7,   -7,
      -7,   -7,  -10,    7,   -3,   -3,    3,    7,   10,    7,   10,   10,    3,   -3,  -10,  -10,
     -20,   -7,    3,   10,   10,  -17,    3,  -20,  -20,  -10,  -20,   -7,  -10,   -7,   -7,  -10,
     -10,    7,    3,    7,    3,   -7,   -7,   -5,   -7,   -7,   -7,   -7,  -57,   -7,  -27,   -3,
      -3,  -27,   -5,  -60,   -3,   -3,   -3,   -7,   -7,  -20,   -3,   -5,   -3,   -3,  -10,  -23,
     -50,   10,  -20,  -13,  -20,  -10,  -13,  -17,   -7,   -3,  -10,  -20,  -13,   -8,   -5,  -10,
      -3,  -10,    7,  -20,   13,    3,  -10,   -5,    7,    7,  -20,   -3,   -3,   -3,   -3,   -3,
      -3,   -3,   -3,   -8,   -3,  -10,   -7,   -7,   -3,   -7,   -7,   -7,   -5,   -7,   10,   -7,
      10,   10,  -33,   -7,  -17,   -3,   -3,  -27,   -5,  -30,   -3,   -3,   -3,   -7,   -7,  -20,
      -3,   -5,   -3,   -3,  -10,  -13,  -30,  -40,  -13,  -23,   -7,   -7,  -17,  -30,  -20,  -13,
     -10,  -47,  -13,  -27,  -43,   -7,   -3,   -7,   -3,   -7,   -7,  -13,  -17,   -7,   -7,   -7,
      -3,   -7,  -17,  -10,  -23,  -33,   -7,  -10,  -10,   -3,    3,    7,   -3,  -17,   -7,   -7,
      -3,   -7,   -3,   -3,  -10,  -10,   -3,    2,   -3,   -7,  -10,   -7,    3,   13,  -37,   -7,
     -37,   -7,    7,  -27,  -13,  -17,   -3,  -20,  -47,  -27,  -20,  -13,  -17,  -10,  -27,  -13,
      -3,   -3,   -7,  -40,   -3,   -7,  -13,   -3,   10,  -13,  -37,  -27,  -23,   -3,   -7,  -20,
     -10,   -3,  -27,    5,   -3,  -17,  -40,  -10,   -7,  -10,   -7,   -3,  -20,  -23,  -13,   -3,
      -7,   -7,   -7,  -20,  -13,  -30,   -3,   -7,   -3,   -8,   -3,  -10,  -10,   -3,   -7,   -3,
      -7,   -3,  -13,   -3,   -7,   -3,   -5,   -8,   -7,   -3,   -7,   -7,   -3,   -7,   -3,  -12,
      -3,  -17,   -3,   -5,   -5,   -3,   -3,  -17,   -7,   -3,   -7,   -3,   -7,   -7,   -7,  -10,
      -7,    3,   10,   -3,    7,   -7,   -5,   -3,   -5,   -3,   -3,   -3,   -3,   -3,   -3,    3,
       7,   -7,   -7,   -7,   -7,   -7,   -7,   -5,   -5,  -25,   -7,  -12,   -7,   -7,   -3,   -3,
     -13,   -3,   -7,   -7,   -7,   -7,  -40,  -40,   -7,  -13,   -3,  -17,   -7,  -17,  -23,  -13,
      -5,  -13,   -8,   -3,  -17,   10,   -3,   -3,  -40,   -7,   -3,  -10,  -10,  -10,  -13,   -3,
      -3,  -13,   -7,   -7,  -10,  -30,  -10,  -17,  -13,   -7,  -13,  -10,  -10,  -13,   -7,   -2,
      -7,  -10,  -10,   -7,   -7,   -7,   -3,  -13,   -7,   -5,   -3,   -5,   -2,   -3,   -3,   -5,
     -13,   -2,    7,   -7,  -10,    8,   -7,   17,  -13,   15,   17,   20,   13,  -17,   17,    3,
      10,    5,   -3,   -5,    2,   -7,   -7,   -7,  -13,  -33,   -7,   -3,   -5,  -12,   -3,   -3,
      -7,   -5,  -12,   -5,   -2,   -3,   -3,   -7,   -3,   -3,   -3,  -10,  -20,  -17,   -5,   -5,
      -3,   -5,   -5,   -5,   -5,   -7,   -3,    7,   -7,   -7,   -3,  -13,   -7,  -10,   -3,   -3,
      -7,   -7,   -7,   -7,   -7,  -17,   -7,   -3,   -3,   -5,  -10,   -5,   -5,   -7,   -3,  -13,
      -7,   -3,   -3,   -3,  -13,   -5,    2,   -3,   -3,   -3,    7,   -2,   -7,  -10,   -5,   -3,
       3,  -17,    7,   -3,   -3,  -17,   -7,   -2,   -3,   -7,   -7,   -7,   -7,  -13,  -23,   -7,
      -3,   -5,  -12,   -3,   -3,   -7,   -5,  -12,   -5,   -2,   -3,   -3,   -7,   10,   13,  -13,
      17,  -10,   17,   18,   20,   15,  -20,   17,    8,    2,   12,   -3,    5,   -7,    5,  -10,
      -3,  -13,   -5,    2,   -3,   -3,   -3,   -2,   -7,   -3,   -7,   -7,   -7,   -3,   -5,  -10,
      -7,   -7,   -3,   -7,   -3,  -10,   -3,   -7,   -3,  -23,  -12,   -3,   -7,   13,   -7,   27,
       5,   13,   -7,   20,   18,   -5,   20,   20,   23,   -3,   20,  -17,   22,    8,    3,   13,
       8,   -3,   -5,    7,    7,   10,   -7,  -23,  -20,  -23,    3,  -23,   -3,  -37,   -3,  -12,
     -15,  -17,   -3,   -3,   -3,  -20,   -7,  -33,  -18,  -10,   -3,   -7,   -7,   -7,   -7,  -20,
     -17,   -5,   -7,    8,   -8,   17,  -10,   15,   17,   20,   13,  -17,   17,    3,   10,    5,
      -3,   -5,    2,    3,   -7,  -17,   -7,  -13,   -7,  -10,  -10,  -20,  -23,  -23,  -30,  -30,
     -30,  -23,  -23,   -7,  -20,  -20,  -20,   -7,   -7,  -23,   10,  -23,  -23,  -20,  -13,  -20,
     -13,  -23,   -7,  -17,  -13,   -7,   -7,   -7,   -7,   -7,  -23,    3,    7,  -47,  -10,  -23,
     -20,    7,  -10,   23,   13,   10,   13,   13,   10,  -13,  -47,  -30,   -3,   -3,   -3,  -17,
     -47,  -13,    7,  -23,  -20,   -3,   -3,   13,   13,   -7,   13,   17,   20,   17,   17,   13,
      13,    7,  -47,   23,   27,  -10,   -5,   -5,
};

static const EpdLigaturePair notoserif_10_bolditalicLigaturePairs[] = {
    { 0x00660066, 0xFB00 }, // f f -> U+FB00
    { 0x00660069, 0xFB01 }, // f i -> U+FB01
    { 0x0066006C, 0xFB02 }, // f l -> U+FB02
    { 0xFB000069, 0xFB03 }, // U+FB00 i -> U+FB03
    { 0xFB00006C, 0xFB04 }, // U+FB00 l -> U+FB04
};

static const EpdFontData notoserif_10_bolditalic = {
    notoserif_10_bolditalicBitmaps,
    notoserif_10_bolditalicGlyphs,
    notoserif_10_bolditalicIntervals,
    18,
    28,
    23,
    -7,
    true,
    notoserif_10_bolditalicGroups,
    13,
    nullptr,
    nullptr,  // kernLeftClasses: built-in fonts use the split arrays below
    nullptr,  // kernRightClasses
    notoserif_10_bolditalicKernLeftCodepoints,
    notoserif_10_bolditalicKernLeftClassIds,
    notoserif_10_bolditalicKernRightCodepoints,
    notoserif_10_bolditalicKernRightClassIds,
    nullptr,  // kernMatrix: built-in fonts use the sparse form below
    notoserif_10_bolditalicKernRowOffsets,
    notoserif_10_bolditalicKernSparseCols,
    notoserif_10_bolditalicKernSparseValues,
    551,
    557,
    103,
    90,
    notoserif_10_bolditalicLigaturePairs,
    5,
};
